site_id,date,fc_cloud_mean,fc_cloud_max,fc_clear_hours,fc_rh_mean,fc_wind_max,fc_precip_sum,month_sin,month_cos,site_light,era5_cloud_mean,era5_clear_hours,nasa_power_daily_cloud,clear_night
mosul,2024-02-01,96.0,100,0,67.6,7.3,0.0,0.866,0.5,0.25,80.9,1,28.16,0
mosul,2024-02-02,17.7,50,6,75.3,5.1,0.0,0.866,0.5,0.25,1.5,10,25.52,1
mosul,2024-02-03,55.4,100,4,70.9,3.2,1.5,0.866,0.5,0.25,58.1,2,48.77,0
mosul,2024-02-04,95.8,100,0,88.1,7.4,0.4,0.866,0.5,0.25,65.4,2,85.8,0
mosul,2024-02-05,89.7,99,0,91.5,6.2,3.2,0.866,0.5,0.25,81.7,1,99.38,0
mosul,2024-02-06,91.6,100,0,79.3,3.8,0.0,0.866,0.5,0.25,68.9,2,76.69,0
mosul,2024-02-07,61.6,71,0,84.9,3.4,0.0,0.866,0.5,0.25,14.6,7,60.54,1
mosul,2024-02-08,60.0,100,1,85.3,2.3,0.0,0.866,0.5,0.25,45.4,4,50.76,0
mosul,2024-02-09,78.6,100,0,77.3,3.7,0.6,0.866,0.5,0.25,83.3,0,64.08,0
mosul,2024-02-10,81.2,99,0,78.0,12.5,0.1,0.866,0.5,0.25,4.3,10,69.13,1
mosul,2024-02-11,0.0,0,10,70.4,7.3,0.0,0.866,0.5,0.25,0.0,10,3.32,1
mosul,2024-02-12,99.9,100,0,77.9,5.4,0.0,0.866,0.5,0.25,100.0,0,53.62,0
mosul,2024-02-13,100.0,100,0,65.1,7.0,0.0,0.866,0.5,0.25,99.9,0,98.77,0
mosul,2024-02-14,100.0,100,0,88.4,26.2,15.0,0.866,0.5,0.25,98.9,0,99.63,0
mosul,2024-02-15,87.9,100,0,93.4,7.0,0.1,0.866,0.5,0.25,40.9,6,74.21,1
mosul,2024-02-16,99.9,100,0,89.4,10.5,5.4,0.866,0.5,0.25,99.7,0,84.05,0
mosul,2024-02-17,94.2,100,0,91.3,4.9,4.0,0.866,0.5,0.25,67.5,1,98.36,0
mosul,2024-02-18,23.2,70,7,88.9,3.6,0.0,0.866,0.5,0.25,7.8,9,52.47,1
mosul,2024-02-19,48.8,98,2,81.1,6.8,0.0,0.866,0.5,0.25,35.6,6,53.01,1
mosul,2024-02-20,19.5,47,5,90.2,3.8,0.0,0.866,0.5,0.25,3.9,10,48.14,1
mosul,2024-02-21,0.0,0,10,84.8,6.9,0.0,0.866,0.5,0.25,4.0,10,27.98,1
mosul,2024-02-22,55.2,95,2,76.3,3.9,0.3,0.866,0.5,0.25,40.4,6,15.19,1
mosul,2024-02-23,94.4,100,0,74.0,5.5,0.0,0.866,0.5,0.25,100.0,0,94.42,0
mosul,2024-02-24,22.1,100,8,75.5,5.9,0.0,0.866,0.5,0.25,25.5,7,82.98,1
mosul,2024-02-25,56.3,89,2,38.1,23.1,0.0,0.866,0.5,0.25,62.9,2,12.8,0
mosul,2024-02-26,2.0,13,10,44.5,6.9,0.0,0.866,0.5,0.25,28.8,6,2.86,1
mosul,2024-02-27,11.0,36,8,27.3,8.7,0.0,0.866,0.5,0.25,0.1,10,14.43,1
mosul,2024-02-28,0.0,0,10,54.1,4.7,0.0,0.866,0.5,0.25,0.1,10,4.12,1
mosul,2024-02-29,0.0,0,10,57.9,3.3,0.0,0.866,0.5,0.25,0.0,10,1.76,1
mosul,2024-03-01,8.1,48,8,65.0,4.1,0.0,1.0,0.0,0.25,49.0,5,19.86,0
mosul,2024-03-02,54.6,100,4,50.2,3.1,0.0,1.0,0.0,0.25,27.8,7,29.57,1
mosul,2024-03-03,39.1,69,3,60.3,7.5,0.0,1.0,0.0,0.25,87.3,0,68.8,0
mosul,2024-03-04,0.0,0,10,63.7,5.6,0.0,1.0,0.0,0.25,0.0,10,32.85,1
mosul,2024-03-05,2.1,14,10,64.6,3.9,0.0,1.0,0.0,0.25,0.0,10,10.87,1
mosul,2024-03-06,82.2,100,1,70.8,15.1,2.7,1.0,0.0,0.25,56.9,0,55.3,0
mosul,2024-03-07,27.4,71,5,84.5,5.9,0.0,1.0,0.0,0.25,2.4,10,49.44,1
mosul,2024-03-08,54.5,90,2,67.9,4.0,0.0,1.0,0.0,0.25,8.6,9,21.21,1
mosul,2024-03-09,74.4,98,0,76.3,8.4,0.0,1.0,0.0,0.25,38.2,4,67.48,0
mosul,2024-03-10,5.6,37,9,81.0,8.2,0.0,1.0,0.0,0.25,43.5,5,38.69,0
mosul,2024-03-11,3.7,21,10,61.9,7.2,0.0,1.0,0.0,0.25,1.3,10,16.99,1
mosul,2024-03-12,11.0,87,9,61.8,3.1,0.0,1.0,0.0,0.25,25.1,7,7.46,1
mosul,2024-03-13,80.8,100,0,61.3,3.3,0.0,1.0,0.0,0.25,91.9,0,35.56,0
mosul,2024-03-14,26.8,65,5,53.3,3.4,0.0,1.0,0.0,0.25,0.8,10,43.77,1
mosul,2024-03-15,13.3,50,7,64.3,21.7,0.0,1.0,0.0,0.25,0.0,10,18.77,1
mosul,2024-03-16,41.1,100,3,69.1,5.6,0.0,1.0,0.0,0.25,14.3,9,12.37,1
mosul,2024-03-17,94.5,100,0,56.8,6.9,0.5,1.0,0.0,0.25,94.1,0,67.97,0
mosul,2024-03-18,100.0,100,0,88.7,19.4,3.9,1.0,0.0,0.25,100.0,0,99.95,0
mosul,2024-03-19,99.4,100,0,86.9,21.3,3.4,1.0,0.0,0.25,89.7,0,99.68,0
mosul,2024-03-20,66.5,96,1,83.3,8.7,0.0,1.0,0.0,0.25,40.8,0,95.38,0
mosul,2024-03-21,93.3,100,0,76.1,9.9,1.6,1.0,0.0,0.25,85.2,0,97.8,0
mosul,2024-03-22,66.6,94,0,92.7,8.7,0.2,1.0,0.0,0.25,60.8,2,90.87,0
mosul,2024-03-23,100.0,100,0,84.3,8.2,0.0,1.0,0.0,0.25,99.5,0,80.69,0
mosul,2024-03-24,100.0,100,0,70.6,14.3,1.8,1.0,0.0,0.25,100.0,0,99.27,0
mosul,2024-03-25,36.5,92,6,64.4,7.2,0.0,1.0,0.0,0.25,26.3,6,46.67,1
mosul,2024-03-26,80.0,100,1,85.9,7.0,1.3,1.0,0.0,0.25,78.3,2,95.09,0
mosul,2024-03-27,82.4,100,0,66.2,5.4,0.0,1.0,0.0,0.25,84.3,1,83.33,0
mosul,2024-03-28,0.0,0,10,79.5,2.9,0.0,1.0,0.0,0.25,0.0,10,31.02,1
mosul,2024-03-29,46.8,100,4,67.4,5.4,0.0,1.0,0.0,0.25,89.5,0,35.04,0
mosul,2024-03-30,0.0,0,10,71.7,4.4,0.0,1.0,0.0,0.25,0.5,10,31.15,1
mosul,2024-03-31,0.0,0,10,72.8,4.5,0.0,1.0,0.0,0.25,0.0,10,19.32,1
mosul,2024-04-01,1.0,5,10,69.8,4.3,0.0,0.866,-0.5,0.25,6.9,9,1.35,1
mosul,2024-04-02,22.9,85,6,61.7,5.1,0.0,0.866,-0.5,0.25,11.1,9,7.86,1
mosul,2024-04-03,21.5,62,6,62.6,5.5,0.0,0.866,-0.5,0.25,16.0,9,10.63,1
mosul,2024-04-04,53.5,90,0,60.2,6.1,0.0,0.866,-0.5,0.25,17.8,6,15.0,1
mosul,2024-04-05,66.0,100,3,65.6,6.7,0.0,0.866,-0.5,0.25,62.2,3,20.45,0
mosul,2024-04-06,100.0,100,0,42.6,28.1,1.0,0.866,-0.5,0.25,93.9,0,73.15,0
mosul,2024-04-07,84.6,100,0,72.7,25.3,0.4,0.866,-0.5,0.25,82.9,1,94.82,0
mosul,2024-04-08,89.6,100,0,65.9,6.9,0.0,0.866,-0.5,0.25,52.4,4,85.92,0
mosul,2024-04-09,100.0,100,0,81.7,24.4,12.7,0.866,-0.5,0.25,88.0,0,69.69,0
mosul,2024-04-10,85.0,100,1,91.2,3.3,0.0,0.866,-0.5,0.25,83.1,1,89.03,0
mosul,2024-04-11,65.3,100,3,75.9,3.3,0.0,0.866,-0.5,0.25,46.6,4,64.65,0
mosul,2024-04-12,64.6,100,1,65.1,9.4,0.0,0.866,-0.5,0.25,14.3,8,15.54,1
mosul,2024-04-13,0.0,0,10,64.3,4.7,0.0,0.866,-0.5,0.25,0.0,10,1.2,1
mosul,2024-04-14,98.7,100,0,56.1,12.8,0.2,0.866,-0.5,0.25,94.6,0,24.56,0
mosul,2024-04-15,21.2,100,8,70.7,10.9,0.0,0.866,-0.5,0.25,2.7,10,74.2,1
mosul,2024-04-16,0.0,0,10,55.3,7.4,0.0,0.866,-0.5,0.25,0.0,10,1.35,1
mosul,2024-04-17,13.9,63,8,51.7,4.6,0.0,0.866,-0.5,0.25,28.6,7,1.0,1
mosul,2024-04-18,22.7,78,5,45.1,4.0,0.0,0.866,-0.5,0.25,2.1,10,2.98,1
mosul,2024-04-19,7.5,55,9,53.8,6.1,0.0,0.866,-0.5,0.25,2.3,10,10.58,1
mosul,2024-04-20,98.9,100,0,44.1,9.8,0.0,0.866,-0.5,0.25,99.9,0,49.77,0
mosul,2024-04-21,3.7,21,10,70.5,4.7,0.0,0.866,-0.5,0.25,0.2,10,76.18,1
mosul,2024-04-22,20.1,100,7,38.7,8.7,0.0,0.866,-0.5,0.25,1.3,10,2.36,1
mosul,2024-04-23,8.8,51,8,43.7,6.8,0.0,0.866,-0.5,0.25,6.0,9,58.21,1
mosul,2024-04-24,2.3,14,10,52.4,5.2,0.0,0.866,-0.5,0.25,1.3,10,51.97,1
mosul,2024-04-25,0.7,3,10,52.8,5.1,0.0,0.866,-0.5,0.25,0.0,10,1.5,1
mosul,2024-04-26,13.8,80,8,43.5,4.8,0.0,0.866,-0.5,0.25,2.9,10,2.01,1
mosul,2024-04-27,75.7,100,0,33.4,9.1,0.0,0.866,-0.5,0.25,0.4,10,4.09,1
mosul,2024-04-28,11.8,69,8,35.2,12.6,0.0,0.866,-0.5,0.25,1.8,10,1.95,1
mosul,2024-04-29,82.0,100,1,40.1,18.2,0.1,0.866,-0.5,0.25,97.0,0,32.59,0
mosul,2024-04-30,98.0,100,0,67.8,14.1,0.0,0.866,-0.5,0.25,96.0,0,96.49,0
mosul,2024-05-01,92.7,100,0,91.3,13.7,3.9,0.5,-0.866,0.25,76.6,1,90.62,0
mosul,2024-05-02,97.5,100,0,92.0,5.2,10.2,0.5,-0.866,0.25,86.2,0,90.83,0
mosul,2024-05-03,94.4,100,0,88.9,15.7,13.3,0.5,-0.866,0.25,41.7,7,95.12,1
mosul,2024-05-04,68.3,100,0,79.2,17.0,0.0,0.5,-0.866,0.25,7.2,9,71.52,1
mosul,2024-05-05,86.9,100,1,47.6,16.1,0.2,0.5,-0.866,0.25,82.9,1,44.23,0
mosul,2024-05-06,70.2,99,0,79.3,14.4,2.1,0.5,-0.866,0.25,31.9,5,71.54,0
mosul,2024-05-07,48.6,100,5,86.4,6.5,0.0,0.5,-0.866,0.25,29.4,6,71.94,1
mosul,2024-05-08,0.0,0,10,67.8,8.3,0.0,0.5,-0.866,0.25,5.5,9,46.31,1
mosul,2024-05-09,61.5,100,2,51.9,2.3,0.0,0.5,-0.866,0.25,59.6,4,40.62,0
mosul,2024-05-10,92.9,100,0,43.1,5.4,0.0,0.5,-0.866,0.25,78.7,1,23.59,0
mosul,2024-05-11,75.7,100,0,36.9,21.2,0.0,0.5,-0.866,0.25,39.0,4,86.01,0
mosul,2024-05-12,22.5,100,7,40.0,13.7,0.0,0.5,-0.866,0.25,4.1,10,44.88,1
mosul,2024-05-13,48.8,66,1,57.2,12.1,0.0,0.5,-0.866,0.25,4.5,10,43.57,1
mosul,2024-05-14,19.3,42,6,56.4,10.2,0.0,0.5,-0.866,0.25,5.6,9,43.3,1
mosul,2024-05-15,63.1,93,0,42.2,14.5,0.0,0.5,-0.866,0.25,21.7,7,35.74,1
mosul,2024-05-16,27.2,61,5,39.9,9.2,0.0,0.5,-0.866,0.25,6.5,8,54.19,1
mosul,2024-05-17,33.9,76,4,31.8,18.3,0.0,0.5,-0.866,0.25,3.8,10,12.76,1
mosul,2024-05-18,52.9,100,2,35.0,13.7,0.0,0.5,-0.866,0.25,22.2,7,8.31,1
mosul,2024-05-19,93.6,100,0,39.2,5.1,0.0,0.5,-0.866,0.25,80.7,0,52.51,0
mosul,2024-05-20,18.2,92,8,54.6,14.0,0.0,0.5,-0.866,0.25,0.4,10,47.28,1
mosul,2024-05-21,87.9,100,0,40.8,14.4,0.0,0.5,-0.866,0.25,45.7,3,44.71,0
mosul,2024-05-22,9.4,92,9,47.0,7.1,0.0,0.5,-0.866,0.25,8.4,9,46.71,1
mosul,2024-05-23,48.0,100,4,42.2,14.1,0.0,0.5,-0.866,0.25,64.5,0,50.94,0
mosul,2024-05-24,0.0,0,10,29.0,14.5,0.0,0.5,-0.866,0.25,0.0,10,41.3,1
mosul,2024-05-25,12.1,65,8,38.2,15.2,0.0,0.5,-0.866,0.25,1.0,10,5.47,1
mosul,2024-05-26,1.4,5,10,37.6,10.9,0.0,0.5,-0.866,0.25,0.0,10,24.43,1
mosul,2024-05-27,23.6,100,8,35.6,4.7,0.0,0.5,-0.866,0.25,16.8,8,3.52,1
mosul,2024-05-28,80.0,100,0,24.6,31.9,0.1,0.5,-0.866,0.25,87.3,0,46.34,0
mosul,2024-05-29,32.8,95,4,35.8,8.7,0.0,0.5,-0.866,0.25,13.5,8,64.26,1
mosul,2024-05-30,30.4,55,3,22.7,20.5,0.0,0.5,-0.866,0.25,4.4,10,31.28,1
mosul,2024-05-31,0.0,0,10,24.0,18.8,0.0,0.5,-0.866,0.25,0.0,10,9.87,1
mosul,2024-06-01,3.7,22,10,27.8,8.3,0.0,0.0,-1.0,0.25,0.0,10,0.88,1
mosul,2024-06-02,0.0,0,10,27.3,5.0,0.0,0.0,-1.0,0.25,0.0,10,0.27,1
mosul,2024-06-03,1.3,13,10,25.2,3.3,0.0,0.0,-1.0,0.25,0.0,10,1.0,1
mosul,2024-06-04,4.5,23,10,17.9,15.8,0.0,0.0,-1.0,0.25,0.0,10,0.56,1
mosul,2024-06-05,1.8,15,10,17.2,5.5,0.0,0.0,-1.0,0.25,0.0,10,1.43,1
mosul,2024-06-06,0.0,0,10,23.7,6.9,0.0,0.0,-1.0,0.25,0.0,10,1.56,1
mosul,2024-06-07,6.1,32,9,25.9,9.8,0.0,0.0,-1.0,0.25,0.0,10,1.36,1
mosul,2024-06-08,89.2,100,0,27.7,13.6,0.1,0.0,-1.0,0.25,27.2,5,12.26,0
mosul,2024-06-09,21.1,100,8,21.1,16.4,0.0,0.0,-1.0,0.25,2.9,10,38.32,1
mosul,2024-06-10,73.8,100,0,29.8,18.2,0.1,0.0,-1.0,0.25,27.1,6,72.39,1
mosul,2024-06-11,0.3,2,10,23.3,15.9,0.0,0.0,-1.0,0.25,0.0,10,14.21,1
mosul,2024-06-12,0.1,1,10,25.5,9.0,0.0,0.0,-1.0,0.25,3.0,10,2.83,1
mosul,2024-06-13,2.1,15,10,22.8,16.3,0.0,0.0,-1.0,0.25,0.0,10,2.82,1
mosul,2024-06-14,0.0,0,10,19.5,7.5,0.0,0.0,-1.0,0.25,0.0,10,1.19,1
mosul,2024-06-15,0.1,1,10,20.7,6.7,0.0,0.0,-1.0,0.25,0.1,10,3.38,1
mosul,2024-06-16,1.5,9,10,18.4,14.3,0.0,0.0,-1.0,0.25,2.6,10,23.93,1
mosul,2024-06-17,10.7,62,9,14.4,11.6,0.0,0.0,-1.0,0.25,0.0,10,6.08,1
mosul,2024-06-18,0.0,0,10,21.4,19.2,0.0,0.0,-1.0,0.25,0.0,10,5.02,1
mosul,2024-06-19,0.0,0,10,16.3,12.1,0.0,0.0,-1.0,0.25,0.0,10,10.52,1
mosul,2024-06-20,59.5,100,1,21.2,6.6,0.0,0.0,-1.0,0.25,9.0,7,4.55,1
mosul,2024-06-21,2.9,14,10,17.1,19.2,0.0,0.0,-1.0,0.25,0.0,10,34.32,1
mosul,2024-06-22,47.2,81,2,21.0,11.5,0.0,0.0,-1.0,0.25,12.8,9,25.4,1
mosul,2024-06-23,24.6,100,6,19.7,15.6,0.0,0.0,-1.0,0.25,25.2,6,21.23,1
mosul,2024-06-24,0.0,0,10,33.6,8.7,0.0,0.0,-1.0,0.25,0.0,10,37.6,1
mosul,2024-06-25,29.1,50,4,24.4,6.3,0.0,0.0,-1.0,0.25,6.7,9,4.71,1
mosul,2024-06-26,0.0,0,10,16.3,23.3,0.0,0.0,-1.0,0.25,0.0,10,13.95,1
mosul,2024-06-27,0.0,0,10,18.0,6.5,0.0,0.0,-1.0,0.25,0.0,10,8.94,1
mosul,2024-06-28,0.0,0,10,13.0,12.6,0.0,0.0,-1.0,0.25,0.0,10,4.83,1
mosul,2024-06-29,0.1,1,10,18.0,9.8,0.0,0.0,-1.0,0.25,0.0,10,8.03,1
mosul,2024-06-30,4.3,31,9,17.7,14.8,0.0,0.0,-1.0,0.25,0.0,10,5.0,1
mosul,2024-07-01,30.0,60,3,26.8,19.6,0.0,-0.5,-0.866,0.25,0.0,10,40.51,1
mosul,2024-07-02,32.2,53,3,19.9,20.7,0.0,-0.5,-0.866,0.25,0.0,10,7.32,1
mosul,2024-07-03,0.0,0,10,21.6,14.7,0.0,-0.5,-0.866,0.25,0.0,10,7.36,1
mosul,2024-07-04,0.0,0,10,18.7,10.6,0.0,-0.5,-0.866,0.25,0.0,10,2.23,1
mosul,2024-07-05,0.6,4,10,14.7,23.7,0.0,-0.5,-0.866,0.25,0.0,10,3.75,1
mosul,2024-07-06,0.0,0,10,25.3,21.4,0.0,-0.5,-0.866,0.25,0.0,10,7.05,1
mosul,2024-07-07,15.7,46,6,31.1,10.8,0.0,-0.5,-0.866,0.25,0.0,10,7.09,1
mosul,2024-07-08,43.7,65,3,28.4,10.5,0.0,-0.5,-0.866,0.25,0.0,10,7.21,1
mosul,2024-07-09,37.4,70,3,26.2,8.1,0.0,-0.5,-0.866,0.25,0.5,10,15.91,1
mosul,2024-07-10,3.1,20,10,18.6,14.5,0.0,-0.5,-0.866,0.25,4.5,9,30.41,1
mosul,2024-07-11,2.8,13,10,17.8,12.2,0.0,-0.5,-0.866,0.25,17.4,8,15.64,1
mosul,2024-07-12,0.0,0,10,17.0,14.0,0.0,-0.5,-0.866,0.25,0.0,10,6.61,1
mosul,2024-07-13,0.0,0,10,21.8,12.3,0.0,-0.5,-0.866,0.25,0.0,10,10.57,1
mosul,2024-07-14,26.6,46,4,28.9,9.2,0.0,-0.5,-0.866,0.25,0.0,10,8.12,1
mosul,2024-07-15,14.4,34,6,27.2,11.8,0.0,-0.5,-0.866,0.25,0.1,10,13.72,1
mosul,2024-07-16,9.2,30,9,22.6,10.2,0.0,-0.5,-0.866,0.25,0.0,10,7.54,1
mosul,2024-07-17,0.0,0,10,19.0,12.0,0.0,-0.5,-0.866,0.25,0.0,10,3.6,1
mosul,2024-07-18,0.3,3,10,27.1,7.1,0.0,-0.5,-0.866,0.25,0.4,10,7.22,1
mosul,2024-07-19,52.9,74,0,20.9,15.2,0.0,-0.5,-0.866,0.25,0.3,10,7.44,1
mosul,2024-07-20,6.2,20,10,20.3,18.9,0.0,-0.5,-0.866,0.25,0.0,10,14.06,1
mosul,2024-07-21,0.1,1,10,20.7,14.4,0.0,-0.5,-0.866,0.25,0.4,10,2.6,1
mosul,2024-07-22,1.1,5,10,22.6,8.9,0.0,-0.5,-0.866,0.25,0.0,10,6.42,1
mosul,2024-07-23,4.3,26,9,18.3,14.0,0.0,-0.5,-0.866,0.25,0.0,10,4.37,1
mosul,2024-07-24,4.9,22,10,15.1,13.6,0.0,-0.5,-0.866,0.25,0.1,10,4.4,1
mosul,2024-07-25,0.0,0,10,17.7,14.9,0.0,-0.5,-0.866,0.25,0.0,10,5.18,1
mosul,2024-07-26,3.1,23,10,26.2,16.9,0.0,-0.5,-0.866,0.25,0.0,10,2.89,1
mosul,2024-07-27,4.5,19,10,25.1,9.6,0.0,-0.5,-0.866,0.25,0.0,10,4.39,1
mosul,2024-07-28,2.4,14,10,20.6,6.5,0.0,-0.5,-0.866,0.25,0.0,10,7.03,1
mosul,2024-07-29,3.8,18,10,22.3,21.7,0.0,-0.5,-0.866,0.25,0.0,10,10.14,1
mosul,2024-07-30,0.0,0,10,20.6,7.5,0.0,-0.5,-0.866,0.25,0.0,10,6.24,1
mosul,2024-07-31,0.0,0,10,26.4,10.0,0.0,-0.5,-0.866,0.25,0.0,10,2.87,1
mosul,2024-08-01,7.1,17,10,20.6,9.4,0.0,-0.866,-0.5,0.25,0.0,10,4.2,1
mosul,2024-08-02,18.5,38,5,21.0,10.3,0.0,-0.866,-0.5,0.25,0.0,10,4.18,1
mosul,2024-08-03,23.7,45,4,15.9,12.1,0.0,-0.866,-0.5,0.25,0.0,10,3.38,1
mosul,2024-08-04,0.7,4,10,16.7,11.2,0.0,-0.866,-0.5,0.25,0.0,10,8.13,1
mosul,2024-08-05,0.0,0,10,18.5,9.5,0.0,-0.866,-0.5,0.25,0.0,10,3.29,1
mosul,2024-08-06,0.0,0,10,19.3,7.9,0.0,-0.866,-0.5,0.25,0.0,10,2.82,1
mosul,2024-08-07,0.7,7,10,19.1,9.4,0.0,-0.866,-0.5,0.25,0.0,10,2.38,1
mosul,2024-08-08,0.1,1,10,16.8,12.1,0.0,-0.866,-0.5,0.25,0.0,10,9.78,1
mosul,2024-08-09,0.2,2,10,18.2,14.2,0.0,-0.866,-0.5,0.25,0.0,10,15.94,1
mosul,2024-08-10,0.0,0,10,21.0,15.8,0.0,-0.866,-0.5,0.25,0.0,10,7.98,1
mosul,2024-08-11,0.1,1,10,15.9,11.2,0.0,-0.866,-0.5,0.25,0.0,10,4.96,1
mosul,2024-08-12,8.4,29,8,19.0,14.8,0.0,-0.866,-0.5,0.25,0.1,10,5.49,1
mosul,2024-08-13,5.1,39,9,25.7,7.9,0.0,-0.866,-0.5,0.25,0.0,10,4.45,1
mosul,2024-08-14,13.7,39,7,21.9,7.6,0.0,-0.866,-0.5,0.25,0.0,10,10.15,1
mosul,2024-08-15,1.8,18,10,18.9,9.0,0.0,-0.866,-0.5,0.25,0.0,10,2.79,1
mosul,2024-08-16,1.3,12,10,23.7,14.8,0.0,-0.866,-0.5,0.25,0.1,10,7.41,1
mosul,2024-08-17,4.9,27,9,27.2,11.9,0.0,-0.866,-0.5,0.25,0.0,10,9.81,1
mosul,2024-08-18,30.0,66,5,27.0,6.9,0.0,-0.866,-0.5,0.25,0.4,10,13.95,1
mosul,2024-08-19,16.5,49,8,26.2,7.7,0.0,-0.866,-0.5,0.25,0.0,10,5.09,1
mosul,2024-08-20,0.9,7,10,17.9,15.9,0.0,-0.866,-0.5,0.25,0.0,10,4.59,1
mosul,2024-08-21,4.6,25,9,20.9,14.2,0.0,-0.866,-0.5,0.25,0.0,10,3.69,1
mosul,2024-08-22,0.0,0,10,21.9,7.2,0.0,-0.866,-0.5,0.25,0.0,10,6.36,1
mosul,2024-08-23,0.0,0,10,26.7,7.1,0.0,-0.866,-0.5,0.25,0.0,10,3.92,1
mosul,2024-08-24,0.2,2,10,19.6,11.7,0.0,-0.866,-0.5,0.25,0.0,10,13.5,1
mosul,2024-08-25,0.0,0,10,31.1,15.8,0.0,-0.866,-0.5,0.25,0.0,10,18.46,1
mosul,2024-08-26,0.0,0,10,27.6,11.9,0.0,-0.866,-0.5,0.25,0.0,10,2.87,1
mosul,2024-08-27,4.8,46,9,23.5,9.3,0.0,-0.866,-0.5,0.25,4.5,9,22.93,1
mosul,2024-08-28,0.0,0,10,24.5,12.3,0.0,-0.866,-0.5,0.25,0.0,10,4.55,1
mosul,2024-08-29,12.9,25,9,25.4,13.6,0.0,-0.866,-0.5,0.25,0.0,10,8.66,1
mosul,2024-08-30,0.0,0,10,28.0,16.3,0.0,-0.866,-0.5,0.25,0.0,10,6.58,1
mosul,2024-08-31,0.0,0,10,32.8,6.3,0.0,-0.866,-0.5,0.25,0.0,10,10.1,1
mosul,2024-09-01,0.0,0,10,31.9,11.3,0.0,-1.0,-0.0,0.25,0.0,10,5.08,1
mosul,2024-09-02,0.0,0,10,28.0,14.6,0.0,-1.0,-0.0,0.25,0.0,10,6.14,1
mosul,2024-09-03,0.0,0,10,28.4,11.5,0.0,-1.0,-0.0,0.25,0.0,10,5.42,1
mosul,2024-09-04,0.1,1,10,34.0,8.9,0.0,-1.0,-0.0,0.25,0.0,10,10.87,1
mosul,2024-09-05,24.9,49,5,35.8,8.4,0.0,-1.0,-0.0,0.25,0.0,10,5.23,1
mosul,2024-09-06,0.0,0,10,34.0,8.1,0.0,-1.0,-0.0,0.25,0.0,10,3.21,1
mosul,2024-09-07,0.0,0,10,29.0,5.3,0.0,-1.0,-0.0,0.25,0.5,10,4.93,1
mosul,2024-09-08,49.2,73,0,32.9,6.5,0.0,-1.0,-0.0,0.25,11.2,8,6.74,1
mosul,2024-09-09,17.8,45,8,28.3,3.4,0.0,-1.0,-0.0,0.25,9.2,8,25.81,1
mosul,2024-09-10,0.0,0,10,23.2,15.1,0.0,-1.0,-0.0,0.25,0.9,10,18.85,1
mosul,2024-09-11,0.0,0,10,23.1,16.6,0.0,-1.0,-0.0,0.25,0.1,10,7.96,1
mosul,2024-09-12,37.5,61,2,27.6,9.0,0.0,-1.0,-0.0,0.25,0.0,10,4.62,1
mosul,2024-09-13,1.3,8,10,36.2,6.2,0.0,-1.0,-0.0,0.25,0.0,10,4.82,1
mosul,2024-09-14,0.5,5,10,34.4,5.8,0.0,-1.0,-0.0,0.25,0.0,10,7.58,1
mosul,2024-09-15,3.2,12,10,27.1,10.5,0.0,-1.0,-0.0,0.25,0.0,10,10.02,1
mosul,2024-09-16,7.7,26,9,38.3,10.9,0.0,-1.0,-0.0,0.25,0.0,10,8.14,1
mosul,2024-09-17,6.5,21,10,41.7,11.5,0.0,-1.0,-0.0,0.25,0.1,10,7.7,1
mosul,2024-09-18,81.8,100,1,40.6,7.3,0.0,-1.0,-0.0,0.25,71.9,3,24.25,0
mosul,2024-09-19,68.4,100,2,38.0,4.7,0.0,-1.0,-0.0,0.25,31.2,5,64.65,0
mosul,2024-09-20,73.6,100,2,51.6,4.8,0.0,-1.0,-0.0,0.25,59.7,3,61.78,0
mosul,2024-09-21,63.0,78,0,44.3,14.4,0.0,-1.0,-0.0,0.25,33.7,3,63.99,0
mosul,2024-09-22,98.0,100,0,39.8,9.7,0.0,-1.0,-0.0,0.25,85.5,0,61.34,0
mosul,2024-09-23,20.8,100,7,39.9,9.5,0.0,-1.0,-0.0,0.25,0.0,10,43.01,1
mosul,2024-09-24,11.0,62,8,35.3,10.0,0.0,-1.0,-0.0,0.25,0.6,10,9.36,1
mosul,2024-09-25,0.0,0,10,34.5,7.6,0.0,-1.0,-0.0,0.25,0.0,10,3.38,1
mosul,2024-09-26,0.0,0,10,33.7,5.4,0.0,-1.0,-0.0,0.25,0.0,10,6.13,1
mosul,2024-09-27,15.6,68,8,32.3,6.9,0.0,-1.0,-0.0,0.25,0.0,10,3.56,1
mosul,2024-09-28,4.2,29,9,25.3,12.5,0.0,-1.0,-0.0,0.25,0.0,10,1.55,1
mosul,2024-09-29,0.8,7,10,20.0,5.2,0.0,-1.0,-0.0,0.25,0.0,10,2.67,1
mosul,2024-09-30,0.0,0,10,30.7,5.7,0.0,-1.0,-0.0,0.25,0.0,10,2.56,1
mosul,2024-10-01,32.0,72,6,34.8,10.2,0.0,-0.866,0.5,0.25,6.3,10,23.44,1
mosul,2024-10-02,9.8,55,8,36.8,9.1,0.0,-0.866,0.5,0.25,0.7,10,28.74,1
mosul,2024-10-03,0.0,0,10,38.2,6.4,0.0,-0.866,0.5,0.25,0.0,10,1.7,1
mosul,2024-10-04,0.0,0,10,34.2,4.7,0.0,-0.866,0.5,0.25,0.0,10,4.03,1
mosul,2024-10-05,0.0,0,10,32.0,4.7,0.0,-0.866,0.5,0.25,0.0,10,3.57,1
mosul,2024-10-06,39.3,99,5,31.9,6.5,0.0,-0.866,0.5,0.25,10.2,9,7.87,1
mosul,2024-10-07,0.0,0,10,30.4,5.0,0.0,-0.866,0.5,0.25,0.0,10,6.63,1
mosul,2024-10-08,60.0,78,1,27.8,5.7,0.0,-0.866,0.5,0.25,3.1,10,13.44,1
mosul,2024-10-09,0.0,0,10,28.1,6.4,0.0,-0.866,0.5,0.25,0.0,10,6.51,1
mosul,2024-10-10,38.5,81,3,34.9,6.4,0.0,-0.866,0.5,0.25,58.8,4,3.61,0
mosul,2024-10-11,86.0,100,0,28.2,6.1,0.0,-0.866,0.5,0.25,80.8,0,51.04,0
mosul,2024-10-12,21.7,93,7,36.2,4.9,0.0,-0.866,0.5,0.25,18.9,8,79.29,1
mosul,2024-10-13,2.0,16,10,36.9,5.6,0.0,-0.866,0.5,0.25,13.3,8,11.4,1
mosul,2024-10-14,24.9,80,6,37.4,5.7,0.0,-0.866,0.5,0.25,38.6,5,23.36,0
mosul,2024-10-15,22.9,60,6,49.6,3.8,0.0,-0.866,0.5,0.25,2.3,10,3.19,1
mosul,2024-10-16,85.8,100,0,45.5,4.8,0.0,-0.866,0.5,0.25,58.9,1,38.73,0
mosul,2024-10-17,75.6,97,0,38.4,10.5,0.0,-0.866,0.5,0.25,65.9,2,79.92,0
mosul,2024-10-18,67.2,100,3,29.3,10.8,0.0,-0.866,0.5,0.25,62.6,1,73.83,0
mosul,2024-10-19,9.0,46,8,28.4,12.4,0.0,-0.866,0.5,0.25,0.0,10,23.19,1
mosul,2024-10-20,81.0,100,0,27.1,8.4,0.0,-0.866,0.5,0.25,27.9,5,2.81,0
mosul,2024-10-21,17.9,82,8,46.2,4.1,0.0,-0.866,0.5,0.25,0.0,10,12.57,1
mosul,2024-10-22,42.4,100,5,45.5,13.3,0.0,-0.866,0.5,0.25,37.0,5,65.02,0
mosul,2024-10-23,0.8,4,10,40.0,5.9,0.0,-0.866,0.5,0.25,1.6,10,36.99,1
mosul,2024-10-24,0.0,0,10,36.8,7.2,0.0,-0.866,0.5,0.25,0.0,10,5.31,1
mosul,2024-10-25,33.9,83,5,39.8,4.4,0.0,-0.866,0.5,0.25,42.0,5,1.22,0
mosul,2024-10-26,13.2,59,7,34.0,6.7,0.0,-0.866,0.5,0.25,0.0,10,2.12,1
mosul,2024-10-27,0.0,0,10,35.7,6.1,0.0,-0.866,0.5,0.25,0.0,10,1.68,1
mosul,2024-10-28,22.4,100,7,34.0,5.4,0.0,-0.866,0.5,0.25,4.2,9,2.2,1
mosul,2024-10-29,88.1,100,0,37.4,5.5,0.0,-0.866,0.5,0.25,98.8,0,8.85,0
mosul,2024-10-30,91.7,100,0,34.4,3.8,0.0,-0.866,0.5,0.25,36.3,6,20.23,1
mosul,2024-10-31,26.2,85,7,42.8,4.7,0.0,-0.866,0.5,0.25,9.3,8,25.02,1
mosul,2024-11-01,79.3,100,0,52.2,3.7,0.0,-0.5,0.866,0.25,16.3,8,48.39,1
mosul,2024-11-02,95.8,100,0,85.9,7.9,6.9,-0.5,0.866,0.25,88.9,1,65.81,0
mosul,2024-11-03,89.8,94,0,92.1,5.5,1.7,-0.5,0.866,0.25,37.2,3,71.31,0
mosul,2024-11-04,47.6,85,1,95.6,2.5,0.0,-0.5,0.866,0.25,11.9,10,64.13,1
mosul,2024-11-05,40.8,78,3,87.2,5.4,0.0,-0.5,0.866,0.25,0.8,10,42.73,1
mosul,2024-11-06,0.0,0,10,69.0,5.9,0.0,-0.5,0.866,0.25,0.0,10,4.96,1
mosul,2024-11-07,0.0,0,10,64.0,5.8,0.0,-0.5,0.866,0.25,0.0,10,1.69,1
mosul,2024-11-08,2.5,25,9,58.7,5.4,0.0,-0.5,0.866,0.25,5.7,9,0.94,1
mosul,2024-11-09,36.4,100,6,63.8,5.1,0.0,-0.5,0.866,0.25,39.5,6,13.53,1
mosul,2024-11-10,88.4,100,0,53.1,3.8,0.3,-0.5,0.866,0.25,60.3,3,32.76,0
mosul,2024-11-11,66.3,96,0,89.7,11.9,0.5,-0.5,0.866,0.25,36.0,2,87.93,0
mosul,2024-11-12,20.4,99,7,78.5,6.1,0.0,-0.5,0.866,0.25,50.2,5,36.01,0
mosul,2024-11-13,16.0,68,8,76.0,5.2,0.0,-0.5,0.866,0.25,39.7,6,2.67,1
mosul,2024-11-14,50.8,97,4,69.3,3.1,0.0,-0.5,0.866,0.25,44.7,5,17.12,0
mosul,2024-11-15,5.5,53,9,75.1,2.6,0.0,-0.5,0.866,0.25,0.3,10,17.27,1
mosul,2024-11-16,60.5,78,0,73.3,3.8,0.0,-0.5,0.866,0.25,19.2,8,36.19,1
mosul,2024-11-17,51.5,81,2,68.1,3.1,0.0,-0.5,0.866,0.25,35.0,5,61.66,0
mosul,2024-11-18,52.3,66,1,70.9,3.4,0.0,-0.5,0.866,0.25,18.8,7,61.11,1
mosul,2024-11-19,83.7,100,0,71.6,4.3,0.0,-0.5,0.866,0.25,50.4,5,60.39,0
mosul,2024-11-20,0.3,3,10,74.5,4.6,0.0,-0.5,0.866,0.25,3.1,10,41.16,1
mosul,2024-11-21,18.8,53,6,72.0,4.6,0.0,-0.5,0.866,0.25,1.8,10,27.02,1
mosul,2024-11-22,0.1,1,10,69.3,5.3,0.0,-0.5,0.866,0.25,0.0,10,16.23,1
mosul,2024-11-23,1.0,10,10,68.8,4.7,0.0,-0.5,0.866,0.25,9.2,8,5.15,1
mosul,2024-11-24,93.8,100,0,65.6,16.7,2.1,-0.5,0.866,0.25,70.6,1,49.32,0
mosul,2024-11-25,6.3,63,9,59.9,5.0,0.0,-0.5,0.866,0.25,0.0,10,65.27,1
mosul,2024-11-26,70.7,100,1,83.3,7.4,1.7,-0.5,0.866,0.25,92.0,0,65.04,0
mosul,2024-11-27,20.0,100,8,73.3,6.7,0.0,-0.5,0.866,0.25,0.9,10,73.87,1
mosul,2024-11-28,3.6,21,10,82.9,3.9,0.0,-0.5,0.866,0.25,0.0,10,25.8,1
mosul,2024-11-29,2.7,14,10,81.5,4.4,0.0,-0.5,0.866,0.25,0.1,10,6.01,1
mosul,2024-11-30,0.0,0,10,74.9,5.2,0.0,-0.5,0.866,0.25,0.0,10,1.35,1
mosul,2024-12-01,0.0,0,10,69.6,5.5,0.0,-0.0,1.0,0.25,0.0,10,8.58,1
mosul,2024-12-02,0.0,0,10,67.3,4.7,0.0,-0.0,1.0,0.25,0.0,10,1.42,1
mosul,2024-12-03,2.0,15,10,78.2,3.7,0.0,-0.0,1.0,0.25,0.1,10,2.35,1
mosul,2024-12-04,39.0,97,3,72.8,4.7,0.0,-0.0,1.0,0.25,3.5,10,1.32,1
mosul,2024-12-05,32.9,100,6,63.6,5.2,0.0,-0.0,1.0,0.25,3.4,9,54.84,1
mosul,2024-12-06,63.9,100,1,74.0,4.7,0.0,-0.0,1.0,0.25,65.4,2,14.53,0
mosul,2024-12-07,100.0,100,0,73.6,4.1,0.0,-0.0,1.0,0.25,100.0,0,72.46,0
mosul,2024-12-08,69.5,90,1,66.5,10.0,0.0,-0.0,1.0,0.25,87.9,0,98.04,0
mosul,2024-12-09,0.3,3,10,69.6,5.3,0.0,-0.0,1.0,0.25,4.9,9,16.31,1
mosul,2024-12-10,3.0,20,10,67.3,4.8,0.0,-0.0,1.0,0.25,1.3,10,3.23,1
mosul,2024-12-11,93.6,100,0,63.8,2.8,0.0,-0.0,1.0,0.25,94.9,0,61.74,0
mosul,2024-12-12,97.9,100,0,74.1,4.8,2.5,-0.0,1.0,0.25,88.6,0,93.59,0
mosul,2024-12-13,3.0,30,9,58.1,9.6,0.0,-0.0,1.0,0.25,0.0,10,43.31,1
mosul,2024-12-14,0.0,0,10,34.6,12.1,0.0,-0.0,1.0,0.25,0.0,10,3.34,1
mosul,2024-12-15,57.0,100,3,48.0,4.5,0.0,-0.0,1.0,0.25,60.7,4,41.65,0
mosul,2024-12-16,100.0,100,0,49.0,4.1,0.0,-0.0,1.0,0.25,99.9,0,81.4,0
mosul,2024-12-17,0.0,0,10,68.2,5.5,0.0,-0.0,1.0,0.25,0.0,10,39.82,1
mosul,2024-12-18,0.0,0,10,68.8,5.1,0.0,-0.0,1.0,0.25,0.0,10,1.22,1
mosul,2024-12-19,82.7,100,1,72.1,4.0,0.0,-0.0,1.0,0.25,48.2,2,6.71,0
mosul,2024-12-20,97.5,100,0,88.0,6.3,3.3,-0.0,1.0,0.25,100.0,0,88.73,0
mosul,2024-12-21,29.7,100,6,79.1,4.8,0.0,-0.0,1.0,0.25,0.0,10,35.85,1
mosul,2024-12-22,90.6,98,0,85.6,3.4,0.0,-0.0,1.0,0.25,91.2,0,43.42,0
mosul,2024-12-23,98.4,100,0,75.0,2.7,0.0,-0.0,1.0,0.25,96.3,0,79.07,0
mosul,2024-12-24,7.3,27,9,85.9,3.4,0.0,-0.0,1.0,0.25,0.0,10,61.16,1
mosul,2024-12-25,16.3,43,7,88.8,3.9,0.0,-0.0,1.0,0.25,1.4,10,0.91,1
mosul,2024-12-26,98.4,100,0,62.9,7.6,1.3,-0.0,1.0,0.25,99.7,0,26.9,0
mosul,2024-12-27,78.9,100,1,78.5,24.7,0.2,-0.0,1.0,0.25,17.3,8,96.94,1
mosul,2024-12-28,65.9,96,2,78.8,4.0,0.0,-0.0,1.0,0.25,58.0,3,61.87,0
mosul,2024-12-29,17.1,79,8,77.8,3.1,0.0,-0.0,1.0,0.25,10.2,8,44.22,1
mosul,2024-12-30,99.7,100,0,80.2,4.7,0.0,-0.0,1.0,0.25,96.8,0,94.25,0
mosul,2024-12-31,0.0,0,10,75.1,5.6,0.0,-0.0,1.0,0.25,1.9,10,76.48,1
mosul,2025-01-01,0.0,0,10,55.1,6.3,0.0,0.5,0.866,0.25,0.3,10,1.98,1
mosul,2025-01-02,0.0,0,10,50.8,6.8,0.0,0.5,0.866,0.25,0.0,10,1.99,1
mosul,2025-01-03,0.0,0,10,61.8,5.3,0.0,0.5,0.866,0.25,0.0,10,1.67,1
mosul,2025-01-04,81.6,100,0,63.3,4.1,0.0,0.5,0.866,0.25,74.9,1,30.32,0
mosul,2025-01-05,93.0,100,0,70.6,4.4,1.0,0.5,0.866,0.25,100.0,0,74.75,0
mosul,2025-01-06,3.7,33,9,69.5,6.1,0.0,0.5,0.866,0.25,0.2,10,63.22,1
mosul,2025-01-07,0.0,0,10,67.2,5.5,0.0,0.5,0.866,0.25,0.0,10,1.33,1
mosul,2025-01-08,0.0,0,10,62.6,5.6,0.0,0.5,0.866,0.25,0.0,10,1.29,1
mosul,2025-01-09,0.0,0,10,63.6,4.6,0.0,0.5,0.866,0.25,0.0,10,0.55,1
mosul,2025-01-10,0.0,0,10,59.4,3.0,0.0,0.5,0.866,0.25,0.0,10,1.63,1
mosul,2025-01-11,99.1,100,0,90.4,5.8,1.6,0.5,0.866,0.25,100.0,0,72.76,0
mosul,2025-01-12,11.0,32,8,88.9,4.2,0.0,0.5,0.866,0.25,0.0,10,63.7,1
mosul,2025-01-13,5.5,19,10,88.7,4.7,0.0,0.5,0.866,0.25,1.8,10,4.16,1
mosul,2025-01-14,100.0,100,0,79.9,4.3,0.0,0.5,0.866,0.25,79.3,1,34.79,0
mosul,2025-01-15,5.7,34,9,78.2,3.1,0.0,0.5,0.866,0.25,0.5,10,15.09,1
mosul,2025-01-16,4.7,16,10,84.0,4.3,0.0,0.5,0.866,0.25,0.0,10,12.52,1
mosul,2025-01-17,1.9,16,10,83.0,4.6,0.0,0.5,0.866,0.25,0.0,10,3.28,1
mosul,2025-01-18,45.6,100,4,69.5,4.9,0.0,0.5,0.866,0.25,26.6,5,27.03,0
mosul,2025-01-19,92.8,100,0,66.7,6.0,0.0,0.5,0.866,0.25,98.5,0,45.72,0
mosul,2025-01-20,21.0,83,7,76.7,7.9,0.0,0.5,0.866,0.25,0.7,10,68.44,1
mosul,2025-01-21,0.0,0,10,76.5,4.4,0.0,0.5,0.866,0.25,1.3,10,2.54,1
mosul,2025-01-22,99.8,100,0,55.2,2.5,0.0,0.5,0.866,0.25,97.9,0,39.93,0
mosul,2025-01-23,94.1,100,0,71.1,4.5,0.1,0.5,0.866,0.25,71.6,2,90.6,0
mosul,2025-01-24,52.9,83,0,62.4,7.6,0.0,0.5,0.866,0.25,1.0,10,60.61,1
mosul,2025-01-25,39.4,66,4,66.3,5.2,0.0,0.5,0.866,0.25,7.4,10,34.01,1
mosul,2025-01-26,17.3,100,8,52.7,5.7,0.0,0.5,0.866,0.25,17.3,8,32.03,1
mosul,2025-01-27,1.9,19,10,55.2,5.3,0.0,0.5,0.866,0.25,1.1,10,3.29,1
mosul,2025-01-28,0.0,0,10,56.2,5.8,0.0,0.5,0.866,0.25,0.0,10,1.68,1
mosul,2025-01-29,0.0,0,10,43.0,6.5,0.0,0.5,0.866,0.25,0.0,10,2.28,1
mosul,2025-01-30,0.2,2,10,48.7,5.2,0.0,0.5,0.866,0.25,7.4,9,0.54,1
mosul,2025-01-31,20.0,100,8,57.3,4.7,0.0,0.5,0.866,0.25,0.0,10,34.4,1
mosul,2025-02-01,0.0,0,10,44.9,5.6,0.0,0.866,0.5,0.25,0.0,10,6.71,1
mosul,2025-02-02,0.5,5,10,45.2,5.5,0.0,0.866,0.5,0.25,11.3,9,1.25,1
mosul,2025-02-03,0.3,3,10,52.3,4.3,0.0,0.866,0.5,0.25,20.4,8,1.48,1
mosul,2025-02-04,23.7,100,6,50.3,3.5,0.0,0.866,0.5,0.25,36.9,4,22.79,0
mosul,2025-02-05,99.5,100,0,62.6,23.7,1.5,0.866,0.5,0.25,57.9,2,88.54,0
mosul,2025-02-06,98.9,100,0,88.3,10.5,2.7,0.866,0.5,0.25,67.7,3,99.08,0
mosul,2025-02-07,94.6,100,0,84.5,9.6,1.9,0.866,0.5,0.25,63.6,1,94.48,0
mosul,2025-02-08,14.8,61,7,67.8,7.1,0.0,0.866,0.5,0.25,12.4,8,89.64,1
mosul,2025-02-09,6.7,42,9,70.0,3.1,0.0,0.866,0.5,0.25,0.7,10,5.25,1
mosul,2025-02-10,3.1,19,10,63.0,3.9,0.0,0.866,0.5,0.25,11.3,8,10.86,1
mosul,2025-02-11,35.4,99,5,61.1,4.8,0.0,0.866,0.5,0.25,34.0,6,39.82,1
mosul,2025-02-12,68.8,98,1,68.6,5.1,0.0,0.866,0.5,0.25,49.6,3,12.94,0
mosul,2025-02-13,79.8,100,0,75.9,20.2,4.0,0.866,0.5,0.25,67.0,1,58.09,0
mosul,2025-02-14,0.6,6,10,77.3,3.6,0.0,0.866,0.5,0.25,0.8,10,66.56,1
mosul,2025-02-15,26.6,91,6,73.5,4.7,0.0,0.866,0.5,0.25,12.7,9,8.96,1
mosul,2025-02-16,98.4,100,0,65.2,4.8,0.0,0.866,0.5,0.25,98.0,0,59.69,0
mosul,2025-02-17,32.3,100,6,65.0,4.1,0.0,0.866,0.5,0.25,17.6,8,24.98,1
mosul,2025-02-18,80.1,100,0,61.1,2.9,0.0,0.866,0.5,0.25,51.4,4,29.2,0
mosul,2025-02-19,100.0,100,0,66.3,9.3,1.9,0.866,0.5,0.25,100.0,0,90.12,0
mosul,2025-02-20,87.3,100,0,88.0,13.0,5.1,0.866,0.5,0.25,56.3,1,99.86,0
mosul,2025-02-21,67.1,100,2,54.9,9.5,0.0,0.866,0.5,0.25,60.7,2,89.08,0
mosul,2025-02-22,78.0,100,1,53.0,8.3,0.0,0.866,0.5,0.25,84.1,0,52.39,0
mosul,2025-02-23,9.7,36,8,51.5,7.5,0.0,0.866,0.5,0.25,11.3,8,68.7,1
mosul,2025-02-24,0.3,3,10,40.4,10.0,0.0,0.866,0.5,0.25,0.0,10,25.88,1
mosul,2025-02-25,70.3,100,1,52.2,3.5,0.0,0.866,0.5,0.25,95.4,0,25.22,0
mosul,2025-02-26,0.7,7,10,56.3,3.4,0.0,0.866,0.5,0.25,0.0,10,26.12,1
mosul,2025-02-27,0.0,0,10,55.5,5.2,0.0,0.866,0.5,0.25,0.0,10,11.56,1
mosul,2025-02-28,82.7,99,0,55.6,4.7,0.0,0.866,0.5,0.25,50.7,4,30.53,0
mosul,2025-03-01,5.7,39,9,54.6,8.4,0.0,1.0,0.0,0.25,8.8,9,60.74,1
mosul,2025-03-02,3.6,36,9,51.2,4.0,0.0,1.0,0.0,0.25,28.2,7,4.01,1
mosul,2025-03-03,99.0,100,0,40.4,5.2,0.0,1.0,0.0,0.25,99.8,0,80.64,0
mosul,2025-03-04,94.6,100,0,42.9,5.1,0.0,1.0,0.0,0.25,98.8,0,93.49,0
mosul,2025-03-05,75.8,100,0,51.8,5.2,0.0,1.0,0.0,0.25,99.8,0,94.74,0
mosul,2025-03-06,0.0,0,10,47.2,4.3,0.0,1.0,0.0,0.25,0.0,10,26.78,1
mosul,2025-03-07,100.0,100,0,61.0,16.1,0.8,1.0,0.0,0.25,94.9,0,61.81,0
mosul,2025-03-08,68.0,100,1,89.1,4.9,0.0,1.0,0.0,0.25,54.3,4,90.31,0
mosul,2025-03-09,81.2,98,0,69.6,5.4,0.0,1.0,0.0,0.25,83.8,0,85.86,0
mosul,2025-03-10,79.6,100,0,85.7,3.7,1.1,1.0,0.0,0.25,29.8,5,96.9,0
mosul,2025-03-11,0.0,0,10,84.9,9.3,0.0,1.0,0.0,0.25,0.0,10,64.88,1
mosul,2025-03-12,0.0,0,10,65.0,4.8,0.0,1.0,0.0,0.25,0.0,10,4.61,1
mosul,2025-03-13,14.3,76,7,47.6,5.4,0.0,1.0,0.0,0.25,22.4,7,5.25,1
mosul,2025-03-14,97.4,100,0,41.9,5.6,0.0,1.0,0.0,0.25,100.0,0,28.13,0
mosul,2025-03-15,5.3,29,9,42.9,5.1,0.0,1.0,0.0,0.25,0.0,10,39.65,1
mosul,2025-03-16,3.9,28,9,41.2,4.8,0.0,1.0,0.0,0.25,4.2,9,2.82,1
mosul,2025-03-17,81.5,100,1,36.7,5.4,0.0,1.0,0.0,0.25,90.0,1,28.59,0
mosul,2025-03-18,93.5,100,0,47.7,11.9,0.2,1.0,0.0,0.25,89.4,0,78.13,0
mosul,2025-03-19,32.9,100,5,44.5,10.6,0.0,1.0,0.0,0.25,0.3,10,64.7,1
mosul,2025-03-20,56.2,81,0,43.1,8.9,0.0,1.0,0.0,0.25,65.6,1,30.76,0
mosul,2025-03-21,48.0,76,2,35.8,14.8,0.0,1.0,0.0,0.25,28.7,6,66.53,1
mosul,2025-03-22,3.9,20,10,48.7,10.5,0.0,1.0,0.0,0.25,1.5,10,49.76,1
mosul,2025-03-23,0.2,2,10,35.9,9.9,0.0,1.0,0.0,0.25,0.3,10,10.11,1
mosul,2025-03-24,0.0,0,10,38.0,5.0,0.0,1.0,0.0,0.25,0.0,10,8.05,1
mosul,2025-03-25,37.7,100,4,34.5,4.6,0.0,1.0,0.0,0.25,47.6,3,7.63,0
mosul,2025-03-26,56.5,100,4,35.5,3.6,0.0,1.0,0.0,0.25,31.9,7,82.84,1
mosul,2025-03-27,89.0,100,0,39.5,4.8,0.0,1.0,0.0,0.25,58.3,2,45.25,0
mosul,2025-03-28,60.7,100,4,40.3,5.4,0.0,1.0,0.0,0.25,20.4,8,35.76,1
mosul,2025-03-29,64.2,100,1,36.6,6.1,0.0,1.0,0.0,0.25,43.4,5,48.91,0
mosul,2025-03-30,99.7,100,0,55.6,27.6,6.2,1.0,0.0,0.25,92.7,0,90.72,0
mosul,2025-03-31,28.4,96,6,75.0,5.8,0.0,1.0,0.0,0.25,56.5,4,65.02,0
mosul,2025-04-01,96.8,100,0,44.7,5.4,0.0,0.866,-0.5,0.25,93.0,0,45.37,0
mosul,2025-04-02,49.3,100,2,56.0,22.1,0.0,0.866,-0.5,0.25,40.6,5,64.53,0
mosul,2025-04-03,8.0,34,9,43.7,13.3,0.0,0.866,-0.5,0.25,0.0,10,58.51,1
mosul,2025-04-04,23.1,73,6,39.9,12.9,0.0,0.866,-0.5,0.25,11.3,9,4.56,1
mosul,2025-04-05,57.3,76,0,88.0,6.6,0.0,0.866,-0.5,0.25,1.5,10,72.8,1
mosul,2025-04-06,27.8,69,6,46.7,4.9,0.0,0.866,-0.5,0.25,33.7,6,8.09,1
mosul,2025-04-07,66.4,100,2,39.3,6.8,0.0,0.866,-0.5,0.25,89.3,0,34.56,0
mosul,2025-04-08,89.8,100,0,55.4,20.4,0.3,0.866,-0.5,0.25,98.0,0,94.56,0
mosul,2025-04-09,88.7,100,1,57.1,15.0,0.0,0.866,-0.5,0.25,90.4,0,98.0,0
mosul,2025-04-10,29.7,68,6,31.5,19.8,0.0,0.866,-0.5,0.25,2.2,10,68.75,1
mosul,2025-04-11,81.3,100,1,38.6,5.2,0.0,0.866,-0.5,0.25,76.0,2,50.46,0
mosul,2025-04-12,74.5,97,0,55.5,15.3,0.0,0.866,-0.5,0.25,11.4,9,75.65,1
mosul,2025-04-13,81.2,100,1,47.7,13.7,1.5,0.866,-0.5,0.25,89.4,0,87.63,0
mosul,2025-04-14,87.5,100,1,76.3,24.8,1.9,0.866,-0.5,0.25,60.8,1,98.77,0
mosul,2025-04-15,68.6,100,2,80.0,7.3,0.2,0.866,-0.5,0.25,72.5,2,91.8,0
mosul,2025-04-16,51.2,100,3,71.5,4.3,0.0,0.866,-0.5,0.25,21.2,7,61.23,1
mosul,2025-04-17,12.3,41,8,63.6,5.7,0.0,0.866,-0.5,0.25,1.2,10,16.08,1
mosul,2025-04-18,2.3,23,10,53.9,5.8,0.0,0.866,-0.5,0.25,0.0,10,1.3,1
mosul,2025-04-19,0.0,0,10,53.1,4.4,0.0,0.866,-0.5,0.25,0.0,10,1.87,1
mosul,2025-04-20,95.3,100,0,39.1,7.2,0.0,0.866,-0.5,0.25,68.9,1,35.11,0
mosul,2025-04-21,69.9,100,1,35.6,6.4,0.0,0.866,-0.5,0.25,42.3,4,78.06,0
mosul,2025-04-22,55.0,86,1,36.0,4.3,0.0,0.866,-0.5,0.25,17.9,7,50.21,1
mosul,2025-04-23,99.2,100,0,32.6,12.0,0.0,0.866,-0.5,0.25,99.9,0,64.45,0
mosul,2025-04-24,87.2,100,0,33.0,9.1,0.0,0.866,-0.5,0.25,71.0,1,92.99,0
mosul,2025-04-25,77.5,100,2,40.9,13.4,0.0,0.866,-0.5,0.25,59.3,4,77.07,0
mosul,2025-04-26,37.1,60,2,73.2,22.1,0.0,0.866,-0.5,0.25,11.5,9,85.64,1
mosul,2025-04-27,57.8,100,3,46.6,5.5,0.0,0.866,-0.5,0.25,91.1,0,45.5,0
mosul,2025-04-28,31.3,100,6,35.3,4.4,0.0,0.866,-0.5,0.25,8.3,9,58.69,1
mosul,2025-04-29,43.8,100,4,30.5,12.2,0.0,0.866,-0.5,0.25,43.6,3,17.68,0
mosul,2025-04-30,16.7,99,8,32.1,8.3,0.0,0.866,-0.5,0.25,0.0,10,44.63,1
mosul,2025-05-01,93.4,100,0,48.0,22.9,0.8,0.5,-0.866,0.25,81.9,0,47.79,0
mosul,2025-05-02,90.8,100,0,51.9,23.2,0.2,0.5,-0.866,0.25,65.3,3,89.02,0
mosul,2025-05-03,32.1,68,4,35.2,16.3,0.0,0.5,-0.866,0.25,5.3,10,62.43,1
mosul,2025-05-04,74.9,100,1,63.6,18.6,0.2,0.5,-0.866,0.25,41.8,4,61.43,0
mosul,2025-05-05,53.2,100,3,62.9,15.3,0.3,0.5,-0.866,0.25,56.5,2,50.55,0
mosul,2025-05-06,5.6,23,10,54.2,9.5,0.0,0.5,-0.866,0.25,1.4,10,53.7,1
mosul,2025-05-07,1.1,8,10,26.3,8.5,0.0,0.5,-0.866,0.25,0.0,10,3.59,1
mosul,2025-05-08,46.3,100,4,38.3,8.7,0.0,0.5,-0.866,0.25,58.0,3,26.21,0
mosul,2025-05-09,32.0,100,7,28.7,5.4,0.0,0.5,-0.866,0.25,71.4,1,27.62,0
mosul,2025-05-10,67.7,100,1,28.1,9.3,0.0,0.5,-0.866,0.25,63.4,2,23.57,0
mosul,2025-05-11,99.0,100,0,28.2,13.7,0.0,0.5,-0.866,0.25,90.7,0,52.51,0
mosul,2025-05-12,58.9,100,4,33.9,16.3,0.0,0.5,-0.866,0.25,69.4,3,82.3,0
mosul,2025-05-13,48.8,100,2,36.3,20.3,0.0,0.5,-0.866,0.25,44.6,4,86.58,0
mosul,2025-05-14,76.9,100,1,44.0,11.0,0.0,0.5,-0.866,0.25,53.0,3,75.43,0
mosul,2025-05-15,5.5,36,9,57.5,11.5,0.0,0.5,-0.866,0.25,11.9,8,48.04,1
mosul,2025-05-16,1.3,9,10,28.2,5.6,0.0,0.5,-0.866,0.25,0.1,10,2.86,1
mosul,2025-05-17,0.0,0,10,25.4,11.5,0.0,0.5,-0.866,0.25,14.4,8,17.68,1
mosul,2025-05-18,55.4,100,2,19.8,17.7,0.0,0.5,-0.866,0.25,39.5,5,30.94,0
mosul,2025-05-19,0.0,0,10,18.9,16.5,0.0,0.5,-0.866,0.25,0.0,10,8.42,1
mosul,2025-05-20,43.9,100,5,21.4,10.2,0.0,0.5,-0.866,0.25,0.9,10,6.64,1
mosul,2025-05-21,0.0,0,10,25.3,6.0,0.0,0.5,-0.866,0.25,0.1,10,20.49,1
mosul,2025-05-22,7.3,73,9,18.3,7.0,0.0,0.5,-0.866,0.25,0.0,10,13.18,1
mosul,2025-05-23,46.3,100,4,19.1,13.2,0.0,0.5,-0.866,0.25,35.4,5,46.65,0
mosul,2025-05-24,0.0,0,10,19.7,19.0,0.0,0.5,-0.866,0.25,0.0,10,21.0,1
mosul,2025-05-25,19.4,65,7,21.0,7.6,0.0,0.5,-0.866,0.25,0.8,10,11.28,1
mosul,2025-05-26,91.0,100,0,21.2,11.6,0.0,0.5,-0.866,0.25,93.4,0,53.28,0
mosul,2025-05-27,60.3,80,0,19.3,6.9,0.0,0.5,-0.866,0.25,16.7,7,56.48,1
mosul,2025-05-28,6.3,39,9,22.9,16.7,0.0,0.5,-0.866,0.25,0.0,10,38.66,1
mosul,2025-05-29,22.7,74,7,29.3,13.4,0.0,0.5,-0.866,0.25,7.6,8,7.67,1
mosul,2025-05-30,0.0,0,10,23.7,10.9,0.0,0.5,-0.866,0.25,0.0,10,16.52,1
mosul,2025-05-31,0.0,0,10,21.7,7.7,0.0,0.5,-0.866,0.25,0.0,10,3.78,1
mosul,2025-06-01,0.0,0,10,17.2,19.5,0.0,0.0,-1.0,0.25,0.0,10,3.15,1
mosul,2025-06-02,0.2,2,10,27.2,14.2,0.0,0.0,-1.0,0.25,0.0,10,3.69,1
mosul,2025-06-03,38.0,61,3,25.3,14.5,0.0,0.0,-1.0,0.25,0.3,10,3.52,1
mosul,2025-06-04,26.8,100,7,33.8,14.8,0.0,0.0,-1.0,0.25,24.4,7,46.55,1
mosul,2025-06-05,33.7,62,4,23.3,10.2,0.0,0.0,-1.0,0.25,0.1,10,5.28,1
mosul,2025-06-06,44.8,71,3,22.3,9.6,0.0,0.0,-1.0,0.25,1.2,10,6.68,1
mosul,2025-06-07,0.7,2,10,22.2,7.9,0.0,0.0,-1.0,0.25,0.0,10,15.91,1
mosul,2025-06-08,57.5,100,2,20.4,8.8,0.0,0.0,-1.0,0.25,26.4,7,7.29,1
mosul,2025-06-09,2.0,11,10,21.1,10.8,0.0,0.0,-1.0,0.25,1.9,10,17.19,1
mosul,2025-06-10,35.0,65,3,18.4,8.6,0.0,0.0,-1.0,0.25,0.0,10,7.91,1
mosul,2025-06-11,15.7,72,7,21.0,17.9,0.0,0.0,-1.0,0.25,20.1,8,22.36,1
mosul,2025-06-12,30.4,77,5,16.5,5.9,0.0,0.0,-1.0,0.25,3.6,10,26.43,1
mosul,2025-06-13,1.9,19,10,15.0,17.1,0.0,0.0,-1.0,0.25,0.0,10,30.7,1
mosul,2025-06-14,0.6,2,10,20.4,17.6,0.0,0.0,-1.0,0.25,0.0,10,5.7,1
mosul,2025-06-15,12.2,33,7,17.6,15.6,0.0,0.0,-1.0,0.25,0.0,10,5.05,1
mosul,2025-06-16,0.0,0,10,12.7,18.0,0.0,0.0,-1.0,0.25,0.0,10,1.79,1
mosul,2025-06-17,0.0,0,10,16.9,17.7,0.0,0.0,-1.0,0.25,0.0,10,1.95,1
mosul,2025-06-18,0.0,0,10,16.9,9.3,0.0,0.0,-1.0,0.25,0.0,10,1.29,1
mosul,2025-06-19,0.0,0,10,17.9,12.1,0.0,0.0,-1.0,0.25,0.0,10,5.76,1
mosul,2025-06-20,0.0,0,10,17.1,10.5,0.0,0.0,-1.0,0.25,0.0,10,5.5,1
mosul,2025-06-21,0.0,0,10,13.9,19.6,0.0,0.0,-1.0,0.25,0.0,10,1.33,1
mosul,2025-06-22,0.0,0,10,14.2,13.0,0.0,0.0,-1.0,0.25,0.0,10,0.37,1
mosul,2025-06-23,0.0,0,10,14.4,24.6,0.0,0.0,-1.0,0.25,0.0,10,1.66,1
mosul,2025-06-24,0.0,0,10,12.7,12.4,0.0,0.0,-1.0,0.25,0.0,10,5.37,1
mosul,2025-06-25,0.0,0,10,12.2,12.3,0.0,0.0,-1.0,0.25,0.0,10,6.74,1
mosul,2025-06-26,0.0,0,10,15.2,14.4,0.0,0.0,-1.0,0.25,0.0,10,1.82,1
mosul,2025-06-27,5.1,33,9,15.1,9.4,0.0,0.0,-1.0,0.25,0.0,10,1.84,1
mosul,2025-06-28,24.1,38,2,11.4,18.0,0.0,0.0,-1.0,0.25,0.0,10,15.35,1
mosul,2025-06-29,42.0,70,2,12.3,18.6,0.0,0.0,-1.0,0.25,3.1,9,21.01,1
mosul,2025-06-30,0.0,0,10,18.1,25.8,0.0,0.0,-1.0,0.25,0.0,10,26.88,1
mosul,2025-07-01,0.0,0,10,18.3,9.0,0.0,-0.5,-0.866,0.25,0.0,10,11.47,1
mosul,2025-07-02,1.0,5,10,16.5,17.7,0.0,-0.5,-0.866,0.25,0.0,10,7.83,1
mosul,2025-07-03,0.0,0,10,11.7,18.4,0.0,-0.5,-0.866,0.25,0.0,10,6.09,1
mosul,2025-07-04,0.0,0,10,16.5,16.1,0.0,-0.5,-0.866,0.25,0.0,10,2.94,1
mosul,2025-07-05,0.0,0,10,20.3,13.3,0.0,-0.5,-0.866,0.25,0.0,10,9.86,1
mosul,2025-07-06,5.0,28,9,21.7,13.2,0.0,-0.5,-0.866,0.25,0.0,10,5.96,1
mosul,2025-07-07,4.4,23,10,20.3,23.1,0.0,-0.5,-0.866,0.25,0.0,10,5.82,1
mosul,2025-07-08,17.8,44,6,18.6,13.0,0.0,-0.5,-0.866,0.25,0.0,10,4.86,1
mosul,2025-07-09,5.2,17,10,22.8,12.0,0.0,-0.5,-0.866,0.25,5.0,10,21.22,1
mosul,2025-07-10,7.9,23,10,19.0,8.6,0.0,-0.5,-0.866,0.25,1.3,10,13.07,1
mosul,2025-07-11,8.3,44,8,17.1,13.4,0.0,-0.5,-0.866,0.25,0.9,10,21.68,1
mosul,2025-07-12,23.5,61,6,16.4,11.8,0.0,-0.5,-0.866,0.25,2.5,10,26.27,1
mosul,2025-07-13,10.4,66,8,20.4,16.3,0.0,-0.5,-0.866,0.25,45.5,4,21.61,0
mosul,2025-07-14,31.8,86,4,20.7,10.5,0.0,-0.5,-0.866,0.25,16.2,8,14.15,1
mosul,2025-07-15,35.4,79,4,14.0,13.8,0.0,-0.5,-0.866,0.25,14.5,8,46.16,1
mosul,2025-07-16,0.8,8,10,22.0,16.1,0.0,-0.5,-0.866,0.25,0.3,10,8.15,1
mosul,2025-07-17,15.0,84,8,27.4,10.4,0.0,-0.5,-0.866,0.25,0.3,10,8.38,1
mosul,2025-07-18,5.7,30,8,20.0,13.7,0.0,-0.5,-0.866,0.25,0.0,10,2.25,1
mosul,2025-07-19,22.2,48,5,20.4,18.8,0.0,-0.5,-0.866,0.25,0.0,10,4.6,1
mosul,2025-07-20,0.0,0,10,24.1,11.3,0.0,-0.5,-0.866,0.25,0.0,10,5.14,1
mosul,2025-07-21,0.1,1,10,24.6,13.4,0.0,-0.5,-0.866,0.25,0.0,10,6.5,1
mosul,2025-07-22,0.0,0,10,18.3,6.6,0.0,-0.5,-0.866,0.25,0.0,10,4.89,1
mosul,2025-07-23,4.3,26,9,12.9,14.8,0.0,-0.5,-0.866,0.25,0.0,10,1.52,1
mosul,2025-07-24,0.4,2,10,15.4,11.9,0.0,-0.5,-0.866,0.25,0.1,10,6.32,1
mosul,2025-07-25,47.0,89,1,17.3,7.9,0.0,-0.5,-0.866,0.25,28.5,6,19.37,1
mosul,2025-07-26,50.6,83,0,16.8,15.5,0.0,-0.5,-0.866,0.25,67.5,3,52.76,0
mosul,2025-07-27,77.4,100,0,15.9,17.7,0.0,-0.5,-0.866,0.25,68.5,0,47.02,0
mosul,2025-07-28,44.1,71,2,17.4,8.2,0.0,-0.5,-0.866,0.25,9.8,9,36.17,1
mosul,2025-07-29,31.5,62,4,17.9,12.4,0.0,-0.5,-0.866,0.25,45.6,5,54.73,0
mosul,2025-07-30,33.2,67,5,18.6,5.8,0.0,-0.5,-0.866,0.25,0.0,10,29.35,1
mosul,2025-07-31,17.9,47,6,20.8,15.6,0.0,-0.5,-0.866,0.25,12.8,8,10.18,1
mosul,2025-08-01,0.2,2,10,25.9,15.7,0.0,-0.866,-0.5,0.25,0.0,10,15.56,1
mosul,2025-08-02,0.2,2,10,23.9,21.6,0.0,-0.866,-0.5,0.25,0.0,10,5.75,1
mosul,2025-08-03,0.0,0,10,17.0,19.4,0.0,-0.866,-0.5,0.25,0.0,10,1.82,1
mosul,2025-08-04,0.0,0,10,18.3,22.4,0.0,-0.866,-0.5,0.25,0.0,10,3.96,1
mosul,2025-08-05,35.7,77,4,18.4,17.5,0.0,-0.866,-0.5,0.25,36.8,5,22.93,0
mosul,2025-08-06,22.2,37,6,19.3,14.2,0.0,-0.866,-0.5,0.25,0.1,10,36.9,1
mosul,2025-08-07,0.0,0,10,27.5,13.4,0.0,-0.866,-0.5,0.25,0.0,10,11.81,1
mosul,2025-08-08,0.3,3,10,19.7,13.6,0.0,-0.866,-0.5,0.25,0.0,10,1.98,1
mosul,2025-08-09,0.1,1,10,17.4,12.9,0.0,-0.866,-0.5,0.25,0.0,10,1.91,1
mosul,2025-08-10,0.0,0,10,16.5,24.4,0.0,-0.866,-0.5,0.25,0.0,10,4.6,1
mosul,2025-08-11,0.1,1,10,21.3,5.1,0.0,-0.866,-0.5,0.25,0.0,10,6.62,1
mosul,2025-08-12,0.0,0,10,13.3,13.5,0.0,-0.866,-0.5,0.25,0.0,10,5.78,1
mosul,2025-08-13,0.0,0,10,19.5,7.9,0.0,-0.866,-0.5,0.25,0.0,10,1.92,1
mosul,2025-08-14,0.0,0,10,15.0,12.8,0.0,-0.866,-0.5,0.25,0.0,10,3.07,1
mosul,2025-08-15,0.0,0,10,9.7,13.1,0.0,-0.866,-0.5,0.25,0.0,10,5.57,1
mosul,2025-08-16,0.0,0,10,11.4,14.8,0.0,-0.866,-0.5,0.25,0.0,10,8.72,1
mosul,2025-08-17,0.0,0,10,23.5,16.8,0.0,-0.866,-0.5,0.25,0.0,10,5.87,1
mosul,2025-08-18,0.0,0,10,22.7,11.5,0.0,-0.866,-0.5,0.25,0.0,10,1.97,1
mosul,2025-08-19,3.2,28,9,23.5,17.7,0.0,-0.866,-0.5,0.25,0.0,10,3.48,1
mosul,2025-08-20,0.0,0,10,33.0,8.8,0.0,-0.866,-0.5,0.25,0.0,10,4.12,1
mosul,2025-08-21,0.0,0,10,34.7,5.9,0.0,-0.866,-0.5,0.25,0.0,10,6.61,1
mosul,2025-08-22,0.0,0,10,13.7,12.7,0.0,-0.866,-0.5,0.25,0.0,10,4.91,1
mosul,2025-08-23,0.0,0,10,14.0,8.7,0.0,-0.866,-0.5,0.25,0.0,10,3.87,1
mosul,2025-08-24,0.0,0,10,16.7,13.6,0.0,-0.866,-0.5,0.25,0.0,10,1.48,1
mosul,2025-08-25,0.0,0,10,25.2,12.9,0.0,-0.866,-0.5,0.25,0.0,10,0.87,1
mosul,2025-08-26,0.0,0,10,25.8,16.2,0.0,-0.866,-0.5,0.25,0.0,10,5.01,1
mosul,2025-08-27,0.0,0,10,29.6,9.1,0.0,-0.866,-0.5,0.25,0.0,10,10.46,1
mosul,2025-08-28,0.1,1,10,30.2,10.0,0.0,-0.866,-0.5,0.25,0.0,10,7.2,1
mosul,2025-08-29,0.0,0,10,25.4,19.2,0.0,-0.866,-0.5,0.25,0.0,10,2.46,1
mosul,2025-08-30,1.6,5,10,23.6,20.2,0.0,-0.866,-0.5,0.25,0.0,10,2.63,1
mosul,2025-08-31,0.0,0,10,28.4,15.9,0.0,-0.866,-0.5,0.25,0.0,10,5.99,1
mosul,2025-09-01,0.5,4,10,32.7,11.4,0.0,-1.0,-0.0,0.25,0.0,10,12.45,1
mosul,2025-09-02,18.3,36,6,30.1,10.0,0.0,-1.0,-0.0,0.25,0.0,10,5.66,1
mosul,2025-09-03,7.8,35,8,37.1,12.0,0.0,-1.0,-0.0,0.25,0.0,10,4.52,1
mosul,2025-09-04,0.0,0,10,32.7,9.7,0.0,-1.0,-0.0,0.25,0.0,10,7.39,1
mosul,2025-09-05,28.2,48,5,25.8,9.9,0.0,-1.0,-0.0,0.25,0.0,10,3.67,1
mosul,2025-09-06,0.0,0,10,23.1,12.2,0.0,-1.0,-0.0,0.25,0.0,10,8.58,1
mosul,2025-09-07,1.2,8,10,23.3,8.8,0.0,-1.0,-0.0,0.25,0.0,10,6.47,1
mosul,2025-09-08,16.3,47,7,23.0,11.8,0.0,-1.0,-0.0,0.25,0.7,10,2.01,1
mosul,2025-09-09,0.0,0,10,25.4,11.2,0.0,-1.0,-0.0,0.25,0.0,10,1.83,1
mosul,2025-09-10,0.0,0,10,23.5,9.6,0.0,-1.0,-0.0,0.25,0.0,10,2.66,1
mosul,2025-09-11,0.0,0,10,20.2,14.3,0.0,-1.0,-0.0,0.25,0.0,10,2.79,1
mosul,2025-09-12,0.0,0,10,29.0,4.7,0.0,-1.0,-0.0,0.25,0.0,10,9.71,1
mosul,2025-09-13,0.0,0,10,24.1,6.9,0.0,-1.0,-0.0,0.25,0.0,10,5.63,1
mosul,2025-09-14,0.0,0,10,27.8,5.6,0.0,-1.0,-0.0,0.25,0.0,10,2.48,1
mosul,2025-09-15,0.0,0,10,24.1,8.1,0.0,-1.0,-0.0,0.25,0.0,10,3.72,1
mosul,2025-09-16,10.6,29,7,27.4,13.1,0.0,-1.0,-0.0,0.25,0.0,10,4.06,1
mosul,2025-09-17,0.0,0,10,29.2,5.4,0.0,-1.0,-0.0,0.25,0.0,10,9.81,1
mosul,2025-09-18,9.3,36,8,27.6,22.0,0.0,-1.0,-0.0,0.25,0.0,10,4.13,1
mosul,2025-09-19,0.0,0,10,21.3,16.5,0.0,-1.0,-0.0,0.25,0.0,10,14.81,1
mosul,2025-09-20,0.0,0,10,30.1,4.7,0.0,-1.0,-0.0,0.25,0.0,10,8.27,1
mosul,2025-09-21,0.0,0,10,23.1,7.9,0.0,-1.0,-0.0,0.25,0.0,10,5.64,1
mosul,2025-09-22,0.4,3,10,25.3,4.7,0.0,-1.0,-0.0,0.25,0.0,10,9.0,1
mosul,2025-09-23,0.0,0,10,23.7,5.8,0.0,-1.0,-0.0,0.25,0.0,10,10.83,1
mosul,2025-09-24,0.0,0,10,24.9,3.6,0.0,-1.0,-0.0,0.25,0.0,10,3.17,1
mosul,2025-09-25,82.6,100,1,26.3,5.6,0.0,-1.0,-0.0,0.25,16.7,7,13.54,1
mosul,2025-09-26,0.4,3,10,22.2,8.0,0.0,-1.0,-0.0,0.25,0.0,10,30.43,1
mosul,2025-09-27,0.3,2,10,21.5,11.3,0.0,-1.0,-0.0,0.25,1.1,10,8.48,1
mosul,2025-09-28,0.0,0,10,38.4,4.5,0.0,-1.0,-0.0,0.25,0.0,10,8.11,1
mosul,2025-09-29,0.0,0,10,31.8,5.6,0.0,-1.0,-0.0,0.25,0.0,10,7.59,1
mosul,2025-09-30,2.3,15,10,44.0,9.3,0.0,-1.0,-0.0,0.25,0.0,10,3.22,1
mosul,2025-10-01,0.0,0,10,46.2,5.2,0.0,-0.866,0.5,0.25,0.0,10,5.63,1
mosul,2025-10-02,0.0,0,10,37.3,7.7,0.0,-0.866,0.5,0.25,0.0,10,2.23,1
mosul,2025-10-03,0.0,0,10,31.8,8.2,0.0,-0.866,0.5,0.25,0.0,10,6.91,1
mosul,2025-10-04,0.0,0,10,25.1,8.0,0.0,-0.866,0.5,0.25,0.0,10,4.51,1
mosul,2025-10-05,0.0,0,10,23.3,16.2,0.0,-0.866,0.5,0.25,0.0,10,3.51,1
mosul,2025-10-06,0.0,0,10,31.2,12.6,0.0,-0.866,0.5,0.25,0.0,10,2.58,1
mosul,2025-10-07,0.0,0,10,33.4,4.6,0.0,-0.866,0.5,0.25,0.0,10,5.25,1
mosul,2025-10-08,0.8,8,10,33.0,11.9,0.0,-0.866,0.5,0.25,0.0,10,3.34,1
mosul,2025-10-09,27.2,62,5,37.5,16.6,0.0,-0.866,0.5,0.25,2.8,10,8.62,1
mosul,2025-10-10,0.0,0,10,28.7,10.5,0.0,-0.866,0.5,0.25,0.0,10,5.05,1
mosul,2025-10-11,0.0,0,10,43.4,4.7,0.0,-0.866,0.5,0.25,0.0,10,1.38,1
mosul,2025-10-12,75.3,100,0,36.5,7.2,0.2,-0.866,0.5,0.25,14.9,7,19.27,1
mosul,2025-10-13,10.2,43,8,57.9,6.4,0.0,-0.866,0.5,0.25,0.0,10,17.86,1
mosul,2025-10-14,0.0,0,10,45.2,4.2,0.0,-0.866,0.5,0.25,0.0,10,4.74,1
mosul,2025-10-15,0.0,0,10,39.9,5.0,0.0,-0.866,0.5,0.25,0.0,10,2.7,1
mosul,2025-10-16,0.0,0,10,40.0,4.7,0.0,-0.866,0.5,0.25,0.0,10,2.45,1
mosul,2025-10-17,0.0,0,10,36.8,5.4,0.0,-0.866,0.5,0.25,0.1,10,1.4,1
mosul,2025-10-18,5.1,28,9,35.6,4.7,0.0,-0.866,0.5,0.25,0.2,10,11.59,1
mosul,2025-10-19,0.0,0,10,33.2,9.8,0.0,-0.866,0.5,0.25,7.0,9,6.27,1
mosul,2025-10-20,32.5,52,4,56.6,6.9,0.0,-0.866,0.5,0.25,34.5,5,18.0,0
mosul,2025-10-21,79.7,100,0,65.2,11.4,0.8,-0.866,0.5,0.25,48.3,4,68.78,0
mosul,2025-10-22,20.8,89,7,62.6,5.0,0.0,-0.866,0.5,0.25,9.7,8,37.42,1
mosul,2025-10-23,59.8,100,4,50.1,3.8,0.0,-0.866,0.5,0.25,12.2,8,6.16,1
mosul,2025-10-24,70.5,98,0,37.4,6.0,0.0,-0.866,0.5,0.25,58.7,1,56.06,0
mosul,2025-10-25,34.4,81,5,36.6,8.8,0.0,-0.866,0.5,0.25,13.3,8,23.38,1
mosul,2025-10-26,36.1,70,3,54.1,5.6,0.0,-0.866,0.5,0.25,45.6,5,33.09,0
mosul,2025-10-27,2.0,9,10,58.0,4.2,0.0,-0.866,0.5,0.25,0.9,10,8.52,1
mosul,2025-10-28,0.0,0,10,53.4,4.2,0.0,-0.866,0.5,0.25,0.0,10,4.3,1
mosul,2025-10-29,0.0,0,10,48.1,6.3,0.0,-0.866,0.5,0.25,0.0,10,24.07,1
mosul,2025-10-30,0.0,0,10,38.6,6.7,0.0,-0.866,0.5,0.25,0.0,10,3.72,1
mosul,2025-10-31,0.0,0,10,39.5,5.6,0.0,-0.866,0.5,0.25,0.0,10,2.01,1
mosul,2025-11-01,8.3,30,9,34.4,6.1,0.0,-0.5,0.866,0.25,2.1,10,1.79,1
mosul,2025-11-02,0.0,0,10,34.0,5.0,0.0,-0.5,0.866,0.25,0.7,10,1.7,1
mosul,2025-11-03,83.7,100,1,34.1,6.2,0.0,-0.5,0.866,0.25,13.0,7,6.6,1
mosul,2025-11-04,30.5,100,4,38.5,5.8,0.0,-0.5,0.866,0.25,0.5,10,8.82,1
mosul,2025-11-05,8.3,31,8,42.1,4.8,0.0,-0.5,0.866,0.25,4.3,9,3.6,1
mosul,2025-11-06,16.0,34,7,44.1,6.0,0.0,-0.5,0.866,0.25,9.8,8,2.01,1
mosul,2025-11-07,0.0,0,10,49.5,6.0,0.0,-0.5,0.866,0.25,0.0,10,3.46,1
mosul,2025-11-08,0.0,0,10,46.6,8.0,0.0,-0.5,0.866,0.25,0.0,10,8.66,1
mosul,2025-11-09,39.8,100,5,38.5,8.3,0.0,-0.5,0.866,0.25,19.5,7,2.23,1
mosul,2025-11-10,0.1,1,10,39.0,7.3,0.0,-0.5,0.866,0.25,2.2,10,2.0,1
mosul,2025-11-11,58.7,100,3,50.4,3.0,0.0,-0.5,0.866,0.25,25.4,7,26.45,1
mosul,2025-11-12,49.1,98,3,46.3,1.8,0.0,-0.5,0.866,0.25,47.7,5,35.34,0
mosul,2025-11-13,18.7,87,8,44.8,3.1,0.0,-0.5,0.866,0.25,0.0,10,52.28,1
mosul,2025-11-14,92.5,100,0,46.6,24.6,3.0,-0.5,0.866,0.25,97.6,0,42.45,0
mosul,2025-11-15,93.8,100,0,89.6,17.3,12.4,-0.5,0.866,0.25,68.1,1,90.22,0
mosul,2025-11-16,51.4,100,2,92.6,9.3,1.7,-0.5,0.866,0.25,50.6,3,97.6,0
mosul,2025-11-17,12.4,37,8,80.8,5.0,0.0,-0.5,0.866,0.25,0.4,10,9.39,1
mosul,2025-11-18,8.4,53,9,73.1,6.4,0.0,-0.5,0.866,0.25,23.8,7,1.84,1
mosul,2025-11-19,0.0,0,10,75.3,5.9,0.0,-0.5,0.866,0.25,0.0,10,2.15,1
mosul,2025-11-20,0.0,0,10,77.9,4.7,0.0,-0.5,0.866,0.25,0.6,10,2.31,1
mosul,2025-11-21,0.0,0,10,73.6,4.8,0.0,-0.5,0.866,0.25,0.2,10,2.64,1
mosul,2025-11-22,0.0,0,10,71.5,4.0,0.0,-0.5,0.866,0.25,0.3,10,3.12,1
mosul,2025-11-23,0.0,0,10,64.7,3.7,0.0,-0.5,0.866,0.25,0.0,10,1.38,1
mosul,2025-11-24,40.3,100,5,65.2,4.0,0.0,-0.5,0.866,0.25,56.1,4,1.44,0
mosul,2025-11-25,95.5,100,0,71.2,3.6,0.0,-0.5,0.866,0.25,82.1,2,59.52,0
mosul,2025-11-26,1.6,13,10,72.9,5.6,0.0,-0.5,0.866,0.25,0.4,10,63.94,1
mosul,2025-11-27,0.2,1,10,70.9,5.4,0.0,-0.5,0.866,0.25,0.3,10,0.66,1
mosul,2025-11-28,64.9,100,2,68.9,5.5,0.0,-0.5,0.866,0.25,55.0,4,3.4,0
mosul,2025-11-29,78.7,100,0,66.9,3.3,0.0,-0.5,0.866,0.25,1.6,10,56.3,1
mosul,2025-11-30,73.4,81,0,53.2,4.0,0.0,-0.5,0.866,0.25,38.9,1,34.04,0
mosul,2025-12-01,2.6,26,9,70.9,6.9,0.0,-0.0,1.0,0.25,0.0,10,30.32,1
mosul,2025-12-02,10.0,32,8,80.6,4.4,0.0,-0.0,1.0,0.25,0.0,10,4.78,1
mosul,2025-12-03,0.3,3,10,69.3,5.2,0.0,-0.0,1.0,0.25,0.0,10,11.35,1
mosul,2025-12-04,91.6,100,0,61.8,5.1,0.0,-0.0,1.0,0.25,72.5,3,48.66,0
mosul,2025-12-05,64.7,99,0,67.0,4.6,0.0,-0.0,1.0,0.25,19.1,7,52.54,1
mosul,2025-12-06,100.0,100,0,47.3,7.6,0.0,-0.0,1.0,0.25,100.0,0,93.18,0
mosul,2025-12-07,97.2,100,0,89.3,15.3,4.7,-0.0,1.0,0.25,91.3,0,99.93,0
mosul,2025-12-08,98.6,100,0,92.0,10.8,6.0,-0.0,1.0,0.25,88.1,0,99.38,0
mosul,2025-12-09,99.7,100,0,91.8,6.5,1.0,-0.0,1.0,0.25,87.3,0,93.12,0
mosul,2025-12-10,76.7,100,0,88.1,5.2,0.0,-0.0,1.0,0.25,50.1,1,78.02,0
mosul,2025-12-11,99.1,100,0,85.3,3.2,0.1,-0.0,1.0,0.25,97.8,0,75.12,0
mosul,2025-12-12,97.2,100,0,90.1,12.0,2.5,-0.0,1.0,0.25,96.4,0,99.1,0
mosul,2025-12-13,46.9,84,2,88.4,4.3,0.0,-0.0,1.0,0.25,48.7,5,87.19,0
mosul,2025-12-14,45.4,82,2,95.3,3.0,0.0,-0.0,1.0,0.25,31.0,7,44.98,1
mosul,2025-12-15,84.8,100,0,92.8,3.3,0.0,-0.0,1.0,0.25,87.5,0,39.26,0
mosul,2025-12-16,100.0,100,0,85.7,8.4,0.0,-0.0,1.0,0.25,99.9,0,91.37,0
mosul,2025-12-17,5.3,29,9,84.8,4.9,0.0,-0.0,1.0,0.25,1.5,10,60.37,1
mosul,2025-12-18,0.0,0,10,77.4,6.3,0.0,-0.0,1.0,0.25,0.7,10,2.15,1
mosul,2025-12-19,1.9,12,10,77.5,5.5,0.0,-0.0,1.0,0.25,11.1,8,2.8,1
mosul,2025-12-20,2.9,13,10,82.4,3.7,0.0,-0.0,1.0,0.25,0.2,10,23.03,1
mosul,2025-12-21,87.2,100,0,66.6,2.9,0.0,-0.0,1.0,0.25,99.1,0,59.49,0
mosul,2025-12-22,80.9,100,1,68.4,2.9,0.0,-0.0,1.0,0.25,90.1,1,57.51,0
mosul,2025-12-23,68.5,100,2,77.3,4.0,0.0,-0.0,1.0,0.25,64.0,2,92.32,0
mosul,2025-12-24,3.1,9,10,86.5,4.6,0.0,-0.0,1.0,0.25,0.0,10,18.65,1
mosul,2025-12-25,56.9,100,4,83.9,4.3,0.0,-0.0,1.0,0.25,12.4,7,25.74,1
mosul,2025-12-26,99.5,100,0,83.1,5.2,0.0,-0.0,1.0,0.25,97.7,0,65.45,0
mosul,2025-12-27,98.7,100,0,89.7,26.6,8.2,-0.0,1.0,0.25,98.2,0,99.93,0
mosul,2025-12-28,0.5,4,10,71.0,5.6,0.0,-0.0,1.0,0.25,0.0,10,66.43,1
mosul,2025-12-29,19.7,73,7,81.7,23.7,0.1,-0.0,1.0,0.25,18.6,8,63.87,1
mosul,2025-12-30,38.1,100,5,84.9,2.1,0.0,-0.0,1.0,0.25,78.6,1,31.95,0
mosul,2025-12-31,100.0,100,0,68.8,16.0,1.4,-0.0,1.0,0.25,91.5,0,90.34,0
mosul,2026-01-01,100.0,100,0,89.6,10.2,4.8,0.5,0.866,0.25,100.0,0,99.87,0
mosul,2026-01-02,34.0,68,3,76.2,7.6,0.0,0.5,0.866,0.25,12.0,7,78.12,1
mosul,2026-01-03,10.0,30,7,79.3,4.4,0.0,0.5,0.866,0.25,0.8,10,10.83,1
mosul,2026-01-04,3.0,29,9,73.7,5.8,0.0,0.5,0.866,0.25,28.0,7,2.4,1
mosul,2026-01-05,46.1,100,5,83.5,4.3,0.0,0.5,0.866,0.25,59.7,4,10.82,0
mosul,2026-01-06,54.8,100,3,83.1,4.0,0.0,0.5,0.866,0.25,58.0,4,46.09,0
mosul,2026-01-07,1.6,5,10,81.8,4.3,0.0,0.5,0.866,0.25,17.4,8,20.9,1
mosul,2026-01-08,56.6,100,3,64.5,3.2,0.0,0.5,0.866,0.25,80.2,0,28.6,0
mosul,2026-01-09,99.0,100,0,92.4,8.0,2.2,0.5,0.866,0.25,98.2,0,98.74,0
mosul,2026-01-10,33.0,55,5,91.1,4.1,0.0,0.5,0.866,0.25,4.0,10,81.3,1
mosul,2026-01-11,3.8,18,10,73.4,3.5,0.0,0.5,0.866,0.25,0.2,10,17.45,1
mosul,2026-01-12,80.7,100,0,72.8,16.6,0.1,0.5,0.866,0.25,47.7,5,65.08,0
mosul,2026-01-13,100.0,100,0,92.9,10.6,6.8,0.5,0.866,0.25,99.8,0,84.39,0
mosul,2026-01-14,39.0,63,2,74.7,8.4,0.0,0.5,0.866,0.25,74.1,2,91.86,0
mosul,2026-01-15,12.7,34,7,78.8,6.7,0.0,0.5,0.866,0.25,1.1,10,42.24,1
mosul,2026-01-16,84.9,100,0,78.0,3.4,0.0,0.5,0.866,0.25,59.4,2,41.63,0
mosul,2026-01-17,95.5,100,0,71.6,2.5,0.0,0.5,0.866,0.25,85.2,1,59.97,0
mosul,2026-01-18,97.6,100,0,74.9,14.3,1.0,0.5,0.866,0.25,99.6,0,99.41,0
mosul,2026-01-19,0.0,0,10,57.8,18.1,0.0,0.5,0.866,0.25,8.7,8,83.3,1
mosul,2026-01-20,15.5,32,6,74.4,3.7,0.0,0.5,0.866,0.25,0.2,10,47.15,1
mosul,2026-01-21,13.2,72,8,81.5,5.1,0.0,0.5,0.866,0.25,53.0,2,19.76,0
mosul,2026-01-22,100.0,100,0,67.9,14.8,0.9,0.5,0.866,0.25,100.0,0,97.79,0
mosul,2026-01-23,82.0,100,0,75.7,8.1,0.0,0.5,0.866,0.25,72.8,0,98.7,0
mosul,2026-01-24,38.6,100,6,72.8,7.1,0.0,0.5,0.866,0.25,44.8,6,78.13,1
mosul,2026-01-25,3.6,22,10,82.3,7.1,0.0,0.5,0.866,0.25,0.2,10,10.18,1
mosul,2026-01-26,93.8,100,0,80.1,3.3,0.0,0.5,0.866,0.25,76.1,1,27.8,0
mosul,2026-01-27,81.3,100,2,75.7,7.0,0.0,0.5,0.866,0.25,68.7,1,66.72,0
mosul,2026-01-28,97.7,100,0,88.1,12.2,2.0,0.5,0.866,0.25,82.0,1,90.64,0
mosul,2026-01-29,52.7,99,2,90.8,4.0,0.0,0.5,0.866,0.25,46.8,3,74.57,0
mosul,2026-01-30,95.1,100,0,87.6,12.0,1.2,0.5,0.866,0.25,99.7,0,91.31,0
mosul,2026-01-31,98.1,100,0,86.2,7.9,2.5,0.5,0.866,0.25,99.7,0,99.53,0
mosul,2026-02-01,96.1,100,0,79.3,5.8,0.3,0.866,0.5,0.25,96.6,0,96.65,0
mosul,2026-02-02,99.4,100,0,81.5,15.7,3.1,0.866,0.5,0.25,88.4,0,98.11,0
mosul,2026-02-03,87.4,100,0,87.5,10.0,0.0,0.866,0.5,0.25,25.1,7,89.82,1
mosul,2026-02-04,27.6,73,6,60.2,6.9,0.0,0.866,0.5,0.25,12.5,9,35.9,1
mosul,2026-02-05,75.6,100,1,71.4,1.8,0.0,0.866,0.5,0.25,76.5,2,38.83,0
mosul,2026-02-06,99.7,100,0,68.9,14.1,1.0,0.866,0.5,0.25,100.0,0,83.82,0
mosul,2026-02-07,99.3,100,0,94.8,17.7,9.3,0.866,0.5,0.25,92.7,0,99.55,0
mosul,2026-02-08,78.4,100,0,83.3,9.8,1.1,0.866,0.5,0.25,73.9,1,89.15,0
mosul,2026-02-09,87.9,100,0,88.3,4.1,0.0,0.866,0.5,0.25,69.2,2,72.27,0
mosul,2026-02-10,97.0,100,0,91.0,6.4,0.0,0.866,0.5,0.25,99.1,0,98.79,0
mosul,2026-02-11,99.7,100,0,89.8,7.0,0.8,0.866,0.5,0.25,96.8,0,87.8,0
mosul,2026-02-12,89.3,100,0,84.2,5.7,0.0,0.866,0.5,0.25,92.7,0,90.2,0
mosul,2026-02-13,88.9,100,0,64.1,12.8,0.0,0.866,0.5,0.25,99.9,0,92.26,0
mosul,2026-02-14,51.0,82,2,80.9,4.6,0.0,0.866,0.5,0.25,2.6,10,79.86,1
mosul,2026-02-15,0.7,4,10,81.4,3.8,0.0,0.866,0.5,0.25,0.0,10,10.47,1
mosul,2026-02-16,25.7,59,5,77.0,4.5,0.0,0.866,0.5,0.25,27.2,7,4.18,1
mosul,2026-02-17,89.8,100,0,68.4,9.4,1.6,0.866,0.5,0.25,79.3,1,57.52,0
mosul,2026-02-18,39.3,76,5,62.7,13.2,0.0,0.866,0.5,0.25,7.6,9,54.23,1
mosul,2026-02-19,3.6,33,9,68.3,7.3,0.0,0.866,0.5,0.25,0.0,10,21.72,1
mosul,2026-02-20,0.0,0,10,61.9,6.8,0.0,0.866,0.5,0.25,0.0,10,1.8,1
mosul,2026-02-21,0.0,0,10,60.7,3.1,0.0,0.866,0.5,0.25,0.0,10,1.19,1
mosul,2026-02-22,0.0,0,10,59.7,9.3,0.0,0.866,0.5,0.25,0.0,10,23.13,1
mosul,2026-02-23,13.2,40,8,60.3,6.9,0.0,0.866,0.5,0.25,4.5,10,3.21,1
mosul,2026-02-24,0.1,1,10,77.5,8.8,0.0,0.866,0.5,0.25,1.5,10,53.13,1
mosul,2026-02-25,55.1,86,0,65.5,9.3,0.0,0.866,0.5,0.25,6.3,10,14.49,1
mosul,2026-02-26,99.1,100,0,86.2,20.6,20.8,0.866,0.5,0.25,85.9,0,81.61,0
mosul,2026-02-27,55.9,87,0,65.9,6.3,0.1,0.866,0.5,0.25,7.0,10,80.53,1
mosul,2026-02-28,51.1,100,1,79.6,5.4,0.0,0.866,0.5,0.25,78.6,1,69.61,0
mosul,2026-03-01,54.4,100,4,69.4,4.8,0.0,1.0,0.0,0.25,24.2,7,38.6,1
mosul,2026-03-02,0.0,0,10,60.2,5.9,0.0,1.0,0.0,0.25,0.0,10,23.23,1
mosul,2026-03-03,1.3,5,10,60.3,5.1,0.0,1.0,0.0,0.25,0.5,10,3.89,1
mosul,2026-03-04,94.0,100,0,59.7,15.1,2.2,1.0,0.0,0.25,89.7,1,55.21,0
mosul,2026-03-05,10.5,25,9,68.0,4.6,0.0,1.0,0.0,0.25,0.4,10,60.82,1
mosul,2026-03-06,91.0,100,0,64.5,3.8,0.0,1.0,0.0,0.25,64.1,3,68.34,0
mosul,2026-03-07,89.1,100,0,71.5,10.0,0.1,1.0,0.0,0.25,96.4,0,78.83,0
mosul,2026-03-08,14.3,66,8,85.8,7.6,0.0,1.0,0.0,0.25,18.7,7,89.36,1
mosul,2026-03-09,56.4,86,0,80.2,6.2,0.0,1.0,0.0,0.25,0.4,10,46.28,1
mosul,2026-03-10,44.7,70,2,42.3,11.8,0.0,1.0,0.0,0.25,0.0,10,5.95,1
mosul,2026-03-11,52.5,69,0,55.0,10.3,0.0,1.0,0.0,0.25,0.4,10,38.28,1
mosul,2026-03-12,74.8,92,0,51.4,6.2,0.0,1.0,0.0,0.25,60.2,3,14.02,0
mosul,2026-03-13,49.6,84,0,63.3,6.4,0.2,1.0,0.0,0.25,22.8,6,45.19,1
mosul,2026-03-14,100.0,100,0,87.0,15.0,15.8,1.0,0.0,0.25,100.0,0,91.91,0
mosul,2026-03-15,88.1,100,0,92.9,13.4,7.2,1.0,0.0,0.25,94.4,0,98.82,0
mosul,2026-03-16,78.3,96,0,80.2,10.3,0.0,1.0,0.0,0.25,16.3,9,66.55,1
mosul,2026-03-17,6.1,14,10,81.9,4.7,0.0,1.0,0.0,0.25,2.0,10,62.4,1
mosul,2026-03-18,30.5,100,6,75.0,5.8,0.0,1.0,0.0,0.25,40.4,6,5.44,1
mosul,2026-03-19,100.0,100,0,87.1,25.1,19.1,1.0,0.0,0.25,100.0,0,95.13,0
mosul,2026-03-20,91.0,100,0,90.7,14.9,10.7,1.0,0.0,0.25,79.2,0,97.23,0
mosul,2026-03-21,97.7,100,0,87.2,18.4,2.9,1.0,0.0,0.25,97.8,0,95.25,0
mosul,2026-03-22,67.2,90,0,91.5,8.6,4.9,1.0,0.0,0.25,61.8,1,97.46,0
mosul,2026-03-23,99.4,100,0,70.0,5.9,0.0,1.0,0.0,0.25,99.2,0,64.84,0
mosul,2026-03-24,100.0,100,0,88.7,10.2,18.5,1.0,0.0,0.25,94.7,0,96.42,0
mosul,2026-03-25,95.5,100,0,92.4,10.9,1.3,1.0,0.0,0.25,91.7,0,96.32,0
mosul,2026-03-26,100.0,100,0,87.7,23.4,18.2,1.0,0.0,0.25,100.0,0,99.7,0
mosul,2026-03-27,97.8,100,0,82.7,4.2,0.1,1.0,0.0,0.25,100.0,0,99.86,0
mosul,2026-03-28,60.0,87,0,85.8,5.4,0.0,1.0,0.0,0.25,19.0,7,86.5,1
mosul,2026-03-29,96.6,100,0,87.4,14.7,7.4,1.0,0.0,0.25,84.5,0,93.29,0
mosul,2026-03-30,82.1,100,2,88.8,9.4,0.1,1.0,0.0,0.25,68.1,1,76.33,0
mosul,2026-03-31,14.0,72,8,81.8,5.2,0.0,1.0,0.0,0.25,3.0,9,59.48,1
mosul,2026-04-01,49.3,100,5,73.4,3.6,0.0,0.866,-0.5,0.25,95.9,0,14.53,0
mosul,2026-04-02,98.3,100,0,82.1,6.8,0.7,0.866,-0.5,0.25,92.2,0,89.38,0
mosul,2026-04-03,72.8,100,2,82.8,17.0,2.9,0.866,-0.5,0.25,41.6,3,82.76,0
mosul,2026-04-04,32.8,58,4,77.9,6.3,0.0,0.866,-0.5,0.25,18.0,7,33.6,1
mosul,2026-04-05,20.9,67,7,85.6,7.6,0.0,0.866,-0.5,0.25,5.6,10,50.13,1
mosul,2026-04-06,12.3,46,8,90.8,4.4,0.0,0.866,-0.5,0.25,17.6,8,39.55,1
mosul,2026-04-07,91.0,100,0,92.5,4.9,2.3,0.866,-0.5,0.25,54.8,4,69.24,0
mosul,2026-04-08,41.8,92,3,80.7,5.7,0.1,0.866,-0.5,0.25,29.5,5,55.63,0
mosul,2026-04-09,60.7,100,1,74.6,12.8,0.5,0.866,-0.5,0.25,16.6,7,73.76,1
mosul,2026-04-10,87.4,100,1,64.4,6.5,0.0,0.866,-0.5,0.25,33.4,4,60.12,0
mosul,2026-04-11,85.3,100,0,83.4,16.2,0.9,0.866,-0.5,0.25,56.1,3,82.84,0
mosul,2026-04-12,72.5,99,0,82.9,12.6,0.4,0.866,-0.5,0.25,33.0,6,81.3,1
mosul,2026-04-13,5.3,36,9,84.3,9.7,0.0,0.866,-0.5,0.25,1.6,10,64.64,1
mosul,2026-04-14,34.1,100,5,64.4,4.8,0.0,0.866,-0.5,0.25,8.6,9,11.57,1
mosul,2026-04-15,7.5,60,9,67.1,5.0,0.0,0.866,-0.5,0.25,0.2,10,24.16,1
mosul,2026-04-16,24.5,100,8,65.6,4.4,0.0,0.866,-0.5,0.25,50.2,4,54.89,0
mosul,2026-04-17,86.7,100,0,55.6,2.9,0.0,0.866,-0.5,0.25,86.2,1,37.54,0
mosul,2026-04-18,95.7,100,0,88.6,15.6,15.9,0.866,-0.5,0.25,87.1,0,99.16,0
mosul,2026-04-19,60.8,100,0,91.4,10.2,2.2,0.866,-0.5,0.25,23.2,6,63.47,1
mosul,2026-04-20,76.1,100,0,89.4,9.0,8.7,0.866,-0.5,0.25,25.1,7,75.95,1
mosul,2026-04-21,13.6,55,8,83.8,5.1,0.0,0.866,-0.5,0.25,2.9,10,55.02,1
mosul,2026-04-22,8.4,38,8,67.1,3.9,0.0,0.866,-0.5,0.25,4.7,10,15.54,1
mosul,2026-04-23,20.1,44,5,59.3,9.2,0.0,0.866,-0.5,0.25,0.3,10,10.59,1
mosul,2026-04-24,71.5,100,0,73.6,14.4,0.2,0.866,-0.5,0.25,69.2,0,36.38,0
mosul,2026-04-25,98.3,100,0,63.5,7.2,0.0,0.866,-0.5,0.25,60.6,2,80.51,0
mosul,2026-04-26,94.8,100,0,83.7,15.5,6.8,0.866,-0.5,0.25,63.6,1,66.41,0
mosul,2026-04-27,83.8,100,1,76.3,6.6,0.0,0.866,-0.5,0.25,48.9,3,62.34,0
mosul,2026-04-28,33.3,61,3,82.2,8.2,0.0,0.866,-0.5,0.25,12.0,9,91.63,1
mosul,2026-04-29,23.5,100,7,77.6,9.4,0.0,0.866,-0.5,0.25,5.3,10,72.71,1
mosul,2026-04-30,1.9,11,10,61.7,5.1,0.0,0.866,-0.5,0.25,4.3,10,5.44,1
mosul,2026-05-01,94.2,100,0,45.8,16.6,0.6,0.5,-0.866,0.25,96.9,0,25.93,0
mosul,2026-05-02,99.3,100,0,53.4,7.4,0.0,0.5,-0.866,0.25,96.5,0,75.05,0
mosul,2026-05-03,68.2,100,0,47.1,28.3,0.0,0.5,-0.866,0.25,47.7,3,88.07,0
mosul,2026-05-04,27.4,56,4,57.9,18.1,0.0,0.5,-0.866,0.25,8.7,9,34.03,1
mosul,2026-05-05,42.6,76,2,51.8,21.1,0.0,0.5,-0.866,0.25,25.3,7,8.83,1
mosul,2026-05-06,6.6,29,9,64.0,6.8,0.0,0.5,-0.866,0.25,0.0,10,31.6,1
mosul,2026-05-07,3.0,20,10,57.3,7.3,0.0,0.5,-0.866,0.25,1.7,10,7.34,1
mosul,2026-05-08,0.0,0,10,54.3,8.4,0.0,0.5,-0.866,0.25,0.1,10,3.73,1
mosul,2026-05-09,10.7,38,8,56.8,5.9,0.0,0.5,-0.866,0.25,3.1,10,7.26,1
mosul,2026-05-10,45.0,96,1,58.8,6.0,0.0,0.5,-0.866,0.25,23.5,7,14.31,1
mosul,2026-05-11,72.2,100,1,40.6,4.6,0.0,0.5,-0.866,0.25,17.6,9,54.05,1
mosul,2026-05-12,35.3,100,5,53.8,16.4,0.0,0.5,-0.866,0.25,3.6,10,53.01,1
mosul,2026-05-13,16.6,40,6,37.1,16.1,0.0,0.5,-0.866,0.25,16.9,8,12.48,1
mosul,2026-05-14,71.4,100,0,42.5,13.6,0.0,0.5,-0.866,0.25,50.3,3,49.22,0
mosul,2026-05-15,48.1,100,4,59.4,12.0,0.0,0.5,-0.866,0.25,4.4,10,59.2,1
mosul,2026-05-16,40.2,100,6,70.8,10.9,0.0,0.5,-0.866,0.25,2.5,10,36.05,1
mosul,2026-05-17,40.0,59,1,50.9,4.4,0.0,0.5,-0.866,0.25,6.5,8,11.74,1
mosul,2026-05-18,31.5,65,3,59.3,8.4,0.0,0.5,-0.866,0.25,2.0,10,40.56,1
mosul,2026-05-19,0.3,3,10,60.5,17.1,0.0,0.5,-0.866,0.25,3.5,10,32.75,1
mosul,2026-05-20,74.1,100,1,52.0,18.4,1.8,0.5,-0.866,0.25,62.9,1,52.96,0
mosul,2026-05-21,9.2,29,8,59.7,19.6,0.0,0.5,-0.866,0.25,4.1,10,43.69,1
mosul,2026-05-22,17.5,39,7,56.5,8.8,0.0,0.5,-0.866,0.25,5.3,9,24.28,1
mosul,2026-05-23,47.2,87,2,43.7,5.7,0.0,0.5,-0.866,0.25,34.1,5,15.8,0
mosul,2026-05-24,4.3,29,9,45.8,18.0,0.0,0.5,-0.866,0.25,0.6,10,42.0,1
mosul,2026-05-25,10.9,45,8,44.0,8.2,0.0,0.5,-0.866,0.25,10.5,9,8.17,1
mosul,2026-05-26,5.3,15,10,45.6,11.0,0.0,0.5,-0.866,0.25,3.0,10,9.7,1
mosul,2026-05-27,38.5,94,4,41.8,9.4,0.0,0.5,-0.866,0.25,7.7,9,5.89,1
mosul,2026-05-28,100.0,100,0,27.9,23.1,0.0,0.5,-0.866,0.25,66.2,2,42.86,0
mosul,2026-05-29,35.8,64,2,38.4,13.8,0.0,0.5,-0.866,0.25,2.5,10,62.82,1
mosul,2026-05-30,2.1,19,10,27.3,16.9,0.0,0.5,-0.866,0.25,3.4,9,21.68,1
mosul,2026-05-31,17.4,75,8,36.2,7.2,0.0,0.5,-0.866,0.25,8.9,9,5.52,1
mosul,2026-06-01,33.1,61,4,35.3,3.6,0.0,0.0,-1.0,0.25,2.9,10,3.85,1
mosul,2026-06-02,29.6,70,5,33.4,5.9,0.0,0.0,-1.0,0.25,3.1,10,4.82,1
mosul,2026-06-03,2.1,10,10,34.4,11.9,0.0,0.0,-1.0,0.25,9.2,9,28.04,1
mosul,2026-06-04,0.8,5,10,21.8,14.3,0.0,0.0,-1.0,0.25,14.6,8,14.46,1
mosul,2026-06-05,20.2,35,6,26.4,11.3,0.0,0.0,-1.0,0.25,0.0,10,3.8,1
mosul,2026-06-06,15.2,56,8,18.4,12.9,0.0,0.0,-1.0,0.25,10.0,8,7.86,1
mosul,2026-06-07,0.0,0,10,22.5,9.3,0.0,0.0,-1.0,0.25,0.0,10,18.05,1
mosul,2026-06-08,10.7,55,8,26.2,7.9,0.0,0.0,-1.0,0.25,0.0,10,1.48,1
mosul,2026-06-09,18.7,58,7,29.9,17.1,0.0,0.0,-1.0,0.25,7.0,9,9.38,1
mosul,2026-06-10,19.9,48,6,25.1,6.2,0.0,0.0,-1.0,0.25,11.8,8,16.83,1
mosul,2026-06-11,9.2,48,9,26.2,15.4,0.0,0.0,-1.0,0.25,16.2,7,11.4,1
mosul,2026-06-12,3.3,14,10,35.0,12.9,0.0,0.0,-1.0,0.25,0.2,10,14.27,1
mosul,2026-06-13,6.7,19,10,23.6,13.8,0.0,0.0,-1.0,0.25,0.0,10,7.95,1
mosul,2026-06-14,8.8,26,9,27.6,16.3,0.0,0.0,-1.0,0.25,0.8,10,9.96,1
mosul,2026-06-15,32.2,50,3,32.7,9.6,0.0,0.0,-1.0,0.25,1.6,10,3.91,1
mosul,2026-06-16,0.0,0,10,27.3,5.9,0.0,0.0,-1.0,0.25,0.4,10,4.04,1
mosul,2026-06-17,23.1,41,5,23.4,8.7,0.0,0.0,-1.0,0.25,0.0,10,2.49,1
mosul,2026-06-18,3.6,21,10,16.2,11.5,0.0,0.0,-1.0,0.25,0.3,10,2.84,1
mosul,2026-06-19,0.5,2,10,19.4,13.9,0.0,0.0,-1.0,0.25,0.0,10,5.45,1
mosul,2026-06-20,0.0,0,10,15.9,17.3,0.0,0.0,-1.0,0.25,0.0,10,4.97,1
mosul,2026-06-21,0.0,0,10,20.5,12.8,0.0,0.0,-1.0,0.25,0.0,10,2.01,1
mosul,2026-06-22,0.0,0,10,25.5,7.7,0.0,0.0,-1.0,0.25,0.0,10,11.4,1
mosul,2026-06-23,0.0,0,10,21.6,17.7,0.0,0.0,-1.0,0.25,0.0,10,12.51,1
mosul,2026-06-24,2.8,20,10,27.5,7.6,0.0,0.0,-1.0,0.25,0.0,10,9.3,1
mosul,2026-06-25,32.7,57,4,21.1,11.3,0.0,0.0,-1.0,0.25,22.8,6,5.45,1
mosul,2026-06-26,0.0,0,10,27.9,10.4,0.0,0.0,-1.0,0.25,0.1,10,12.16,1
mosul,2026-06-27,19.6,37,6,24.8,13.7,0.0,0.0,-1.0,0.25,6.6,9,17.06,1
mosul,2026-06-28,0.0,0,10,15.9,17.3,0.0,0.0,-1.0,0.25,0.0,10,9.6,1
mosul,2026-06-29,0.0,0,10,18.7,8.2,0.0,0.0,-1.0,0.25,0.0,10,10.46,1
mosul,2026-06-30,0.0,0,10,16.7,10.2,0.0,0.0,-1.0,0.25,0.0,10,,1
mosul,2026-07-01,0.0,0,10,22.6,9.9,0.0,-0.5,-0.866,0.25,0.0,10,,1
mosul,2026-07-02,0.0,0,10,18.2,13.6,0.0,-0.5,-0.866,0.25,0.0,10,,1
mosul,2026-07-03,0.1,1,10,24.5,10.5,0.0,-0.5,-0.866,0.25,0.0,10,,1
mosul,2026-07-04,25.9,58,5,24.9,12.4,0.0,-0.5,-0.866,0.25,10.6,9,,1
mosul,2026-07-05,0.3,2,10,22.5,15.3,0.0,-0.5,-0.866,0.25,0.6,10,,1
mosul,2026-07-06,0.4,2,10,20.0,17.4,0.0,-0.5,-0.866,0.25,1.0,10,,1
mosul,2026-07-07,11.4,34,8,25.8,14.9,0.0,-0.5,-0.866,0.25,0.2,10,,1
mosul,2026-07-08,10.3,38,8,24.0,13.0,0.0,-0.5,-0.866,0.25,0.2,10,,1
mosul,2026-07-09,0.0,0,10,18.8,13.4,0.0,-0.5,-0.866,0.25,0.0,10,,1
mosul,2026-07-10,0.0,0,10,17.1,13.7,0.0,-0.5,-0.866,0.25,0.0,10,,1
mosul,2026-07-11,0.0,0,10,24.6,9.1,0.0,-0.5,-0.866,0.25,0.0,10,,1
mosul,2026-07-12,0.0,0,10,18.4,8.7,0.0,-0.5,-0.866,0.25,0.0,10,,1
mosul,2026-07-13,0.0,0,10,18.6,17.7,0.0,-0.5,-0.866,0.25,0.0,10,,1
mosul,2026-07-14,0.0,0,10,21.5,16.5,0.0,-0.5,-0.866,0.25,0.0,10,,1
mosul,2026-07-15,0.2,2,10,22.2,12.7,0.0,-0.5,-0.866,0.25,0.0,10,,1
mosul,2026-07-16,0.0,0,10,19.3,15.5,0.0,-0.5,-0.866,0.25,0.0,10,,1
mosul,2026-07-17,3.6,19,10,18.9,14.0,0.0,-0.5,-0.866,0.25,0.0,10,,1
mosul,2026-07-18,1.2,11,10,17.8,11.6,0.0,-0.5,-0.866,0.25,0.0,10,,1
mosul,2026-07-19,0.0,0,10,20.6,16.2,0.0,-0.5,-0.866,0.25,0.0,10,,1
mosul,2026-07-20,3.7,24,10,22.9,7.6,0.0,-0.5,-0.866,0.25,0.0,10,,1
mosul,2026-07-21,11.5,27,9,19.3,11.9,0.0,-0.5,-0.866,0.25,0.0,10,,1
mosul,2026-07-22,21.4,39,4,18.3,14.4,0.0,-0.5,-0.866,0.25,0.0,10,,1
mosul,2026-07-23,0.2,2,10,16.7,15.4,0.0,-0.5,-0.866,0.25,0.0,10,,1
mosul,2026-07-24,0.0,0,10,17.2,12.1,0.0,-0.5,-0.866,0.25,0.0,10,,1
mosul,2026-07-25,0.0,0,10,25.2,15.0,0.0,-0.5,-0.866,0.25,0.0,10,,1
mosul,2026-07-26,0.0,0,10,26.9,16.9,0.0,-0.5,-0.866,0.25,0.0,10,,1
mosul,2026-07-27,0.0,0,10,20.5,11.9,0.0,-0.5,-0.866,0.25,0.0,10,,1
mosul,2026-07-28,0.0,0,10,16.7,9.4,0.0,-0.5,-0.866,0.25,0.0,10,,1
mosul,2026-07-29,15.9,44,7,17.5,12.2,0.0,-0.5,-0.866,0.25,0.2,10,,1
mosul,2026-07-30,0.0,0,10,17.0,5.4,0.0,-0.5,-0.866,0.25,0.0,10,,1
mosul,2026-07-31,31.7,70,5,18.3,9.1,0.0,-0.5,-0.866,0.25,6.6,9,,1
mosul,2026-08-01,44.4,74,1,14.8,21.9,0.0,-0.866,-0.5,0.25,24.0,6,,1
mosul,2026-08-02,16.5,51,6,11.6,18.7,0.0,-0.866,-0.5,0.25,0.4,10,,1
mosul,2026-08-03,0.0,0,10,10.9,19.0,0.0,-0.866,-0.5,0.25,0.0,10,,1
mosul,2026-08-04,0.0,0,10,17.6,17.3,0.0,-0.866,-0.5,0.25,0.0,10,,1
mosul,2026-08-05,0.0,0,10,18.3,16.5,0.0,-0.866,-0.5,0.25,0.0,10,,1
mosul,2026-08-06,0.0,0,10,21.7,9.1,0.0,-0.866,-0.5,0.25,0.0,10,,1
mosul,2026-08-07,0.0,0,10,23.8,12.6,0.0,-0.866,-0.5,0.25,0.0,10,,1
mosul,2026-08-08,0.0,0,10,24.8,12.4,0.0,-0.866,-0.5,0.25,0.0,10,,1
mosul,2026-08-09,14.0,26,9,25.2,15.0,0.0,-0.866,-0.5,0.25,0.0,10,,1
mosul,2026-08-10,31.0,58,4,22.5,12.2,0.0,-0.866,-0.5,0.25,16.0,7,,1
mosul,2026-08-11,17.8,56,6,20.7,14.0,0.0,-0.866,-0.5,0.25,35.0,5,,0
mosul,2026-08-12,24.1,48,4,19.0,10.2,0.0,-0.866,-0.5,0.25,9.9,9,,1
mosul,2026-08-13,0.6,6,10,21.2,11.9,0.0,-0.866,-0.5,0.25,0.0,10,,1
mosul,2026-08-14,27.9,50,4,25.0,6.5,0.0,-0.866,-0.5,0.25,0.9,10,,1
mosul,2026-08-15,0.0,0,10,30.2,11.2,0.0,-0.866,-0.5,0.25,0.0,10,,1
mosul,2026-08-16,0.1,1,10,24.0,14.4,0.0,-0.866,-0.5,0.25,0.1,10,,1
mosul,2026-08-17,8.2,31,9,25.8,8.9,0.0,-0.866,-0.5,0.25,0.7,10,,1
mosul,2026-08-18,0.0,0,10,22.1,11.3,0.0,-0.866,-0.5,0.25,0.0,10,,1
mosul,2026-08-19,0.0,0,10,27.0,10.0,0.0,-0.866,-0.5,0.25,0.0,10,,1
mosul,2026-08-20,0.0,0,10,22.0,11.4,0.0,-0.866,-0.5,0.25,0.0,10,,1
mosul,2026-08-21,0.0,0,10,23.4,14.5,0.0,-0.866,-0.5,0.25,0.0,10,,1
mosul,2026-08-22,0.0,0,10,27.4,4.7,0.0,-0.866,-0.5,0.25,0.0,10,,1
mosul,2026-08-23,0.0,0,10,21.8,14.7,0.0,-0.866,-0.5,0.25,0.0,10,,1
mosul,2026-08-24,0.0,0,10,22.6,17.3,0.0,-0.866,-0.5,0.25,0.0,10,,1
mosul,2026-08-25,1.9,10,10,20.5,13.7,0.0,-0.866,-0.5,0.25,0.0,10,,1
mosul,2026-08-26,0.0,0,10,23.7,8.0,0.0,-0.866,-0.5,0.25,0.0,10,,1
mosul,2026-08-27,0.6,5,10,24.2,15.2,0.0,-0.866,-0.5,0.25,0.0,10,,1
mosul,2026-08-28,35.1,72,5,27.5,4.1,0.0,-0.866,-0.5,0.25,5.3,9,,1
mosul,2026-08-29,15.9,63,7,27.0,12.6,0.0,-0.866,-0.5,0.25,0.0,10,,1
mosul,2026-08-30,0.2,2,10,31.9,21.1,0.0,-0.866,-0.5,0.25,0.0,10,,1
mosul,2026-08-31,0.1,1,10,36.1,5.6,0.0,-0.866,-0.5,0.25,1.1,10,,1
mosul,2026-09-01,16.6,40,6,32.6,5.7,0.0,-1.0,-0.0,0.25,0.2,10,,1
mosul,2026-09-02,0.4,3,10,26.9,5.9,0.0,-1.0,-0.0,0.25,0.0,10,,1
mosul,2026-09-03,3.4,21,10,28.0,5.8,0.0,-1.0,-0.0,0.25,0.0,10,,1
mosul,2026-09-04,0.1,1,10,20.9,7.7,0.0,-1.0,-0.0,0.25,0.0,10,,1
mosul,2026-09-05,19.0,60,8,28.6,5.1,0.0,-1.0,-0.0,0.25,0.0,10,,1
mosul,2026-09-06,48.7,91,3,26.4,16.1,0.0,-1.0,-0.0,0.25,34.2,6,,1
mosul,2026-09-07,0.0,0,10,20.9,15.8,0.0,-1.0,-0.0,0.25,0.0,10,,1
mosul,2026-09-08,0.0,0,10,24.9,6.6,0.0,-1.0,-0.0,0.25,0.0,10,,1
mosul,2026-09-09,0.0,0,10,24.1,5.1,0.0,-1.0,-0.0,0.25,0.0,10,,1
mosul,2026-09-10,18.4,63,6,30.8,4.3,0.0,-1.0,-0.0,0.25,7.8,9,,1
mosul,2026-09-11,2.8,19,10,30.2,4.7,0.0,-1.0,-0.0,0.25,0.0,10,,1
mosul,2026-09-12,0.0,0,10,29.2,5.8,0.0,-1.0,-0.0,0.25,0.0,10,,1
mosul,2026-09-13,11.1,51,8,25.0,7.9,0.0,-1.0,-0.0,0.25,0.2,10,,1
mosul,2026-09-14,0.0,0,10,22.7,13.8,0.0,-1.0,-0.0,0.25,0.0,10,,1
mosul,2026-09-15,4.5,36,9,31.3,7.2,0.0,-1.0,-0.0,0.25,3.9,9,,1
mosul,2026-09-16,0.1,1,10,31.4,6.2,0.0,-1.0,-0.0,0.25,0.0,10,,1
mosul,2026-09-17,22.0,65,5,27.9,4.2,0.0,-1.0,-0.0,0.25,18.0,7,,1
mosul,2026-09-18,17.7,50,6,27.5,11.7,0.0,-1.0,-0.0,0.25,0.0,10,,1
bashiqa,2024-02-01,99.3,100,0,62.1,6.5,0.0,0.866,0.5,0.3564,80.2,1,28.16,0
bashiqa,2024-02-02,47.2,79,1,65.2,6.5,0.0,0.866,0.5,0.3564,5.1,10,25.52,1
bashiqa,2024-02-03,50.1,100,4,69.8,8.1,0.8,0.866,0.5,0.3564,59.6,3,48.77,0
bashiqa,2024-02-04,96.4,100,0,83.2,12.7,1.6,0.866,0.5,0.3564,61.9,2,85.8,0
bashiqa,2024-02-05,94.4,100,0,98.0,9.0,4.7,0.866,0.5,0.3564,80.4,2,99.38,0
bashiqa,2024-02-06,93.7,100,0,77.0,6.6,0.0,0.866,0.5,0.3564,70.8,3,76.69,0
bashiqa,2024-02-07,37.1,59,2,81.8,6.5,0.0,0.866,0.5,0.3564,12.6,8,60.54,1
bashiqa,2024-02-08,62.7,100,3,83.9,6.4,0.0,0.866,0.5,0.3564,45.1,3,50.76,0
bashiqa,2024-02-09,64.3,98,1,70.0,8.9,0.5,0.866,0.5,0.3564,72.0,1,64.08,0
bashiqa,2024-02-10,78.2,100,0,65.8,8.4,0.0,0.866,0.5,0.3564,7.7,9,69.13,1
bashiqa,2024-02-11,0.0,0,10,63.8,10.0,0.0,0.866,0.5,0.3564,0.0,10,3.32,1
bashiqa,2024-02-12,99.1,100,0,57.0,7.1,0.0,0.866,0.5,0.3564,100.0,0,53.62,0
bashiqa,2024-02-13,100.0,100,0,54.9,14.5,0.0,0.866,0.5,0.3564,99.6,0,98.77,0
bashiqa,2024-02-14,100.0,100,0,87.6,29.3,18.9,0.866,0.5,0.3564,99.8,0,99.63,0
bashiqa,2024-02-15,95.4,100,0,90.9,13.3,1.4,0.866,0.5,0.3564,38.8,6,74.21,1
bashiqa,2024-02-16,100.0,100,0,93.4,10.2,8.1,0.866,0.5,0.3564,99.8,0,84.05,0
bashiqa,2024-02-17,95.4,100,0,90.2,8.9,2.4,0.866,0.5,0.3564,39.7,4,98.36,0
bashiqa,2024-02-18,33.5,100,5,86.4,5.1,0.0,0.866,0.5,0.3564,12.7,9,52.47,1
bashiqa,2024-02-19,52.3,97,1,75.6,6.1,0.0,0.866,0.5,0.3564,44.9,5,53.01,0
bashiqa,2024-02-20,24.3,52,5,85.8,4.8,0.0,0.866,0.5,0.3564,2.0,10,48.14,1
bashiqa,2024-02-21,0.0,0,10,80.8,6.9,0.0,0.866,0.5,0.3564,4.0,9,27.98,1
bashiqa,2024-02-22,59.8,100,2,66.6,6.4,1.2,0.866,0.5,0.3564,33.8,7,15.19,1
bashiqa,2024-02-23,94.1,100,0,63.1,7.1,0.0,0.866,0.5,0.3564,100.0,0,94.42,0
bashiqa,2024-02-24,16.6,53,7,62.7,7.1,0.0,0.866,0.5,0.3564,30.1,7,82.98,1
bashiqa,2024-02-25,52.8,92,4,31.6,34.7,0.1,0.866,0.5,0.3564,21.7,7,12.8,1
bashiqa,2024-02-26,4.3,24,10,32.6,22.4,0.0,0.866,0.5,0.3564,14.3,8,2.86,1
bashiqa,2024-02-27,0.4,4,10,20.0,15.9,0.0,0.866,0.5,0.3564,0.1,10,14.43,1
bashiqa,2024-02-28,0.0,0,10,39.2,5.0,0.0,0.866,0.5,0.3564,0.0,10,4.12,1
bashiqa,2024-02-29,0.0,0,10,39.9,5.1,0.0,0.866,0.5,0.3564,0.0,10,1.76,1
bashiqa,2024-03-01,8.1,60,9,37.6,5.9,0.0,1.0,0.0,0.3564,52.9,4,19.86,0
bashiqa,2024-03-02,58.7,100,3,37.6,10.8,0.0,1.0,0.0,0.3564,29.1,7,29.57,1
bashiqa,2024-03-03,50.0,70,1,45.2,10.9,0.0,1.0,0.0,0.3564,86.2,1,68.8,0
bashiqa,2024-03-04,0.0,0,10,54.5,6.9,0.0,1.0,0.0,0.3564,0.5,10,32.85,1
bashiqa,2024-03-05,0.0,0,10,53.6,9.2,0.0,1.0,0.0,0.3564,0.0,10,10.87,1
bashiqa,2024-03-06,91.4,100,0,67.2,17.9,5.4,1.0,0.0,0.3564,67.8,1,55.3,0
bashiqa,2024-03-07,28.0,68,5,80.7,7.6,0.0,1.0,0.0,0.3564,2.5,10,49.44,1
bashiqa,2024-03-08,70.9,98,1,66.4,8.2,0.0,1.0,0.0,0.3564,12.5,7,21.21,1
bashiqa,2024-03-09,63.4,99,1,72.2,14.4,0.3,1.0,0.0,0.3564,41.0,5,67.48,0
bashiqa,2024-03-10,4.2,25,9,75.1,7.2,0.0,1.0,0.0,0.3564,28.5,7,38.69,1
bashiqa,2024-03-11,7.3,27,9,60.4,8.7,0.0,1.0,0.0,0.3564,1.2,10,16.99,1
bashiqa,2024-03-12,2.2,10,10,47.2,5.9,0.0,1.0,0.0,0.3564,23.1,7,7.46,1
bashiqa,2024-03-13,97.7,100,0,51.4,10.8,0.0,1.0,0.0,0.3564,93.1,0,35.56,0
bashiqa,2024-03-14,44.0,69,2,43.5,16.1,0.0,1.0,0.0,0.3564,0.0,10,43.77,1
bashiqa,2024-03-15,27.1,95,5,66.3,13.7,0.2,1.0,0.0,0.3564,0.0,10,18.77,1
bashiqa,2024-03-16,60.2,100,2,53.8,6.3,0.0,1.0,0.0,0.3564,16.4,8,12.37,1
bashiqa,2024-03-17,87.2,100,0,50.2,14.3,0.7,1.0,0.0,0.3564,93.8,0,67.97,0
bashiqa,2024-03-18,100.0,100,0,87.7,23.2,4.9,1.0,0.0,0.3564,100.0,0,99.95,0
bashiqa,2024-03-19,100.0,100,0,94.9,19.1,28.9,1.0,0.0,0.3564,99.2,0,99.68,0
bashiqa,2024-03-20,84.7,98,0,83.0,12.1,0.7,1.0,0.0,0.3564,49.4,1,95.38,0
bashiqa,2024-03-21,98.6,100,0,72.9,13.4,1.7,1.0,0.0,0.3564,77.6,0,97.8,0
bashiqa,2024-03-22,63.4,99,0,92.6,8.6,0.2,1.0,0.0,0.3564,61.0,1,90.87,0
bashiqa,2024-03-23,100.0,100,0,83.5,5.7,0.0,1.0,0.0,0.3564,99.8,0,80.69,0
bashiqa,2024-03-24,100.0,100,0,82.1,12.7,3.0,1.0,0.0,0.3564,100.0,0,99.27,0
bashiqa,2024-03-25,34.0,96,7,65.9,8.0,0.0,1.0,0.0,0.3564,23.1,7,46.67,1
bashiqa,2024-03-26,85.1,100,1,84.3,9.7,2.9,1.0,0.0,0.3564,77.8,2,95.09,0
bashiqa,2024-03-27,68.3,100,2,56.8,7.3,0.0,1.0,0.0,0.3564,74.0,1,83.33,0
bashiqa,2024-03-28,0.0,0,10,67.8,7.6,0.0,1.0,0.0,0.3564,0.0,10,31.02,1
bashiqa,2024-03-29,46.5,98,4,60.2,8.3,0.0,1.0,0.0,0.3564,81.3,0,35.04,0
bashiqa,2024-03-30,0.0,0,10,52.1,8.9,0.0,1.0,0.0,0.3564,0.6,10,31.15,1
bashiqa,2024-03-31,0.0,0,10,57.6,7.7,0.0,1.0,0.0,0.3564,0.0,10,19.32,1
bashiqa,2024-04-01,15.3,77,8,49.3,8.9,0.0,0.866,-0.5,0.3564,9.4,8,1.35,1
bashiqa,2024-04-02,36.1,100,6,39.8,8.2,0.0,0.866,-0.5,0.3564,10.1,9,7.86,1
bashiqa,2024-04-03,13.6,93,9,40.5,7.2,0.0,0.866,-0.5,0.3564,13.4,9,10.63,1
bashiqa,2024-04-04,54.0,98,1,48.3,10.9,0.0,0.866,-0.5,0.3564,22.2,5,15.0,0
bashiqa,2024-04-05,72.3,100,1,44.2,8.7,0.0,0.866,-0.5,0.3564,60.5,3,20.45,0
bashiqa,2024-04-06,100.0,100,0,41.3,24.3,2.1,0.866,-0.5,0.3564,93.6,0,73.15,0
bashiqa,2024-04-07,87.5,100,0,71.0,28.7,1.8,0.866,-0.5,0.3564,92.6,0,94.82,0
bashiqa,2024-04-08,87.4,100,0,48.0,15.3,0.0,0.866,-0.5,0.3564,58.8,2,85.92,0
bashiqa,2024-04-09,100.0,100,0,80.0,28.0,17.5,0.866,-0.5,0.3564,90.7,0,69.69,0
bashiqa,2024-04-10,89.9,100,1,88.6,6.9,1.6,0.866,-0.5,0.3564,91.0,1,89.03,0
bashiqa,2024-04-11,71.8,100,2,73.0,7.1,0.0,0.866,-0.5,0.3564,37.7,5,64.65,0
bashiqa,2024-04-12,34.7,100,5,52.9,9.6,0.0,0.866,-0.5,0.3564,18.3,7,15.54,1
bashiqa,2024-04-13,0.0,0,10,48.4,7.0,0.0,0.866,-0.5,0.3564,0.0,10,1.2,1
bashiqa,2024-04-14,99.3,100,0,40.5,12.7,0.1,0.866,-0.5,0.3564,90.3,0,24.56,0
bashiqa,2024-04-15,16.5,90,7,60.8,8.7,0.0,0.866,-0.5,0.3564,2.2,10,74.2,1
bashiqa,2024-04-16,0.0,0,10,40.1,10.5,0.0,0.866,-0.5,0.3564,0.0,10,1.35,1
bashiqa,2024-04-17,15.9,88,8,37.6,8.4,0.0,0.866,-0.5,0.3564,7.7,9,1.0,1
bashiqa,2024-04-18,27.6,76,5,36.4,11.3,0.0,0.866,-0.5,0.3564,0.1,10,2.98,1
bashiqa,2024-04-19,1.1,9,10,39.1,10.3,0.0,0.866,-0.5,0.3564,0.1,10,10.58,1
bashiqa,2024-04-20,79.9,100,0,28.3,10.8,0.0,0.866,-0.5,0.3564,99.6,0,49.77,0
bashiqa,2024-04-21,10.7,75,9,62.9,4.7,0.0,0.866,-0.5,0.3564,0.0,10,76.18,1
bashiqa,2024-04-22,2.6,18,10,32.6,8.9,0.0,0.866,-0.5,0.3564,0.2,10,2.36,1
bashiqa,2024-04-23,9.7,36,7,30.8,8.7,0.0,0.866,-0.5,0.3564,2.9,10,58.21,1
bashiqa,2024-04-24,11.7,69,8,38.7,9.7,0.0,0.866,-0.5,0.3564,11.2,9,51.97,1
bashiqa,2024-04-25,0.5,3,10,38.2,9.4,0.0,0.866,-0.5,0.3564,0.0,10,1.5,1
bashiqa,2024-04-26,1.7,5,10,25.3,9.6,0.0,0.866,-0.5,0.3564,0.0,10,2.01,1
bashiqa,2024-04-27,33.7,100,5,17.6,18.5,0.0,0.866,-0.5,0.3564,0.8,10,4.09,1
bashiqa,2024-04-28,4.1,17,10,17.9,14.8,0.0,0.866,-0.5,0.3564,1.3,10,1.95,1
bashiqa,2024-04-29,85.0,100,1,34.8,15.5,0.1,0.866,-0.5,0.3564,90.8,0,32.59,0
bashiqa,2024-04-30,93.8,100,0,65.7,15.5,0.1,0.866,-0.5,0.3564,99.1,0,96.49,0
bashiqa,2024-05-01,85.5,100,0,83.8,19.6,2.9,0.5,-0.866,0.3564,89.0,0,90.62,0
bashiqa,2024-05-02,100.0,100,0,93.3,8.0,14.8,0.5,-0.866,0.3564,83.7,0,90.83,0
bashiqa,2024-05-03,98.3,100,0,90.1,8.7,21.3,0.5,-0.866,0.3564,74.8,2,95.12,0
bashiqa,2024-05-04,76.6,100,0,77.7,20.3,0.1,0.5,-0.866,0.3564,6.0,10,71.52,1
bashiqa,2024-05-05,90.0,100,1,46.6,20.5,0.2,0.5,-0.866,0.3564,89.7,1,44.23,0
bashiqa,2024-05-06,65.2,96,0,77.4,17.0,4.5,0.5,-0.866,0.3564,38.5,4,71.54,0
bashiqa,2024-05-07,62.0,100,3,84.5,7.0,0.1,0.5,-0.866,0.3564,24.8,7,71.94,1
bashiqa,2024-05-08,6.9,69,9,70.0,9.3,0.0,0.5,-0.866,0.3564,0.1,10,46.31,1
bashiqa,2024-05-09,60.0,100,2,45.0,9.0,0.0,0.5,-0.866,0.3564,64.0,3,40.62,0
bashiqa,2024-05-10,91.4,100,0,38.9,12.9,0.0,0.5,-0.866,0.3564,58.2,3,23.59,0
bashiqa,2024-05-11,84.1,100,0,33.6,23.7,0.0,0.5,-0.866,0.3564,41.0,3,86.01,0
bashiqa,2024-05-12,32.2,100,5,43.7,13.6,0.0,0.5,-0.866,0.3564,7.0,9,44.88,1
bashiqa,2024-05-13,39.6,71,3,57.5,14.6,0.0,0.5,-0.866,0.3564,10.7,9,43.57,1
bashiqa,2024-05-14,8.0,31,9,52.4,13.1,0.0,0.5,-0.866,0.3564,3.4,10,43.3,1
bashiqa,2024-05-15,59.2,90,1,36.1,10.6,0.0,0.5,-0.866,0.3564,25.6,6,35.74,1
bashiqa,2024-05-16,33.6,64,4,45.1,7.4,0.0,0.5,-0.866,0.3564,4.4,10,54.19,1
bashiqa,2024-05-17,41.3,75,3,31.3,11.4,0.0,0.5,-0.866,0.3564,4.3,10,12.76,1
bashiqa,2024-05-18,54.8,100,1,29.3,10.9,0.0,0.5,-0.866,0.3564,25.9,6,8.31,1
bashiqa,2024-05-19,81.9,100,0,37.2,10.5,0.0,0.5,-0.866,0.3564,40.2,6,52.51,1
bashiqa,2024-05-20,26.7,100,5,43.8,15.0,0.0,0.5,-0.866,0.3564,0.4,10,47.28,1
bashiqa,2024-05-21,82.5,100,0,38.5,15.9,0.0,0.5,-0.866,0.3564,53.8,2,44.71,0
bashiqa,2024-05-22,10.6,99,9,45.1,7.6,0.0,0.5,-0.866,0.3564,11.0,8,46.71,1
bashiqa,2024-05-23,54.9,100,2,33.0,10.5,0.0,0.5,-0.866,0.3564,58.5,1,50.94,0
bashiqa,2024-05-24,0.2,2,10,24.6,11.4,0.0,0.5,-0.866,0.3564,0.0,10,41.3,1
bashiqa,2024-05-25,11.2,62,8,33.8,14.3,0.0,0.5,-0.866,0.3564,0.4,10,5.47,1
bashiqa,2024-05-26,0.2,2,10,32.4,10.9,0.0,0.5,-0.866,0.3564,0.0,10,24.43,1
bashiqa,2024-05-27,17.9,100,7,25.3,10.9,0.0,0.5,-0.866,0.3564,12.0,9,3.52,1
bashiqa,2024-05-28,84.2,100,0,21.6,19.2,0.0,0.5,-0.866,0.3564,82.2,1,46.34,0
bashiqa,2024-05-29,28.2,79,4,27.5,14.3,0.0,0.5,-0.866,0.3564,15.8,9,64.26,1
bashiqa,2024-05-30,32.3,49,3,22.4,16.1,0.0,0.5,-0.866,0.3564,4.9,9,31.28,1
bashiqa,2024-05-31,0.0,0,10,24.8,21.1,0.0,0.5,-0.866,0.3564,0.0,10,9.87,1
bashiqa,2024-06-01,2.1,13,10,27.8,9.1,0.0,0.0,-1.0,0.3564,0.0,10,0.88,1
bashiqa,2024-06-02,0.0,0,10,24.7,7.9,0.0,0.0,-1.0,0.3564,0.0,10,0.27,1
bashiqa,2024-06-03,1.0,6,10,17.3,16.3,0.0,0.0,-1.0,0.3564,0.0,10,1.0,1
bashiqa,2024-06-04,3.0,29,9,14.4,22.9,0.0,0.0,-1.0,0.3564,0.0,10,0.56,1
bashiqa,2024-06-05,8.4,44,8,12.4,19.3,0.0,0.0,-1.0,0.3564,0.0,10,1.43,1
bashiqa,2024-06-06,0.2,2,10,16.1,10.1,0.0,0.0,-1.0,0.3564,0.0,10,1.56,1
bashiqa,2024-06-07,10.9,57,9,17.9,11.6,0.0,0.0,-1.0,0.3564,0.2,10,1.36,1
bashiqa,2024-06-08,93.3,100,0,20.5,11.9,0.3,0.0,-1.0,0.3564,30.5,5,12.26,0
bashiqa,2024-06-09,20.8,100,8,19.2,18.4,0.0,0.0,-1.0,0.3564,4.7,9,38.32,1
bashiqa,2024-06-10,85.4,100,0,25.4,26.7,0.2,0.0,-1.0,0.3564,30.4,5,72.39,0
bashiqa,2024-06-11,0.3,3,10,22.8,18.5,0.0,0.0,-1.0,0.3564,0.0,10,14.21,1
bashiqa,2024-06-12,1.0,6,10,20.3,9.8,0.0,0.0,-1.0,0.3564,7.1,8,2.83,1
bashiqa,2024-06-13,6.5,19,10,22.4,16.5,0.0,0.0,-1.0,0.3564,0.2,10,2.82,1
bashiqa,2024-06-14,0.4,4,10,17.2,20.5,0.0,0.0,-1.0,0.3564,0.2,10,1.19,1
bashiqa,2024-06-15,0.6,6,10,16.9,6.7,0.0,0.0,-1.0,0.3564,0.0,10,3.38,1
bashiqa,2024-06-16,10.4,63,8,14.0,13.9,0.0,0.0,-1.0,0.3564,1.9,10,23.93,1
bashiqa,2024-06-17,15.6,97,9,13.0,12.7,0.0,0.0,-1.0,0.3564,0.2,10,6.08,1
bashiqa,2024-06-18,0.0,0,10,11.4,10.0,0.0,0.0,-1.0,0.3564,0.0,10,5.02,1
bashiqa,2024-06-19,0.0,0,10,11.5,13.1,0.0,0.0,-1.0,0.3564,0.0,10,10.52,1
bashiqa,2024-06-20,45.7,100,4,14.5,13.6,0.0,0.0,-1.0,0.3564,6.6,9,4.55,1
bashiqa,2024-06-21,0.5,4,10,15.0,18.5,0.0,0.0,-1.0,0.3564,0.2,10,34.32,1
bashiqa,2024-06-22,53.8,73,0,18.3,12.8,0.1,0.0,-1.0,0.3564,11.2,8,25.4,1
bashiqa,2024-06-23,36.2,76,3,16.8,16.3,0.0,0.0,-1.0,0.3564,18.6,7,21.23,1
bashiqa,2024-06-24,0.1,1,10,26.7,15.8,0.0,0.0,-1.0,0.3564,0.0,10,37.6,1
bashiqa,2024-06-25,28.6,46,4,21.9,14.2,0.0,0.0,-1.0,0.3564,10.3,8,4.71,1
bashiqa,2024-06-26,0.0,0,10,19.7,23.9,0.0,0.0,-1.0,0.3564,0.0,10,13.95,1
bashiqa,2024-06-27,0.0,0,10,16.1,8.3,0.0,0.0,-1.0,0.3564,0.0,10,8.94,1
bashiqa,2024-06-28,0.0,0,10,14.0,12.3,0.0,0.0,-1.0,0.3564,0.0,10,4.83,1
bashiqa,2024-06-29,0.0,0,10,13.6,11.4,0.0,0.0,-1.0,0.3564,0.0,10,8.03,1
bashiqa,2024-06-30,8.6,27,8,16.4,18.4,0.0,0.0,-1.0,0.3564,0.0,10,5.0,1
bashiqa,2024-07-01,17.1,65,7,26.1,19.7,0.0,-0.5,-0.866,0.3564,0.0,10,40.51,1
bashiqa,2024-07-02,41.8,71,3,20.2,20.7,0.0,-0.5,-0.866,0.3564,0.0,10,7.32,1
bashiqa,2024-07-03,0.1,1,10,17.6,8.2,0.0,-0.5,-0.866,0.3564,0.0,10,7.36,1
bashiqa,2024-07-04,0.0,0,10,16.7,13.3,0.0,-0.5,-0.866,0.3564,0.0,10,2.23,1
bashiqa,2024-07-05,3.7,31,9,13.2,26.2,0.0,-0.5,-0.866,0.3564,0.0,10,3.75,1
bashiqa,2024-07-06,4.4,15,10,26.0,21.7,0.0,-0.5,-0.866,0.3564,0.0,10,7.05,1
bashiqa,2024-07-07,22.2,53,5,27.3,10.8,0.0,-0.5,-0.866,0.3564,0.0,10,7.09,1
bashiqa,2024-07-08,41.4,71,3,23.9,10.6,0.0,-0.5,-0.866,0.3564,0.0,10,7.21,1
bashiqa,2024-07-09,19.2,68,7,19.5,13.5,0.0,-0.5,-0.866,0.3564,1.2,10,15.91,1
bashiqa,2024-07-10,6.1,30,9,15.6,10.8,0.0,-0.5,-0.866,0.3564,5.6,10,30.41,1
bashiqa,2024-07-11,2.4,12,10,15.2,9.7,0.0,-0.5,-0.866,0.3564,0.0,10,15.64,1
bashiqa,2024-07-12,0.0,0,10,15.7,17.2,0.0,-0.5,-0.866,0.3564,0.0,10,6.61,1
bashiqa,2024-07-13,0.0,0,10,22.0,10.3,0.0,-0.5,-0.866,0.3564,0.0,10,10.57,1
bashiqa,2024-07-14,27.0,47,4,27.7,11.7,0.0,-0.5,-0.866,0.3564,0.0,10,8.12,1
bashiqa,2024-07-15,24.2,42,3,27.6,16.6,0.0,-0.5,-0.866,0.3564,0.0,10,13.72,1
bashiqa,2024-07-16,5.7,32,9,23.6,13.9,0.0,-0.5,-0.866,0.3564,0.0,10,7.54,1
bashiqa,2024-07-17,0.0,0,10,19.5,18.5,0.0,-0.5,-0.866,0.3564,0.0,10,3.6,1
bashiqa,2024-07-18,2.4,18,10,18.6,12.4,0.0,-0.5,-0.866,0.3564,0.4,10,7.22,1
bashiqa,2024-07-19,47.9,67,1,20.3,16.7,0.0,-0.5,-0.866,0.3564,2.8,10,7.44,1
bashiqa,2024-07-20,16.8,30,7,18.5,21.6,0.0,-0.5,-0.866,0.3564,0.0,10,14.06,1
bashiqa,2024-07-21,2.0,18,10,21.2,9.0,0.0,-0.5,-0.866,0.3564,0.4,10,2.6,1
bashiqa,2024-07-22,0.3,2,10,19.6,14.8,0.0,-0.5,-0.866,0.3564,0.1,10,6.42,1
bashiqa,2024-07-23,5.2,27,9,19.0,10.5,0.0,-0.5,-0.866,0.3564,0.0,10,4.37,1
bashiqa,2024-07-24,1.1,7,10,17.4,9.0,0.0,-0.5,-0.866,0.3564,0.0,10,4.4,1
bashiqa,2024-07-25,0.0,0,10,18.7,16.2,0.0,-0.5,-0.866,0.3564,0.0,10,5.18,1
bashiqa,2024-07-26,0.5,3,10,28.5,18.3,0.0,-0.5,-0.866,0.3564,0.0,10,2.89,1
bashiqa,2024-07-27,4.4,22,10,27.0,11.7,0.0,-0.5,-0.866,0.3564,0.0,10,4.39,1
bashiqa,2024-07-28,3.6,24,10,21.8,21.3,0.0,-0.5,-0.866,0.3564,0.0,10,7.03,1
bashiqa,2024-07-29,2.2,7,10,21.9,33.0,0.0,-0.5,-0.866,0.3564,0.0,10,10.14,1
bashiqa,2024-07-30,0.0,0,10,19.9,10.5,0.0,-0.5,-0.866,0.3564,0.0,10,6.24,1
bashiqa,2024-07-31,0.0,0,10,22.2,9.7,0.0,-0.5,-0.866,0.3564,0.0,10,2.87,1
bashiqa,2024-08-01,0.0,0,10,21.4,7.8,0.0,-0.866,-0.5,0.3564,0.0,10,4.2,1
bashiqa,2024-08-02,17.6,39,5,20.9,11.6,0.0,-0.866,-0.5,0.3564,0.0,10,4.18,1
bashiqa,2024-08-03,33.7,66,3,18.7,14.1,0.0,-0.866,-0.5,0.3564,0.0,10,3.38,1
bashiqa,2024-08-04,2.7,7,10,16.7,13.0,0.0,-0.866,-0.5,0.3564,0.0,10,8.13,1
bashiqa,2024-08-05,0.0,0,10,17.6,8.0,0.0,-0.866,-0.5,0.3564,0.0,10,3.29,1
bashiqa,2024-08-06,0.0,0,10,18.5,7.9,0.0,-0.866,-0.5,0.3564,0.0,10,2.82,1
bashiqa,2024-08-07,0.6,4,10,17.5,10.1,0.0,-0.866,-0.5,0.3564,0.0,10,2.38,1
bashiqa,2024-08-08,0.0,0,10,18.0,20.4,0.0,-0.866,-0.5,0.3564,0.0,10,9.78,1
bashiqa,2024-08-09,0.0,0,10,19.3,7.2,0.0,-0.866,-0.5,0.3564,0.0,10,15.94,1
bashiqa,2024-08-10,0.0,0,10,22.4,7.5,0.0,-0.866,-0.5,0.3564,0.0,10,7.98,1
bashiqa,2024-08-11,0.0,0,10,17.7,8.6,0.0,-0.866,-0.5,0.3564,0.0,10,4.96,1
bashiqa,2024-08-12,1.4,4,10,19.2,15.7,0.0,-0.866,-0.5,0.3564,0.1,10,5.49,1
bashiqa,2024-08-13,8.7,24,10,23.1,8.7,0.0,-0.866,-0.5,0.3564,0.0,10,4.45,1
bashiqa,2024-08-14,9.4,41,8,20.6,11.3,0.0,-0.866,-0.5,0.3564,0.0,10,10.15,1
bashiqa,2024-08-15,0.0,0,10,17.4,11.4,0.0,-0.866,-0.5,0.3564,0.0,10,2.79,1
bashiqa,2024-08-16,11.7,23,10,26.0,12.6,0.0,-0.866,-0.5,0.3564,0.5,10,7.41,1
bashiqa,2024-08-17,14.9,51,7,24.6,15.0,0.0,-0.866,-0.5,0.3564,0.0,10,9.81,1
bashiqa,2024-08-18,23.4,57,5,26.1,11.8,0.0,-0.866,-0.5,0.3564,0.5,10,13.95,1
bashiqa,2024-08-19,20.6,50,7,23.6,8.3,0.0,-0.866,-0.5,0.3564,0.0,10,5.09,1
bashiqa,2024-08-20,1.7,10,10,18.2,18.8,0.0,-0.866,-0.5,0.3564,0.0,10,4.59,1
bashiqa,2024-08-21,15.1,47,7,23.1,12.7,0.0,-0.866,-0.5,0.3564,0.0,10,3.69,1
bashiqa,2024-08-22,0.0,0,10,18.7,10.2,0.0,-0.866,-0.5,0.3564,0.0,10,6.36,1
bashiqa,2024-08-23,0.0,0,10,18.1,9.6,0.0,-0.866,-0.5,0.3564,0.0,10,3.92,1
bashiqa,2024-08-24,2.0,18,10,17.0,13.0,0.0,-0.866,-0.5,0.3564,0.4,10,13.5,1
bashiqa,2024-08-25,0.0,0,10,29.8,16.0,0.0,-0.866,-0.5,0.3564,0.0,10,18.46,1
bashiqa,2024-08-26,0.0,0,10,25.3,11.0,0.0,-0.866,-0.5,0.3564,0.0,10,2.87,1
bashiqa,2024-08-27,9.8,84,9,22.4,10.1,0.0,-0.866,-0.5,0.3564,6.2,9,22.93,1
bashiqa,2024-08-28,0.9,5,10,24.6,15.8,0.0,-0.866,-0.5,0.3564,0.0,10,4.55,1
bashiqa,2024-08-29,11.8,27,7,25.7,10.9,0.0,-0.866,-0.5,0.3564,0.0,10,8.66,1
bashiqa,2024-08-30,0.0,0,10,29.3,13.7,0.0,-0.866,-0.5,0.3564,0.0,10,6.58,1
bashiqa,2024-08-31,1.4,14,10,23.3,7.6,0.0,-0.866,-0.5,0.3564,0.2,10,10.1,1
bashiqa,2024-09-01,0.0,0,10,33.3,12.0,0.0,-1.0,-0.0,0.3564,0.0,10,5.08,1
bashiqa,2024-09-02,0.0,0,10,28.7,17.1,0.0,-1.0,-0.0,0.3564,0.0,10,6.14,1
bashiqa,2024-09-03,0.0,0,10,28.2,11.5,0.0,-1.0,-0.0,0.3564,0.0,10,5.42,1
bashiqa,2024-09-04,0.0,0,10,34.3,7.2,0.0,-1.0,-0.0,0.3564,0.0,10,10.87,1
bashiqa,2024-09-05,10.6,32,8,37.5,6.0,0.0,-1.0,-0.0,0.3564,0.0,10,5.23,1
bashiqa,2024-09-06,0.0,0,10,27.8,6.9,0.0,-1.0,-0.0,0.3564,0.0,10,3.21,1
bashiqa,2024-09-07,0.0,0,10,22.8,7.4,0.0,-1.0,-0.0,0.3564,0.3,10,4.93,1
bashiqa,2024-09-08,30.9,51,2,24.8,11.8,0.0,-1.0,-0.0,0.3564,12.8,8,6.74,1
bashiqa,2024-09-09,8.9,35,8,20.3,13.6,0.0,-1.0,-0.0,0.3564,7.6,9,25.81,1
bashiqa,2024-09-10,0.8,4,10,18.9,10.9,0.0,-1.0,-0.0,0.3564,4.2,9,18.85,1
bashiqa,2024-09-11,0.9,9,10,26.1,15.8,0.0,-1.0,-0.0,0.3564,0.2,10,7.96,1
bashiqa,2024-09-12,42.0,63,1,28.8,12.8,0.0,-1.0,-0.0,0.3564,0.0,10,4.62,1
bashiqa,2024-09-13,0.1,1,10,26.3,6.4,0.0,-1.0,-0.0,0.3564,0.0,10,4.82,1
bashiqa,2024-09-14,0.0,0,10,21.6,8.5,0.0,-1.0,-0.0,0.3564,0.0,10,7.58,1
bashiqa,2024-09-15,7.3,53,9,27.3,8.4,0.0,-1.0,-0.0,0.3564,0.0,10,10.02,1
bashiqa,2024-09-16,0.1,1,10,41.2,13.9,0.0,-1.0,-0.0,0.3564,0.0,10,8.14,1
bashiqa,2024-09-17,10.8,35,8,40.6,13.4,0.0,-1.0,-0.0,0.3564,0.1,10,7.7,1
bashiqa,2024-09-18,95.5,100,0,30.3,7.4,0.0,-1.0,-0.0,0.3564,67.1,3,24.25,0
bashiqa,2024-09-19,77.8,100,1,34.1,7.1,0.0,-1.0,-0.0,0.3564,39.1,4,64.65,0
bashiqa,2024-09-20,82.4,100,2,49.1,11.9,0.0,-1.0,-0.0,0.3564,75.0,2,61.78,0
bashiqa,2024-09-21,68.3,94,0,37.0,21.2,0.0,-1.0,-0.0,0.3564,37.4,2,63.99,0
bashiqa,2024-09-22,93.0,100,0,34.3,6.2,0.0,-1.0,-0.0,0.3564,89.7,0,61.34,0
bashiqa,2024-09-23,14.5,100,9,38.9,10.8,0.0,-1.0,-0.0,0.3564,1.8,10,43.01,1
bashiqa,2024-09-24,15.2,92,8,35.3,8.9,0.0,-1.0,-0.0,0.3564,1.3,10,9.36,1
bashiqa,2024-09-25,0.0,0,10,29.9,7.1,0.0,-1.0,-0.0,0.3564,0.0,10,3.38,1
bashiqa,2024-09-26,0.0,0,10,26.5,14.3,0.0,-1.0,-0.0,0.3564,0.0,10,6.13,1
bashiqa,2024-09-27,28.3,96,4,25.9,24.8,0.0,-1.0,-0.0,0.3564,0.0,10,3.56,1
bashiqa,2024-09-28,8.9,36,9,22.6,34.8,0.0,-1.0,-0.0,0.3564,0.0,10,1.55,1
bashiqa,2024-09-29,0.0,0,10,15.0,21.9,0.0,-1.0,-0.0,0.3564,0.0,10,2.67,1
bashiqa,2024-09-30,0.8,8,10,21.2,9.4,0.0,-1.0,-0.0,0.3564,0.1,10,2.56,1
bashiqa,2024-10-01,36.3,75,4,31.0,16.3,0.0,-0.866,0.5,0.3564,23.2,6,23.44,1
bashiqa,2024-10-02,4.7,28,9,41.0,7.7,0.0,-0.866,0.5,0.3564,0.3,10,28.74,1
bashiqa,2024-10-03,0.0,0,10,34.0,6.9,0.0,-0.866,0.5,0.3564,0.0,10,1.7,1
bashiqa,2024-10-04,0.0,0,10,28.9,6.6,0.0,-0.866,0.5,0.3564,0.0,10,4.03,1
bashiqa,2024-10-05,0.0,0,10,25.1,9.9,0.0,-0.866,0.5,0.3564,0.0,10,3.57,1
bashiqa,2024-10-06,39.2,96,5,24.1,8.6,0.0,-0.866,0.5,0.3564,21.9,8,7.87,1
bashiqa,2024-10-07,0.0,0,10,18.4,8.2,0.0,-0.866,0.5,0.3564,0.0,10,6.63,1
bashiqa,2024-10-08,61.8,74,1,18.0,6.9,0.0,-0.866,0.5,0.3564,5.8,9,13.44,1
bashiqa,2024-10-09,0.0,0,10,18.8,6.5,0.0,-0.866,0.5,0.3564,0.0,10,6.51,1
bashiqa,2024-10-10,48.0,100,4,24.2,8.3,0.0,-0.866,0.5,0.3564,52.8,4,3.61,0
bashiqa,2024-10-11,80.2,100,0,19.5,6.7,0.0,-0.866,0.5,0.3564,78.3,1,51.04,0
bashiqa,2024-10-12,16.3,86,8,23.5,8.2,0.0,-0.866,0.5,0.3564,19.5,8,79.29,1
bashiqa,2024-10-13,7.7,31,9,26.9,7.7,0.0,-0.866,0.5,0.3564,13.6,8,11.4,1
bashiqa,2024-10-14,12.8,75,9,24.9,7.1,0.0,-0.866,0.5,0.3564,34.9,6,23.36,1
bashiqa,2024-10-15,15.7,68,7,35.4,7.9,0.0,-0.866,0.5,0.3564,3.0,10,3.19,1
bashiqa,2024-10-16,90.8,100,0,35.7,11.3,0.0,-0.866,0.5,0.3564,43.8,3,38.73,0
bashiqa,2024-10-17,73.6,98,0,35.3,11.2,0.0,-0.866,0.5,0.3564,63.1,2,79.92,0
bashiqa,2024-10-18,72.6,100,2,33.4,10.2,0.0,-0.866,0.5,0.3564,71.3,1,73.83,0
bashiqa,2024-10-19,8.0,42,8,31.9,10.5,0.0,-0.866,0.5,0.3564,0.0,10,23.19,1
bashiqa,2024-10-20,82.1,100,0,32.6,5.9,0.0,-0.866,0.5,0.3564,24.9,6,2.81,1
bashiqa,2024-10-21,21.6,81,7,34.5,9.7,0.0,-0.866,0.5,0.3564,0.0,10,12.57,1
bashiqa,2024-10-22,62.5,100,2,36.8,21.8,0.2,-0.866,0.5,0.3564,49.2,4,65.02,0
bashiqa,2024-10-23,0.5,3,10,30.9,11.8,0.0,-0.866,0.5,0.3564,6.1,10,36.99,1
bashiqa,2024-10-24,0.0,0,10,32.5,8.9,0.0,-0.866,0.5,0.3564,0.0,10,5.31,1
bashiqa,2024-10-25,33.7,91,5,29.7,7.1,0.0,-0.866,0.5,0.3564,44.9,5,1.22,0
bashiqa,2024-10-26,21.6,69,7,25.7,8.0,0.0,-0.866,0.5,0.3564,0.0,10,2.12,1
bashiqa,2024-10-27,0.0,0,10,27.2,7.8,0.0,-0.866,0.5,0.3564,0.0,10,1.68,1
bashiqa,2024-10-28,25.3,75,6,27.5,6.9,0.0,-0.866,0.5,0.3564,5.9,9,2.2,1
bashiqa,2024-10-29,93.1,100,0,26.3,6.2,0.0,-0.866,0.5,0.3564,95.1,0,8.85,0
bashiqa,2024-10-30,92.9,100,0,22.9,7.7,0.0,-0.866,0.5,0.3564,36.7,5,20.23,0
bashiqa,2024-10-31,29.3,99,6,30.2,8.7,0.0,-0.866,0.5,0.3564,9.8,9,25.02,1
bashiqa,2024-11-01,73.9,100,0,47.6,7.2,0.0,-0.5,0.866,0.3564,20.1,7,48.39,1
bashiqa,2024-11-02,87.7,100,0,80.8,11.2,9.3,-0.5,0.866,0.3564,84.3,0,65.81,0
bashiqa,2024-11-03,88.8,96,0,90.3,5.4,3.3,-0.5,0.866,0.3564,52.7,1,71.31,0
bashiqa,2024-11-04,57.3,84,1,91.8,4.8,0.4,-0.5,0.866,0.3564,22.6,6,64.13,1
bashiqa,2024-11-05,42.1,66,2,82.1,5.7,0.0,-0.5,0.866,0.3564,1.5,10,42.73,1
bashiqa,2024-11-06,0.0,0,10,53.8,8.0,0.0,-0.5,0.866,0.3564,0.0,10,4.96,1
bashiqa,2024-11-07,0.0,0,10,54.1,6.9,0.0,-0.5,0.866,0.3564,0.0,10,1.69,1
bashiqa,2024-11-08,0.2,2,10,46.9,7.1,0.0,-0.5,0.866,0.3564,2.6,10,0.94,1
bashiqa,2024-11-09,31.8,100,6,41.3,8.7,0.0,-0.5,0.866,0.3564,36.7,6,13.53,1
bashiqa,2024-11-10,82.2,100,0,50.5,11.0,0.9,-0.5,0.866,0.3564,72.0,2,32.76,0
bashiqa,2024-11-11,55.1,97,1,83.2,9.4,0.8,-0.5,0.866,0.3564,28.4,4,87.93,0
bashiqa,2024-11-12,18.2,86,8,82.6,5.2,0.0,-0.5,0.866,0.3564,60.4,3,36.01,0
bashiqa,2024-11-13,10.4,37,8,58.8,7.6,0.0,-0.5,0.866,0.3564,36.4,6,2.67,1
bashiqa,2024-11-14,54.7,100,4,54.1,6.6,0.0,-0.5,0.866,0.3564,46.1,5,17.12,0
bashiqa,2024-11-15,8.2,73,9,56.9,7.1,0.0,-0.5,0.866,0.3564,0.0,10,17.27,1
bashiqa,2024-11-16,45.2,67,0,59.0,7.4,0.0,-0.5,0.866,0.3564,24.8,7,36.19,1
bashiqa,2024-11-17,46.8,84,3,55.6,9.2,0.0,-0.5,0.866,0.3564,10.7,9,61.66,1
bashiqa,2024-11-18,56.3,95,1,59.2,10.5,0.0,-0.5,0.866,0.3564,24.4,6,61.11,1
bashiqa,2024-11-19,90.4,100,0,64.4,8.2,0.0,-0.5,0.866,0.3564,48.3,6,60.39,1
bashiqa,2024-11-20,0.0,0,10,66.3,7.6,0.0,-0.5,0.866,0.3564,3.5,10,41.16,1
bashiqa,2024-11-21,1.0,5,10,58.4,6.6,0.0,-0.5,0.866,0.3564,1.4,10,27.02,1
bashiqa,2024-11-22,0.0,0,10,56.9,6.1,0.0,-0.5,0.866,0.3564,0.0,10,16.23,1
bashiqa,2024-11-23,0.2,2,10,57.9,4.9,0.0,-0.5,0.866,0.3564,2.5,10,5.15,1
bashiqa,2024-11-24,89.6,99,0,66.8,19.2,3.7,-0.5,0.866,0.3564,89.2,0,49.32,0
bashiqa,2024-11-25,4.3,43,9,59.8,5.4,0.0,-0.5,0.866,0.3564,0.0,10,65.27,1
bashiqa,2024-11-26,84.0,100,0,80.8,5.9,3.0,-0.5,0.866,0.3564,91.7,0,65.04,0
bashiqa,2024-11-27,14.6,100,8,77.5,8.4,0.0,-0.5,0.866,0.3564,1.3,10,73.87,1
bashiqa,2024-11-28,0.0,0,10,75.8,5.6,0.0,-0.5,0.866,0.3564,0.0,10,25.8,1
bashiqa,2024-11-29,3.6,19,10,70.8,6.2,0.0,-0.5,0.866,0.3564,0.0,10,6.01,1
bashiqa,2024-11-30,0.0,0,10,65.1,6.8,0.0,-0.5,0.866,0.3564,0.0,10,1.35,1
bashiqa,2024-12-01,0.0,0,10,54.4,7.9,0.0,-0.0,1.0,0.3564,0.0,10,8.58,1
bashiqa,2024-12-02,0.0,0,10,51.0,7.7,0.0,-0.0,1.0,0.3564,0.0,10,1.42,1
bashiqa,2024-12-03,2.4,11,10,59.3,4.2,0.0,-0.0,1.0,0.3564,0.0,10,2.35,1
bashiqa,2024-12-04,49.0,96,3,54.0,5.8,0.0,-0.0,1.0,0.3564,3.3,10,1.32,1
bashiqa,2024-12-05,48.4,98,4,46.9,5.8,0.0,-0.0,1.0,0.3564,4.3,9,54.84,1
bashiqa,2024-12-06,65.9,100,1,55.8,7.4,0.0,-0.0,1.0,0.3564,70.7,2,14.53,0
bashiqa,2024-12-07,98.3,100,0,48.1,7.9,0.0,-0.0,1.0,0.3564,100.0,0,72.46,0
bashiqa,2024-12-08,79.5,100,0,59.1,8.4,0.1,-0.0,1.0,0.3564,89.6,0,98.04,0
bashiqa,2024-12-09,0.0,0,10,55.0,6.6,0.0,-0.0,1.0,0.3564,1.4,10,16.31,1
bashiqa,2024-12-10,3.4,17,10,51.1,7.1,0.0,-0.0,1.0,0.3564,11.8,8,3.23,1
bashiqa,2024-12-11,96.3,100,0,43.3,5.7,0.0,-0.0,1.0,0.3564,96.1,0,61.74,0
bashiqa,2024-12-12,98.9,100,0,63.7,7.3,3.0,-0.0,1.0,0.3564,93.4,0,93.59,0
bashiqa,2024-12-13,16.2,52,6,66.1,7.7,0.0,-0.0,1.0,0.3564,0.0,10,43.31,1
bashiqa,2024-12-14,0.0,0,10,27.0,8.4,0.0,-0.0,1.0,0.3564,0.0,10,3.34,1
bashiqa,2024-12-15,48.6,100,4,31.1,6.3,0.0,-0.0,1.0,0.3564,58.7,4,41.65,0
bashiqa,2024-12-16,99.1,100,0,32.1,4.6,0.0,-0.0,1.0,0.3564,100.0,0,81.4,0
bashiqa,2024-12-17,0.0,0,10,64.6,6.2,0.0,-0.0,1.0,0.3564,0.0,10,39.82,1
bashiqa,2024-12-18,0.0,0,10,58.2,5.2,0.0,-0.0,1.0,0.3564,0.0,10,1.22,1
bashiqa,2024-12-19,71.1,100,3,60.4,7.6,0.0,-0.0,1.0,0.3564,54.1,2,6.71,0
bashiqa,2024-12-20,96.8,100,0,76.5,10.6,4.5,-0.0,1.0,0.3564,100.0,0,88.73,0
bashiqa,2024-12-21,28.8,89,6,69.0,6.4,0.0,-0.0,1.0,0.3564,0.0,10,35.85,1
bashiqa,2024-12-22,84.2,98,0,65.4,5.6,0.0,-0.0,1.0,0.3564,80.8,2,43.42,0
bashiqa,2024-12-23,99.9,100,0,61.3,6.1,0.0,-0.0,1.0,0.3564,99.1,0,79.07,0
bashiqa,2024-12-24,0.0,0,10,73.7,6.4,0.0,-0.0,1.0,0.3564,0.2,10,61.16,1
bashiqa,2024-12-25,4.4,23,10,68.8,8.2,0.0,-0.0,1.0,0.3564,0.9,10,0.91,1
bashiqa,2024-12-26,98.5,100,0,49.3,15.8,1.7,-0.0,1.0,0.3564,98.8,0,26.9,0
bashiqa,2024-12-27,86.1,100,0,79.1,26.3,1.4,-0.0,1.0,0.3564,42.9,2,96.94,0
bashiqa,2024-12-28,69.5,95,2,66.9,5.9,0.0,-0.0,1.0,0.3564,60.8,4,61.87,0
bashiqa,2024-12-29,9.9,60,8,71.6,8.1,0.0,-0.0,1.0,0.3564,4.0,10,44.22,1
bashiqa,2024-12-30,100.0,100,0,66.4,6.6,0.0,-0.0,1.0,0.3564,76.4,2,94.25,0
bashiqa,2024-12-31,0.0,0,10,56.4,7.7,0.0,-0.0,1.0,0.3564,1.6,10,76.48,1
bashiqa,2025-01-01,0.0,0,10,40.2,8.2,0.0,0.5,0.866,0.3564,0.0,10,1.98,1
bashiqa,2025-01-02,0.0,0,10,44.4,6.3,0.0,0.5,0.866,0.3564,0.0,10,1.99,1
bashiqa,2025-01-03,0.0,0,10,45.1,5.7,0.0,0.5,0.866,0.3564,0.0,10,1.67,1
bashiqa,2025-01-04,76.8,100,0,42.0,7.1,0.0,0.5,0.866,0.3564,45.2,4,30.32,0
bashiqa,2025-01-05,100.0,100,0,57.2,7.3,0.5,0.5,0.866,0.3564,100.0,0,74.75,0
bashiqa,2025-01-06,1.0,7,10,59.0,7.7,0.0,0.5,0.866,0.3564,0.0,10,63.22,1
bashiqa,2025-01-07,0.0,0,10,53.9,6.7,0.0,0.5,0.866,0.3564,0.0,10,1.33,1
bashiqa,2025-01-08,0.0,0,10,44.8,6.9,0.0,0.5,0.866,0.3564,0.0,10,1.29,1
bashiqa,2025-01-09,0.0,0,10,41.6,7.9,0.0,0.5,0.866,0.3564,0.0,10,0.55,1
bashiqa,2025-01-10,0.0,0,10,44.6,10.1,0.0,0.5,0.866,0.3564,0.0,10,1.63,1
bashiqa,2025-01-11,99.8,100,0,86.5,7.9,6.5,0.5,0.866,0.3564,100.0,0,72.76,0
bashiqa,2025-01-12,0.1,1,10,77.1,5.4,0.0,0.5,0.866,0.3564,1.5,10,63.7,1
bashiqa,2025-01-13,2.1,21,10,75.3,6.2,0.0,0.5,0.866,0.3564,1.0,10,4.16,1
bashiqa,2025-01-14,99.9,100,0,59.6,5.7,0.0,0.5,0.866,0.3564,90.3,1,34.79,0
bashiqa,2025-01-15,9.2,44,8,64.5,6.6,0.0,0.5,0.866,0.3564,0.9,10,15.09,1
bashiqa,2025-01-16,22.7,67,6,70.5,5.4,0.0,0.5,0.866,0.3564,0.0,10,12.52,1
bashiqa,2025-01-17,0.0,0,10,70.3,6.4,0.0,0.5,0.866,0.3564,0.0,10,3.28,1
bashiqa,2025-01-18,50.2,100,4,56.3,6.4,0.0,0.5,0.866,0.3564,36.7,4,27.03,0
bashiqa,2025-01-19,95.9,100,0,58.4,10.1,0.0,0.5,0.866,0.3564,95.9,0,45.72,0
bashiqa,2025-01-20,16.8,70,7,67.0,11.2,0.0,0.5,0.866,0.3564,1.1,10,68.44,1
bashiqa,2025-01-21,0.0,0,10,58.6,7.4,0.0,0.5,0.866,0.3564,0.0,10,2.54,1
bashiqa,2025-01-22,100.0,100,0,41.7,6.9,0.0,0.5,0.866,0.3564,98.9,0,39.93,0
bashiqa,2025-01-23,91.9,100,0,54.2,7.2,0.0,0.5,0.866,0.3564,54.7,2,90.6,0
bashiqa,2025-01-24,52.0,76,1,56.3,6.9,0.0,0.5,0.866,0.3564,0.1,10,60.61,1
bashiqa,2025-01-25,35.4,59,5,55.7,7.3,0.0,0.5,0.866,0.3564,0.3,10,34.01,1
bashiqa,2025-01-26,16.0,88,8,45.5,6.6,0.0,0.5,0.866,0.3564,9.6,7,32.03,1
bashiqa,2025-01-27,3.5,20,10,41.7,8.5,0.0,0.5,0.866,0.3564,3.1,10,3.29,1
bashiqa,2025-01-28,0.0,0,10,40.4,7.4,0.0,0.5,0.866,0.3564,0.0,10,1.68,1
bashiqa,2025-01-29,0.0,0,10,36.0,7.2,0.0,0.5,0.866,0.3564,0.0,10,2.28,1
bashiqa,2025-01-30,0.0,0,10,38.1,6.1,0.0,0.5,0.866,0.3564,0.0,10,0.54,1
bashiqa,2025-01-31,20.7,100,8,37.2,5.9,0.0,0.5,0.866,0.3564,0.9,10,34.4,1
bashiqa,2025-02-01,0.0,0,10,29.0,7.5,0.0,0.866,0.5,0.3564,0.0,10,6.71,1
bashiqa,2025-02-02,0.8,7,10,30.5,7.8,0.0,0.866,0.5,0.3564,12.4,9,1.25,1
bashiqa,2025-02-03,0.8,5,10,33.9,7.7,0.0,0.866,0.5,0.3564,15.8,8,1.48,1
bashiqa,2025-02-04,29.7,83,5,37.2,16.6,0.0,0.866,0.5,0.3564,48.4,3,22.79,0
bashiqa,2025-02-05,99.1,100,0,55.6,31.1,2.5,0.866,0.5,0.3564,48.7,6,88.54,1
bashiqa,2025-02-06,99.1,100,0,84.2,14.9,7.0,0.866,0.5,0.3564,94.5,0,99.08,0
bashiqa,2025-02-07,98.3,100,0,78.9,9.4,0.7,0.866,0.5,0.3564,52.9,1,94.48,0
bashiqa,2025-02-08,5.6,25,9,64.7,9.2,0.0,0.866,0.5,0.3564,11.5,9,89.64,1
bashiqa,2025-02-09,11.8,61,8,49.8,9.0,0.0,0.866,0.5,0.3564,0.5,10,5.25,1
bashiqa,2025-02-10,0.9,9,10,46.6,9.2,0.0,0.866,0.5,0.3564,4.5,9,10.86,1
bashiqa,2025-02-11,31.9,97,6,46.8,8.7,0.0,0.866,0.5,0.3564,35.2,7,39.82,1
bashiqa,2025-02-12,69.7,100,2,51.9,9.9,0.0,0.866,0.5,0.3564,37.4,4,12.94,0
bashiqa,2025-02-13,88.2,100,0,73.8,14.4,5.0,0.866,0.5,0.3564,66.5,1,58.09,0
bashiqa,2025-02-14,5.8,45,9,72.8,7.4,0.0,0.866,0.5,0.3564,0.8,10,66.56,1
bashiqa,2025-02-15,33.4,98,7,64.9,6.9,0.0,0.866,0.5,0.3564,10.8,9,8.96,1
bashiqa,2025-02-16,98.3,100,0,49.3,5.2,0.0,0.866,0.5,0.3564,98.5,0,59.69,0
bashiqa,2025-02-17,31.6,100,6,48.7,7.0,0.0,0.866,0.5,0.3564,15.9,8,24.98,1
bashiqa,2025-02-18,77.8,100,0,53.4,9.7,0.0,0.866,0.5,0.3564,61.6,0,29.2,0
bashiqa,2025-02-19,100.0,100,0,55.9,16.9,2.6,0.866,0.5,0.3564,100.0,0,90.12,0
bashiqa,2025-02-20,95.3,100,0,88.3,13.0,6.1,0.866,0.5,0.3564,90.4,0,99.86,0
bashiqa,2025-02-21,72.7,100,2,58.8,11.3,0.0,0.866,0.5,0.3564,61.0,3,89.08,0
bashiqa,2025-02-22,70.2,100,2,55.8,8.8,0.0,0.866,0.5,0.3564,77.4,1,52.39,0
bashiqa,2025-02-23,33.7,72,4,49.6,15.1,0.0,0.866,0.5,0.3564,15.3,8,68.7,1
bashiqa,2025-02-24,0.0,0,10,51.4,6.6,0.0,0.866,0.5,0.3564,0.3,10,25.88,1
bashiqa,2025-02-25,73.8,99,1,42.5,7.0,0.0,0.866,0.5,0.3564,92.0,0,25.22,0
bashiqa,2025-02-26,0.0,0,10,37.1,7.0,0.0,0.866,0.5,0.3564,0.0,10,26.12,1
bashiqa,2025-02-27,0.0,0,10,42.9,4.9,0.0,0.866,0.5,0.3564,0.0,10,11.56,1
bashiqa,2025-02-28,83.4,96,0,42.1,4.5,0.0,0.866,0.5,0.3564,41.7,4,30.53,0
bashiqa,2025-03-01,6.7,40,8,55.9,8.4,0.0,1.0,0.0,0.3564,3.6,10,60.74,1
bashiqa,2025-03-02,3.0,30,9,46.6,7.9,0.0,1.0,0.0,0.3564,16.3,7,4.01,1
bashiqa,2025-03-03,98.8,100,0,36.8,11.4,0.0,1.0,0.0,0.3564,99.9,0,80.64,0
bashiqa,2025-03-04,95.0,100,0,36.4,10.5,0.0,1.0,0.0,0.3564,95.0,0,93.49,0
bashiqa,2025-03-05,48.0,98,4,42.3,8.8,0.0,1.0,0.0,0.3564,97.0,0,94.74,0
bashiqa,2025-03-06,0.0,0,10,37.0,10.0,0.0,1.0,0.0,0.3564,0.0,10,26.78,1
bashiqa,2025-03-07,100.0,100,0,54.9,14.0,1.8,1.0,0.0,0.3564,94.1,0,61.81,0
bashiqa,2025-03-08,70.6,100,1,80.6,6.2,0.0,1.0,0.0,0.3564,65.8,3,90.31,0
bashiqa,2025-03-09,77.3,92,0,65.0,4.8,0.0,1.0,0.0,0.3564,80.3,0,85.86,0
bashiqa,2025-03-10,71.4,100,0,85.1,6.8,0.3,1.0,0.0,0.3564,31.5,4,96.9,0
bashiqa,2025-03-11,1.4,14,10,77.4,5.9,0.0,1.0,0.0,0.3564,0.9,10,64.88,1
bashiqa,2025-03-12,0.0,0,10,45.4,8.1,0.0,1.0,0.0,0.3564,0.0,10,4.61,1
bashiqa,2025-03-13,10.6,52,8,35.7,7.9,0.0,1.0,0.0,0.3564,30.9,7,5.25,1
bashiqa,2025-03-14,98.4,100,0,30.6,8.4,0.0,1.0,0.0,0.3564,99.9,0,28.13,0
bashiqa,2025-03-15,14.5,96,8,31.5,10.2,0.0,1.0,0.0,0.3564,0.0,10,39.65,1
bashiqa,2025-03-16,19.5,71,7,26.3,7.6,0.0,1.0,0.0,0.3564,7.5,9,2.82,1
bashiqa,2025-03-17,77.3,100,1,30.1,8.2,0.0,1.0,0.0,0.3564,83.0,2,28.59,0
bashiqa,2025-03-18,97.5,100,0,44.4,16.3,0.2,1.0,0.0,0.3564,92.2,0,78.13,0
bashiqa,2025-03-19,35.2,100,5,44.8,13.2,0.0,1.0,0.0,0.3564,0.0,10,64.7,1
bashiqa,2025-03-20,58.3,84,1,43.4,15.4,0.0,1.0,0.0,0.3564,71.1,0,30.76,0
bashiqa,2025-03-21,48.6,81,1,39.0,17.5,0.0,1.0,0.0,0.3564,34.8,5,66.53,0
bashiqa,2025-03-22,6.1,31,8,42.9,11.6,0.0,1.0,0.0,0.3564,2.3,10,49.76,1
bashiqa,2025-03-23,0.4,4,10,44.2,7.1,0.0,1.0,0.0,0.3564,0.0,10,10.11,1
bashiqa,2025-03-24,0.0,0,10,31.2,9.4,0.0,1.0,0.0,0.3564,0.0,10,8.05,1
bashiqa,2025-03-25,20.6,89,6,27.0,8.1,0.0,1.0,0.0,0.3564,51.1,3,7.63,0
bashiqa,2025-03-26,65.2,100,2,24.4,9.0,0.0,1.0,0.0,0.3564,29.4,7,82.84,1
bashiqa,2025-03-27,87.3,100,0,34.2,9.2,0.0,1.0,0.0,0.3564,72.7,2,45.25,0
bashiqa,2025-03-28,49.9,100,5,33.6,10.9,0.0,1.0,0.0,0.3564,10.5,8,35.76,1
bashiqa,2025-03-29,51.9,100,2,35.1,13.2,0.0,1.0,0.0,0.3564,32.6,6,48.91,1
bashiqa,2025-03-30,100.0,100,0,55.8,34.5,6.4,1.0,0.0,0.3564,98.5,0,90.72,0
bashiqa,2025-03-31,10.5,66,9,75.3,6.4,0.0,1.0,0.0,0.3564,56.8,4,65.02,0
bashiqa,2025-04-01,96.3,100,0,45.5,12.2,0.0,0.866,-0.5,0.3564,99.3,0,45.37,0
bashiqa,2025-04-02,58.4,100,1,67.7,17.1,0.0,0.866,-0.5,0.3564,47.0,5,64.53,0
bashiqa,2025-04-03,7.2,65,9,38.2,11.5,0.0,0.866,-0.5,0.3564,0.0,10,58.51,1
bashiqa,2025-04-04,22.8,100,7,36.1,17.3,0.0,0.866,-0.5,0.3564,12.5,8,4.56,1
bashiqa,2025-04-05,59.7,82,1,86.1,11.1,0.1,0.866,-0.5,0.3564,5.6,10,72.8,1
bashiqa,2025-04-06,12.7,76,9,42.4,15.3,0.0,0.866,-0.5,0.3564,26.7,7,8.09,1
bashiqa,2025-04-07,68.0,100,2,38.2,12.9,0.0,0.866,-0.5,0.3564,71.7,1,34.56,0
bashiqa,2025-04-08,95.9,100,0,62.3,24.2,1.4,0.866,-0.5,0.3564,97.0,0,94.56,0
bashiqa,2025-04-09,78.2,100,2,58.9,17.2,0.0,0.866,-0.5,0.3564,98.0,0,98.0,0
bashiqa,2025-04-10,32.9,55,3,42.3,12.8,0.0,0.866,-0.5,0.3564,0.3,10,68.75,1
bashiqa,2025-04-11,89.9,100,1,34.8,9.6,0.0,0.866,-0.5,0.3564,74.2,2,50.46,0
bashiqa,2025-04-12,74.3,98,0,51.0,12.5,0.1,0.866,-0.5,0.3564,9.6,10,75.65,1
bashiqa,2025-04-13,84.5,100,0,42.7,11.9,2.1,0.866,-0.5,0.3564,88.8,1,87.63,0
bashiqa,2025-04-14,88.1,100,1,78.9,21.1,4.6,0.866,-0.5,0.3564,68.9,1,98.77,0
bashiqa,2025-04-15,67.7,100,3,75.7,6.1,0.0,0.866,-0.5,0.3564,61.8,2,91.8,0
bashiqa,2025-04-16,59.4,98,2,70.4,6.9,0.0,0.866,-0.5,0.3564,14.5,9,61.23,1
bashiqa,2025-04-17,24.2,52,5,52.3,9.1,0.0,0.866,-0.5,0.3564,3.2,10,16.08,1
bashiqa,2025-04-18,0.0,0,10,40.0,9.4,0.0,0.866,-0.5,0.3564,0.0,10,1.3,1
bashiqa,2025-04-19,0.0,0,10,38.6,10.5,0.0,0.866,-0.5,0.3564,0.0,10,1.87,1
bashiqa,2025-04-20,80.1,100,1,33.4,13.4,0.0,0.866,-0.5,0.3564,71.0,2,35.11,0
bashiqa,2025-04-21,77.5,100,0,29.0,11.2,0.0,0.866,-0.5,0.3564,42.7,3,78.06,0
bashiqa,2025-04-22,76.8,100,0,28.9,16.4,0.1,0.866,-0.5,0.3564,15.0,9,50.21,1
bashiqa,2025-04-23,90.1,100,1,29.8,20.2,0.1,0.866,-0.5,0.3564,100.0,0,64.45,0
bashiqa,2025-04-24,95.7,100,0,30.1,12.3,0.0,0.866,-0.5,0.3564,69.5,1,92.99,0
bashiqa,2025-04-25,75.9,100,2,46.1,14.5,0.0,0.866,-0.5,0.3564,68.1,2,77.07,0
bashiqa,2025-04-26,41.7,58,2,69.0,26.8,0.4,0.866,-0.5,0.3564,15.2,7,85.64,1
bashiqa,2025-04-27,63.1,100,2,39.6,5.6,0.0,0.866,-0.5,0.3564,82.4,0,45.5,0
bashiqa,2025-04-28,22.3,100,7,25.8,8.4,0.0,0.866,-0.5,0.3564,12.9,9,58.69,1
bashiqa,2025-04-29,35.3,100,5,25.3,10.7,0.0,0.866,-0.5,0.3564,34.0,4,17.68,0
bashiqa,2025-04-30,19.5,98,7,22.2,9.4,0.0,0.866,-0.5,0.3564,0.0,10,44.63,1
bashiqa,2025-05-01,100.0,100,0,44.1,31.2,1.4,0.5,-0.866,0.3564,89.0,0,47.79,0
bashiqa,2025-05-02,87.7,100,0,39.8,19.8,0.2,0.5,-0.866,0.3564,70.7,2,89.02,0
bashiqa,2025-05-03,50.6,68,1,35.4,21.3,0.0,0.5,-0.866,0.3564,7.4,8,62.43,1
bashiqa,2025-05-04,77.4,100,1,59.2,26.9,0.4,0.5,-0.866,0.3564,39.9,3,61.43,0
bashiqa,2025-05-05,45.7,100,4,65.5,13.8,0.0,0.5,-0.866,0.3564,64.5,2,50.55,0
bashiqa,2025-05-06,0.5,3,10,51.0,6.2,0.0,0.5,-0.866,0.3564,0.4,10,53.7,1
bashiqa,2025-05-07,2.1,21,10,33.3,6.4,0.0,0.5,-0.866,0.3564,0.0,10,3.59,1
bashiqa,2025-05-08,28.7,100,8,32.1,10.9,0.0,0.5,-0.866,0.3564,49.1,4,26.21,0
bashiqa,2025-05-09,35.1,91,5,26.7,8.5,0.0,0.5,-0.866,0.3564,72.5,2,27.62,0
bashiqa,2025-05-10,45.5,100,5,21.6,8.7,0.0,0.5,-0.866,0.3564,62.7,1,23.57,0
bashiqa,2025-05-11,100.0,100,0,24.3,16.6,0.0,0.5,-0.866,0.3564,90.2,0,52.51,0
bashiqa,2025-05-12,56.8,100,4,28.3,19.9,0.0,0.5,-0.866,0.3564,69.7,3,82.3,0
bashiqa,2025-05-13,66.1,100,1,36.4,20.4,0.1,0.5,-0.866,0.3564,47.0,3,86.58,0
bashiqa,2025-05-14,87.7,100,0,46.3,14.2,0.3,0.5,-0.866,0.3564,54.5,3,75.43,0
bashiqa,2025-05-15,1.2,6,10,60.2,11.4,0.0,0.5,-0.866,0.3564,8.8,9,48.04,1
bashiqa,2025-05-16,0.5,3,10,25.4,6.6,0.0,0.5,-0.866,0.3564,0.4,10,2.86,1
bashiqa,2025-05-17,0.0,0,10,22.4,10.3,0.0,0.5,-0.866,0.3564,12.3,7,17.68,1
bashiqa,2025-05-18,55.9,100,0,20.6,19.9,0.0,0.5,-0.866,0.3564,38.9,5,30.94,0
bashiqa,2025-05-19,0.2,2,10,17.3,10.4,0.0,0.5,-0.866,0.3564,0.1,10,8.42,1
bashiqa,2025-05-20,44.3,97,5,16.4,9.6,0.0,0.5,-0.866,0.3564,0.6,10,6.64,1
bashiqa,2025-05-21,0.0,0,10,12.9,10.3,0.0,0.5,-0.866,0.3564,0.5,10,20.49,1
bashiqa,2025-05-22,8.5,65,9,10.0,8.7,0.0,0.5,-0.866,0.3564,0.0,10,13.18,1
bashiqa,2025-05-23,46.5,100,4,18.2,8.7,0.0,0.5,-0.866,0.3564,39.5,5,46.65,0
bashiqa,2025-05-24,1.2,7,10,20.9,17.1,0.0,0.5,-0.866,0.3564,0.0,10,21.0,1
bashiqa,2025-05-25,15.4,50,6,18.3,18.5,0.0,0.5,-0.866,0.3564,2.2,10,11.28,1
bashiqa,2025-05-26,96.0,100,0,18.3,10.5,0.0,0.5,-0.866,0.3564,92.9,0,53.28,0
bashiqa,2025-05-27,61.8,79,0,17.1,18.1,0.0,0.5,-0.866,0.3564,10.8,9,56.48,1
bashiqa,2025-05-28,8.3,45,8,24.5,21.7,0.0,0.5,-0.866,0.3564,0.0,10,38.66,1
bashiqa,2025-05-29,18.1,52,6,29.6,15.8,0.0,0.5,-0.866,0.3564,2.4,10,7.67,1
bashiqa,2025-05-30,0.0,0,10,23.9,13.0,0.0,0.5,-0.866,0.3564,0.0,10,16.52,1
bashiqa,2025-05-31,0.0,0,10,12.8,10.6,0.0,0.5,-0.866,0.3564,0.0,10,3.78,1
bashiqa,2025-06-01,0.0,0,10,17.2,19.1,0.0,0.0,-1.0,0.3564,0.0,10,3.15,1
bashiqa,2025-06-02,0.0,0,10,24.6,15.5,0.0,0.0,-1.0,0.3564,0.0,10,3.69,1
bashiqa,2025-06-03,31.7,59,4,28.7,12.5,0.0,0.0,-1.0,0.3564,1.4,10,3.52,1
bashiqa,2025-06-04,37.9,100,5,29.6,11.7,0.1,0.0,-1.0,0.3564,29.7,6,46.55,1
bashiqa,2025-06-05,41.3,61,3,22.0,10.2,0.0,0.0,-1.0,0.3564,0.1,10,5.28,1
bashiqa,2025-06-06,43.2,81,4,20.0,18.4,0.0,0.0,-1.0,0.3564,0.2,10,6.68,1
bashiqa,2025-06-07,0.2,2,10,19.3,22.1,0.0,0.0,-1.0,0.3564,0.0,10,15.91,1
bashiqa,2025-06-08,47.4,99,3,16.7,21.7,0.0,0.0,-1.0,0.3564,10.9,9,7.29,1
bashiqa,2025-06-09,11.3,48,8,20.0,16.0,0.0,0.0,-1.0,0.3564,7.3,9,17.19,1
bashiqa,2025-06-10,46.1,69,1,19.1,19.4,0.0,0.0,-1.0,0.3564,0.3,10,7.91,1
bashiqa,2025-06-11,22.8,96,7,18.4,21.8,0.0,0.0,-1.0,0.3564,14.2,8,22.36,1
bashiqa,2025-06-12,22.1,69,7,13.4,16.3,0.0,0.0,-1.0,0.3564,4.2,9,26.43,1
bashiqa,2025-06-13,8.3,46,9,14.5,19.4,0.0,0.0,-1.0,0.3564,0.0,10,30.7,1
bashiqa,2025-06-14,4.0,21,10,21.9,18.8,0.0,0.0,-1.0,0.3564,0.0,10,5.7,1
bashiqa,2025-06-15,9.0,33,8,18.5,17.6,0.0,0.0,-1.0,0.3564,0.0,10,5.05,1
bashiqa,2025-06-16,0.0,0,10,15.3,18.5,0.0,0.0,-1.0,0.3564,0.0,10,1.79,1
bashiqa,2025-06-17,0.0,0,10,15.8,19.4,0.0,0.0,-1.0,0.3564,0.0,10,1.95,1
bashiqa,2025-06-18,0.0,0,10,15.3,13.0,0.0,0.0,-1.0,0.3564,0.0,10,1.29,1
bashiqa,2025-06-19,0.0,0,10,15.6,14.4,0.0,0.0,-1.0,0.3564,0.0,10,5.76,1
bashiqa,2025-06-20,0.0,0,10,14.3,11.7,0.0,0.0,-1.0,0.3564,0.0,10,5.5,1
bashiqa,2025-06-21,0.0,0,10,13.4,9.1,0.0,0.0,-1.0,0.3564,0.0,10,1.33,1
bashiqa,2025-06-22,0.0,0,10,16.3,18.6,0.0,0.0,-1.0,0.3564,0.0,10,0.37,1
bashiqa,2025-06-23,0.0,0,10,18.2,23.8,0.0,0.0,-1.0,0.3564,0.0,10,1.66,1
bashiqa,2025-06-24,0.0,0,10,14.2,13.4,0.0,0.0,-1.0,0.3564,0.0,10,5.37,1
bashiqa,2025-06-25,0.0,0,10,13.5,20.9,0.0,0.0,-1.0,0.3564,0.0,10,6.74,1
bashiqa,2025-06-26,0.0,0,10,14.8,14.0,0.0,0.0,-1.0,0.3564,0.0,10,1.82,1
bashiqa,2025-06-27,4.7,27,9,13.1,20.8,0.0,0.0,-1.0,0.3564,0.0,10,1.84,1
bashiqa,2025-06-28,28.2,42,2,13.0,19.8,0.0,0.0,-1.0,0.3564,0.0,10,15.35,1
bashiqa,2025-06-29,42.2,74,2,13.1,20.6,0.0,0.0,-1.0,0.3564,4.3,9,21.01,1
bashiqa,2025-06-30,0.0,0,10,17.8,27.9,0.0,0.0,-1.0,0.3564,0.0,10,26.88,1
bashiqa,2025-07-01,0.0,0,10,15.8,8.8,0.0,-0.5,-0.866,0.3564,0.0,10,11.47,1
bashiqa,2025-07-02,0.4,2,10,18.4,11.5,0.0,-0.5,-0.866,0.3564,0.0,10,7.83,1
bashiqa,2025-07-03,0.0,0,10,13.4,17.7,0.0,-0.5,-0.866,0.3564,0.0,10,6.09,1
bashiqa,2025-07-04,0.0,0,10,17.9,16.9,0.0,-0.5,-0.866,0.3564,0.0,10,2.94,1
bashiqa,2025-07-05,0.0,0,10,20.0,14.8,0.0,-0.5,-0.866,0.3564,0.0,10,9.86,1
bashiqa,2025-07-06,6.2,57,9,21.9,27.0,0.0,-0.5,-0.866,0.3564,0.2,10,5.96,1
bashiqa,2025-07-07,3.5,12,10,21.3,27.9,0.0,-0.5,-0.866,0.3564,0.0,10,5.82,1
bashiqa,2025-07-08,21.3,61,7,19.2,20.6,0.0,-0.5,-0.866,0.3564,0.8,10,4.86,1
bashiqa,2025-07-09,4.4,23,10,20.8,18.5,0.0,-0.5,-0.866,0.3564,7.7,8,21.22,1
bashiqa,2025-07-10,7.8,33,8,17.8,15.0,0.0,-0.5,-0.866,0.3564,0.8,10,13.07,1
bashiqa,2025-07-11,1.7,13,10,15.5,11.8,0.0,-0.5,-0.866,0.3564,1.7,10,21.68,1
bashiqa,2025-07-12,28.1,68,4,17.2,16.0,0.0,-0.5,-0.866,0.3564,11.7,7,26.27,1
bashiqa,2025-07-13,31.8,85,4,15.9,23.2,0.0,-0.5,-0.866,0.3564,41.0,5,21.61,0
bashiqa,2025-07-14,31.9,64,4,15.4,15.9,0.0,-0.5,-0.866,0.3564,11.4,9,14.15,1
bashiqa,2025-07-15,38.7,76,4,14.5,13.4,0.0,-0.5,-0.866,0.3564,21.1,6,46.16,1
bashiqa,2025-07-16,0.0,0,10,19.0,17.3,0.0,-0.5,-0.866,0.3564,0.2,10,8.15,1
bashiqa,2025-07-17,17.6,39,6,27.7,16.9,0.0,-0.5,-0.866,0.3564,0.5,10,8.38,1
bashiqa,2025-07-18,0.5,3,10,19.5,12.2,0.0,-0.5,-0.866,0.3564,0.1,10,2.25,1
bashiqa,2025-07-19,31.7,61,2,20.1,16.7,0.0,-0.5,-0.866,0.3564,0.0,10,4.6,1
bashiqa,2025-07-20,0.0,0,10,19.1,12.8,0.0,-0.5,-0.866,0.3564,0.0,10,5.14,1
bashiqa,2025-07-21,0.0,0,10,21.8,14.6,0.0,-0.5,-0.866,0.3564,0.0,10,6.5,1
bashiqa,2025-07-22,0.0,0,10,11.4,8.1,0.0,-0.5,-0.866,0.3564,0.0,10,4.89,1
bashiqa,2025-07-23,9.0,24,10,11.7,15.1,0.0,-0.5,-0.866,0.3564,0.0,10,1.52,1
bashiqa,2025-07-24,6.1,17,10,13.6,12.5,0.0,-0.5,-0.866,0.3564,0.1,10,6.32,1
bashiqa,2025-07-25,38.0,93,4,11.5,16.6,0.0,-0.5,-0.866,0.3564,14.2,9,19.37,1
bashiqa,2025-07-26,63.6,100,0,13.1,15.1,0.0,-0.5,-0.866,0.3564,86.4,1,52.76,0
bashiqa,2025-07-27,81.2,100,0,15.2,18.9,0.0,-0.5,-0.866,0.3564,68.5,1,47.02,0
bashiqa,2025-07-28,44.3,75,2,12.6,11.7,0.0,-0.5,-0.866,0.3564,24.5,7,36.17,1
bashiqa,2025-07-29,34.6,72,4,13.1,7.9,0.0,-0.5,-0.866,0.3564,25.6,7,54.73,1
bashiqa,2025-07-30,40.8,76,3,14.5,9.6,0.0,-0.5,-0.866,0.3564,1.0,10,29.35,1
bashiqa,2025-07-31,27.7,49,4,22.6,13.3,0.0,-0.5,-0.866,0.3564,16.4,7,10.18,1
bashiqa,2025-08-01,2.4,19,10,27.2,16.8,0.0,-0.866,-0.5,0.3564,0.0,10,15.56,1
bashiqa,2025-08-02,7.0,44,9,26.6,23.2,0.0,-0.866,-0.5,0.3564,0.0,10,5.75,1
bashiqa,2025-08-03,0.0,0,10,18.2,22.4,0.0,-0.866,-0.5,0.3564,0.0,10,1.82,1
bashiqa,2025-08-04,0.0,0,10,16.7,24.3,0.0,-0.866,-0.5,0.3564,0.0,10,3.96,1
bashiqa,2025-08-05,39.7,69,3,17.4,18.7,0.0,-0.866,-0.5,0.3564,37.1,5,22.93,0
bashiqa,2025-08-06,42.0,82,3,24.2,8.6,0.0,-0.866,-0.5,0.3564,4.6,10,36.9,1
bashiqa,2025-08-07,0.0,0,10,23.0,12.9,0.0,-0.866,-0.5,0.3564,0.0,10,11.81,1
bashiqa,2025-08-08,1.5,9,10,22.0,11.0,0.0,-0.866,-0.5,0.3564,0.0,10,1.98,1
bashiqa,2025-08-09,0.0,0,10,17.7,17.1,0.0,-0.866,-0.5,0.3564,0.0,10,1.91,1
bashiqa,2025-08-10,0.0,0,10,18.2,13.5,0.0,-0.866,-0.5,0.3564,0.0,10,4.6,1
bashiqa,2025-08-11,0.0,0,10,12.7,8.0,0.0,-0.866,-0.5,0.3564,0.0,10,6.62,1
bashiqa,2025-08-12,0.0,0,10,11.3,13.7,0.0,-0.866,-0.5,0.3564,0.0,10,5.78,1
bashiqa,2025-08-13,0.0,0,10,14.7,16.8,0.0,-0.866,-0.5,0.3564,0.0,10,1.92,1
bashiqa,2025-08-14,0.0,0,10,16.1,12.6,0.0,-0.866,-0.5,0.3564,0.0,10,3.07,1
bashiqa,2025-08-15,0.0,0,10,10.0,10.2,0.0,-0.866,-0.5,0.3564,0.0,10,5.57,1
bashiqa,2025-08-16,0.0,0,10,8.7,19.0,0.0,-0.866,-0.5,0.3564,0.0,10,8.72,1
bashiqa,2025-08-17,0.0,0,10,24.5,13.5,0.0,-0.866,-0.5,0.3564,0.0,10,5.87,1
bashiqa,2025-08-18,0.0,0,10,17.4,9.5,0.0,-0.866,-0.5,0.3564,0.0,10,1.97,1
bashiqa,2025-08-19,0.7,7,10,27.2,10.8,0.0,-0.866,-0.5,0.3564,0.0,10,3.48,1
bashiqa,2025-08-20,0.0,0,10,29.4,10.6,0.0,-0.866,-0.5,0.3564,0.0,10,4.12,1
bashiqa,2025-08-21,0.0,0,10,26.7,8.9,0.0,-0.866,-0.5,0.3564,0.0,10,6.61,1
bashiqa,2025-08-22,0.0,0,10,13.3,12.2,0.0,-0.866,-0.5,0.3564,0.0,10,4.91,1
bashiqa,2025-08-23,0.0,0,10,12.8,13.4,0.0,-0.866,-0.5,0.3564,0.0,10,3.87,1
bashiqa,2025-08-24,0.0,0,10,16.2,11.8,0.0,-0.866,-0.5,0.3564,0.0,10,1.48,1
bashiqa,2025-08-25,0.0,0,10,20.4,14.1,0.0,-0.866,-0.5,0.3564,0.0,10,0.87,1
bashiqa,2025-08-26,0.0,0,10,29.1,12.3,0.0,-0.866,-0.5,0.3564,0.0,10,5.01,1
bashiqa,2025-08-27,0.0,0,10,27.7,9.1,0.0,-0.866,-0.5,0.3564,0.0,10,10.46,1
bashiqa,2025-08-28,1.9,13,10,30.7,9.7,0.0,-0.866,-0.5,0.3564,0.0,10,7.2,1
bashiqa,2025-08-29,2.5,19,10,24.6,19.1,0.0,-0.866,-0.5,0.3564,0.0,10,2.46,1
bashiqa,2025-08-30,4.6,35,9,21.7,26.9,0.0,-0.866,-0.5,0.3564,0.0,10,2.63,1
bashiqa,2025-08-31,0.0,0,10,27.7,13.1,0.0,-0.866,-0.5,0.3564,0.0,10,5.99,1
bashiqa,2025-09-01,2.4,9,10,28.8,9.8,0.0,-1.0,-0.0,0.3564,0.0,10,12.45,1
bashiqa,2025-09-02,14.0,38,7,25.4,9.4,0.0,-1.0,-0.0,0.3564,0.0,10,5.66,1
bashiqa,2025-09-03,1.1,10,10,33.3,13.2,0.0,-1.0,-0.0,0.3564,0.0,10,4.52,1
bashiqa,2025-09-04,0.2,2,10,28.5,11.6,0.0,-1.0,-0.0,0.3564,0.0,10,7.39,1
bashiqa,2025-09-05,24.7,46,4,23.3,13.1,0.0,-1.0,-0.0,0.3564,0.0,10,3.67,1
bashiqa,2025-09-06,0.0,0,10,22.3,10.7,0.0,-1.0,-0.0,0.3564,0.0,10,8.58,1
bashiqa,2025-09-07,1.8,15,10,21.2,6.8,0.0,-1.0,-0.0,0.3564,0.0,10,6.47,1
bashiqa,2025-09-08,11.4,33,8,23.2,15.5,0.0,-1.0,-0.0,0.3564,0.7,10,2.01,1
bashiqa,2025-09-09,0.0,0,10,25.2,7.9,0.0,-1.0,-0.0,0.3564,0.0,10,1.83,1
bashiqa,2025-09-10,0.0,0,10,21.8,9.7,0.0,-1.0,-0.0,0.3564,0.0,10,2.66,1
bashiqa,2025-09-11,1.4,14,10,21.6,16.2,0.0,-1.0,-0.0,0.3564,0.0,10,2.79,1
bashiqa,2025-09-12,0.0,0,10,20.1,7.6,0.0,-1.0,-0.0,0.3564,0.0,10,9.71,1
bashiqa,2025-09-13,0.0,0,10,20.0,8.9,0.0,-1.0,-0.0,0.3564,0.0,10,5.63,1
bashiqa,2025-09-14,0.1,1,10,18.9,8.0,0.0,-1.0,-0.0,0.3564,0.0,10,2.48,1
bashiqa,2025-09-15,0.0,0,10,19.1,13.4,0.0,-1.0,-0.0,0.3564,0.0,10,3.72,1
bashiqa,2025-09-16,9.4,39,9,21.9,8.2,0.0,-1.0,-0.0,0.3564,0.0,10,4.06,1
bashiqa,2025-09-17,0.0,0,10,22.3,7.7,0.0,-1.0,-0.0,0.3564,0.0,10,9.81,1
bashiqa,2025-09-18,5.5,22,10,24.3,24.5,0.0,-1.0,-0.0,0.3564,0.0,10,4.13,1
bashiqa,2025-09-19,0.0,0,10,24.2,14.1,0.0,-1.0,-0.0,0.3564,0.0,10,14.81,1
bashiqa,2025-09-20,0.0,0,10,24.2,7.6,0.0,-1.0,-0.0,0.3564,0.0,10,8.27,1
bashiqa,2025-09-21,0.0,0,10,21.8,16.3,0.0,-1.0,-0.0,0.3564,0.0,10,5.64,1
bashiqa,2025-09-22,0.0,0,10,22.1,20.9,0.0,-1.0,-0.0,0.3564,0.0,10,9.0,1
bashiqa,2025-09-23,0.0,0,10,21.6,10.2,0.0,-1.0,-0.0,0.3564,0.0,10,10.83,1
bashiqa,2025-09-24,0.0,0,10,18.9,8.2,0.0,-1.0,-0.0,0.3564,0.0,10,3.17,1
bashiqa,2025-09-25,72.9,100,0,15.8,7.9,0.0,-1.0,-0.0,0.3564,17.1,6,13.54,1
bashiqa,2025-09-26,5.2,29,9,16.1,8.9,0.0,-1.0,-0.0,0.3564,0.0,10,30.43,1
bashiqa,2025-09-27,0.3,3,10,20.2,6.6,0.0,-1.0,-0.0,0.3564,3.2,9,8.48,1
bashiqa,2025-09-28,0.2,2,10,30.6,8.9,0.0,-1.0,-0.0,0.3564,0.0,10,8.11,1
bashiqa,2025-09-29,0.0,0,10,22.5,5.7,0.0,-1.0,-0.0,0.3564,0.0,10,7.59,1
bashiqa,2025-09-30,2.6,14,10,44.9,10.3,0.0,-1.0,-0.0,0.3564,0.1,10,3.22,1
bashiqa,2025-10-01,1.1,6,10,35.4,5.9,0.0,-0.866,0.5,0.3564,0.0,10,5.63,1
bashiqa,2025-10-02,0.0,0,10,28.6,6.4,0.0,-0.866,0.5,0.3564,0.0,10,2.23,1
bashiqa,2025-10-03,0.0,0,10,28.0,6.2,0.0,-0.866,0.5,0.3564,0.0,10,6.91,1
bashiqa,2025-10-04,0.0,0,10,19.6,9.0,0.0,-0.866,0.5,0.3564,0.0,10,4.51,1
bashiqa,2025-10-05,0.0,0,10,22.4,15.9,0.0,-0.866,0.5,0.3564,0.0,10,3.51,1
bashiqa,2025-10-06,0.0,0,10,30.3,14.3,0.0,-0.866,0.5,0.3564,0.0,10,2.58,1
bashiqa,2025-10-07,0.0,0,10,25.2,9.4,0.0,-0.866,0.5,0.3564,0.0,10,5.25,1
bashiqa,2025-10-08,0.0,0,10,21.8,5.4,0.0,-0.866,0.5,0.3564,0.0,10,3.34,1
bashiqa,2025-10-09,29.6,70,5,36.6,18.1,0.0,-0.866,0.5,0.3564,0.8,10,8.62,1
bashiqa,2025-10-10,0.0,0,10,33.1,9.2,0.0,-0.866,0.5,0.3564,0.0,10,5.05,1
bashiqa,2025-10-11,0.0,0,10,34.3,6.5,0.0,-0.866,0.5,0.3564,0.0,10,1.38,1
bashiqa,2025-10-12,76.4,89,0,30.5,13.4,0.1,-0.866,0.5,0.3564,24.2,6,19.27,1
bashiqa,2025-10-13,12.2,43,7,52.9,6.9,0.0,-0.866,0.5,0.3564,0.0,10,17.86,1
bashiqa,2025-10-14,0.0,0,10,35.5,6.6,0.0,-0.866,0.5,0.3564,0.0,10,4.74,1
bashiqa,2025-10-15,0.0,0,10,31.2,7.7,0.0,-0.866,0.5,0.3564,0.0,10,2.7,1
bashiqa,2025-10-16,0.0,0,10,30.1,8.4,0.0,-0.866,0.5,0.3564,0.0,10,2.45,1
bashiqa,2025-10-17,0.0,0,10,25.9,7.7,0.0,-0.866,0.5,0.3564,0.0,10,1.4,1
bashiqa,2025-10-18,2.5,10,10,26.2,9.2,0.0,-0.866,0.5,0.3564,0.0,10,11.59,1
bashiqa,2025-10-19,1.0,10,10,29.1,6.8,0.0,-0.866,0.5,0.3564,14.7,8,6.27,1
bashiqa,2025-10-20,40.2,71,1,50.1,6.8,0.0,-0.866,0.5,0.3564,36.0,5,18.0,0
bashiqa,2025-10-21,81.6,100,0,61.4,13.3,1.6,-0.866,0.5,0.3564,45.5,5,68.78,0
bashiqa,2025-10-22,11.7,34,7,53.4,10.7,0.0,-0.866,0.5,0.3564,14.9,8,37.42,1
bashiqa,2025-10-23,44.3,100,5,44.0,6.9,0.0,-0.866,0.5,0.3564,11.1,8,6.16,1
bashiqa,2025-10-24,67.4,100,0,30.3,16.4,0.0,-0.866,0.5,0.3564,49.2,4,56.06,0
bashiqa,2025-10-25,39.6,100,4,38.9,10.3,0.0,-0.866,0.5,0.3564,11.5,7,23.38,1
bashiqa,2025-10-26,49.5,100,2,52.3,5.7,0.0,-0.866,0.5,0.3564,31.2,6,33.09,1
bashiqa,2025-10-27,7.8,30,9,51.2,5.9,0.0,-0.866,0.5,0.3564,0.0,10,8.52,1
bashiqa,2025-10-28,0.0,0,10,43.7,6.9,0.0,-0.866,0.5,0.3564,0.0,10,4.3,1
bashiqa,2025-10-29,0.3,3,10,38.3,5.4,0.0,-0.866,0.5,0.3564,0.0,10,24.07,1
bashiqa,2025-10-30,0.0,0,10,32.5,7.4,0.0,-0.866,0.5,0.3564,0.0,10,3.72,1
bashiqa,2025-10-31,0.0,0,10,28.8,6.9,0.0,-0.866,0.5,0.3564,0.0,10,2.01,1
bashiqa,2025-11-01,2.1,11,10,28.8,6.1,0.0,-0.5,0.866,0.3564,1.3,10,1.79,1
bashiqa,2025-11-02,0.0,0,10,23.6,7.1,0.0,-0.5,0.866,0.3564,0.0,10,1.7,1
bashiqa,2025-11-03,93.6,100,0,24.9,7.4,0.0,-0.5,0.866,0.3564,20.8,7,6.6,1
bashiqa,2025-11-04,24.7,84,5,22.7,7.7,0.0,-0.5,0.866,0.3564,0.6,10,8.82,1
bashiqa,2025-11-05,16.9,85,8,22.0,6.9,0.0,-0.5,0.866,0.3564,3.2,10,3.6,1
bashiqa,2025-11-06,8.4,31,8,24.7,7.9,0.0,-0.5,0.866,0.3564,0.5,10,2.01,1
bashiqa,2025-11-07,0.0,0,10,32.5,7.9,0.0,-0.5,0.866,0.3564,0.0,10,3.46,1
bashiqa,2025-11-08,0.0,0,10,27.6,9.7,0.0,-0.5,0.866,0.3564,0.0,10,8.66,1
bashiqa,2025-11-09,12.6,85,9,28.4,9.6,0.0,-0.5,0.866,0.3564,4.9,10,2.23,1
bashiqa,2025-11-10,0.0,0,10,26.1,9.8,0.0,-0.5,0.866,0.3564,2.5,10,2.0,1
bashiqa,2025-11-11,80.0,99,0,26.1,8.0,0.0,-0.5,0.866,0.3564,30.1,6,26.45,1
bashiqa,2025-11-12,37.0,89,3,28.6,9.9,0.0,-0.5,0.866,0.3564,44.6,5,35.34,0
bashiqa,2025-11-13,19.5,98,8,28.4,10.8,0.0,-0.5,0.866,0.3564,0.0,10,52.28,1
bashiqa,2025-11-14,97.5,100,0,40.6,25.0,2.7,-0.5,0.866,0.3564,99.0,0,42.45,0
bashiqa,2025-11-15,94.8,100,0,87.7,20.2,13.6,-0.5,0.866,0.3564,80.5,0,90.22,0
bashiqa,2025-11-16,54.2,91,1,91.0,7.6,1.0,-0.5,0.866,0.3564,48.1,4,97.6,0
bashiqa,2025-11-17,6.1,36,9,74.8,5.0,0.0,-0.5,0.866,0.3564,0.3,10,9.39,1
bashiqa,2025-11-18,7.7,47,8,70.5,6.0,0.0,-0.5,0.866,0.3564,21.8,6,1.84,1
bashiqa,2025-11-19,0.0,0,10,63.0,6.6,0.0,-0.5,0.866,0.3564,0.0,10,2.15,1
bashiqa,2025-11-20,0.0,0,10,49.3,7.0,0.0,-0.5,0.866,0.3564,0.1,10,2.31,1
bashiqa,2025-11-21,0.0,0,10,39.0,6.8,0.0,-0.5,0.866,0.3564,0.0,10,2.64,1
bashiqa,2025-11-22,0.0,0,10,31.4,5.4,0.0,-0.5,0.866,0.3564,0.0,10,3.12,1
bashiqa,2025-11-23,0.0,0,10,45.4,6.1,0.0,-0.5,0.866,0.3564,0.0,10,1.38,1
bashiqa,2025-11-24,49.8,100,4,41.3,7.7,0.0,-0.5,0.866,0.3564,50.1,4,1.44,0
bashiqa,2025-11-25,92.3,100,0,43.7,6.5,0.0,-0.5,0.866,0.3564,80.2,2,59.52,0
bashiqa,2025-11-26,2.6,14,10,50.7,7.4,0.0,-0.5,0.866,0.3564,1.1,10,63.94,1
bashiqa,2025-11-27,0.7,7,10,47.9,7.5,0.0,-0.5,0.866,0.3564,0.0,10,0.66,1
bashiqa,2025-11-28,77.8,100,2,48.3,7.3,0.0,-0.5,0.866,0.3564,58.8,4,3.4,0
bashiqa,2025-11-29,83.9,100,0,51.8,8.5,0.0,-0.5,0.866,0.3564,1.0,10,56.3,1
bashiqa,2025-11-30,72.3,88,0,45.1,12.8,0.2,-0.5,0.866,0.3564,40.0,1,34.04,0
bashiqa,2025-12-01,0.7,7,10,59.8,6.8,0.0,-0.0,1.0,0.3564,0.0,10,30.32,1
bashiqa,2025-12-02,0.2,2,10,66.0,6.1,0.0,-0.0,1.0,0.3564,0.0,10,4.78,1
bashiqa,2025-12-03,1.6,16,10,48.8,7.0,0.0,-0.0,1.0,0.3564,0.0,10,11.35,1
bashiqa,2025-12-04,90.4,100,0,47.7,6.7,0.0,-0.0,1.0,0.3564,74.3,3,48.66,0
bashiqa,2025-12-05,72.3,87,0,44.5,9.6,0.0,-0.0,1.0,0.3564,21.2,7,52.54,1
bashiqa,2025-12-06,100.0,100,0,38.9,20.4,0.2,-0.0,1.0,0.3564,100.0,0,93.18,0
bashiqa,2025-12-07,99.7,100,0,86.6,18.2,11.4,-0.0,1.0,0.3564,99.9,0,99.93,0
bashiqa,2025-12-08,99.7,100,0,90.6,17.4,6.1,-0.0,1.0,0.3564,88.5,0,99.38,0
bashiqa,2025-12-09,99.7,100,0,90.7,8.0,2.1,-0.0,1.0,0.3564,91.3,0,93.12,0
bashiqa,2025-12-10,87.4,100,0,88.1,7.8,0.0,-0.0,1.0,0.3564,49.0,2,78.02,0
bashiqa,2025-12-11,94.4,100,0,82.3,8.1,0.3,-0.0,1.0,0.3564,92.9,0,75.12,0
bashiqa,2025-12-12,96.5,100,0,87.2,13.4,4.5,-0.0,1.0,0.3564,98.3,0,99.1,0
bashiqa,2025-12-13,59.2,73,0,93.6,5.6,0.0,-0.0,1.0,0.3564,43.7,4,87.19,0
bashiqa,2025-12-14,12.3,40,9,88.2,6.6,0.0,-0.0,1.0,0.3564,17.1,8,44.98,1
bashiqa,2025-12-15,74.9,100,1,88.0,6.0,0.0,-0.0,1.0,0.3564,78.7,0,39.26,0
bashiqa,2025-12-16,98.5,100,0,80.5,8.3,0.1,-0.0,1.0,0.3564,97.6,0,91.37,0
bashiqa,2025-12-17,8.1,46,9,45.7,10.9,0.0,-0.0,1.0,0.3564,6.3,9,60.37,1
bashiqa,2025-12-18,0.0,0,10,61.6,7.3,0.0,-0.0,1.0,0.3564,0.0,10,2.15,1
bashiqa,2025-12-19,5.1,48,9,57.7,7.3,0.0,-0.0,1.0,0.3564,19.3,8,2.8,1
bashiqa,2025-12-20,0.0,0,10,50.8,6.1,0.0,-0.0,1.0,0.3564,0.2,10,23.03,1
bashiqa,2025-12-21,90.0,100,0,55.6,9.1,0.0,-0.0,1.0,0.3564,98.9,0,59.49,0
bashiqa,2025-12-22,74.2,100,2,60.5,9.8,0.0,-0.0,1.0,0.3564,89.8,1,57.51,0
bashiqa,2025-12-23,71.0,100,2,57.8,8.7,0.0,-0.0,1.0,0.3564,69.6,1,92.32,0
bashiqa,2025-12-24,0.0,0,10,80.1,5.9,0.0,-0.0,1.0,0.3564,0.0,10,18.65,1
bashiqa,2025-12-25,60.9,100,4,72.2,5.2,0.0,-0.0,1.0,0.3564,17.9,6,25.74,1
bashiqa,2025-12-26,96.4,100,0,75.1,10.1,0.1,-0.0,1.0,0.3564,95.4,0,65.45,0
bashiqa,2025-12-27,99.9,100,0,91.2,27.1,13.4,-0.0,1.0,0.3564,99.5,0,99.93,0
bashiqa,2025-12-28,3.5,15,10,68.1,7.1,0.0,-0.0,1.0,0.3564,0.0,10,66.43,1
bashiqa,2025-12-29,68.9,94,0,93.2,21.1,0.7,-0.0,1.0,0.3564,29.6,7,63.87,1
bashiqa,2025-12-30,35.4,100,5,80.2,9.2,0.0,-0.0,1.0,0.3564,75.1,2,31.95,0
bashiqa,2025-12-31,100.0,100,0,64.3,23.3,5.2,-0.0,1.0,0.3564,97.3,0,90.34,0
bashiqa,2026-01-01,99.9,100,0,86.2,16.2,9.3,0.5,0.866,0.3564,100.0,0,99.87,0
bashiqa,2026-01-02,33.1,70,4,81.7,6.1,0.1,0.5,0.866,0.3564,12.7,8,78.12,1
bashiqa,2026-01-03,21.9,63,6,78.0,4.9,0.0,0.5,0.866,0.3564,0.2,10,10.83,1
bashiqa,2026-01-04,0.4,4,10,75.7,6.0,0.0,0.5,0.866,0.3564,26.0,7,2.4,1
bashiqa,2026-01-05,25.9,100,7,57.3,6.7,0.0,0.5,0.866,0.3564,51.8,4,10.82,0
bashiqa,2026-01-06,50.1,100,4,58.3,6.9,0.0,0.5,0.866,0.3564,58.7,4,46.09,0
bashiqa,2026-01-07,3.4,25,9,58.7,6.1,0.0,0.5,0.866,0.3564,14.7,8,20.9,1
bashiqa,2026-01-08,55.2,100,3,58.3,12.6,0.0,0.5,0.866,0.3564,82.0,0,28.6,0
bashiqa,2026-01-09,100.0,100,0,90.1,15.2,7.9,0.5,0.866,0.3564,99.8,0,98.74,0
bashiqa,2026-01-10,51.4,68,0,87.1,7.6,0.0,0.5,0.866,0.3564,10.7,9,81.3,1
bashiqa,2026-01-11,0.6,3,10,65.3,11.5,0.0,0.5,0.866,0.3564,0.0,10,17.45,1
bashiqa,2026-01-12,91.5,100,0,71.8,23.7,0.4,0.5,0.866,0.3564,67.3,2,65.08,0
bashiqa,2026-01-13,99.9,100,0,92.2,11.5,10.0,0.5,0.866,0.3564,99.7,0,84.39,0
bashiqa,2026-01-14,59.4,89,2,84.2,6.2,0.4,0.5,0.866,0.3564,68.7,2,91.86,0
bashiqa,2026-01-15,7.2,23,10,64.7,6.5,0.0,0.5,0.866,0.3564,1.8,10,42.24,1
bashiqa,2026-01-16,72.4,100,0,65.6,7.4,0.0,0.5,0.866,0.3564,63.4,3,41.63,0
bashiqa,2026-01-17,93.9,100,0,61.3,8.2,0.0,0.5,0.866,0.3564,87.3,0,59.97,0
bashiqa,2026-01-18,96.6,100,0,71.5,18.6,2.5,0.5,0.866,0.3564,99.9,0,99.41,0
bashiqa,2026-01-19,1.6,16,10,66.6,17.9,0.0,0.5,0.866,0.3564,16.1,8,83.3,1
bashiqa,2026-01-20,0.9,7,10,63.9,7.4,0.0,0.5,0.866,0.3564,0.1,10,47.15,1
bashiqa,2026-01-21,2.6,11,10,67.1,6.9,0.0,0.5,0.866,0.3564,41.4,5,19.76,0
bashiqa,2026-01-22,98.9,100,0,52.8,14.0,0.9,0.5,0.866,0.3564,100.0,0,97.79,0
bashiqa,2026-01-23,87.8,100,0,66.0,17.0,0.0,0.5,0.866,0.3564,94.6,0,98.7,0
bashiqa,2026-01-24,57.7,100,3,50.6,8.0,0.0,0.5,0.866,0.3564,32.6,5,78.13,0
bashiqa,2026-01-25,0.0,0,10,69.3,6.7,0.0,0.5,0.866,0.3564,0.6,10,10.18,1
bashiqa,2026-01-26,95.0,100,0,61.9,10.1,0.0,0.5,0.866,0.3564,88.8,0,27.8,0
bashiqa,2026-01-27,86.7,100,1,62.2,17.7,0.0,0.5,0.866,0.3564,71.9,1,66.72,0
bashiqa,2026-01-28,99.4,100,0,86.2,23.4,3.3,0.5,0.866,0.3564,96.4,0,90.64,0
bashiqa,2026-01-29,62.3,88,0,88.2,7.7,0.0,0.5,0.866,0.3564,41.0,2,74.57,0
bashiqa,2026-01-30,94.4,98,0,83.1,17.0,1.9,0.5,0.866,0.3564,100.0,0,91.31,0
bashiqa,2026-01-31,100.0,100,0,82.2,14.9,4.9,0.5,0.866,0.3564,100.0,0,99.53,0
bashiqa,2026-02-01,94.5,100,0,71.2,15.0,0.6,0.866,0.5,0.3564,97.5,0,96.65,0
bashiqa,2026-02-02,99.1,100,0,77.2,24.2,5.1,0.866,0.5,0.3564,94.5,0,98.11,0
bashiqa,2026-02-03,97.7,100,0,95.4,13.0,1.0,0.866,0.5,0.3564,28.5,7,89.82,1
bashiqa,2026-02-04,30.2,79,6,78.0,7.3,0.0,0.866,0.5,0.3564,14.5,8,35.9,1
bashiqa,2026-02-05,63.2,100,2,67.8,7.8,0.0,0.866,0.5,0.3564,69.5,3,38.83,0
bashiqa,2026-02-06,99.3,100,0,63.0,19.7,0.5,0.866,0.5,0.3564,100.0,0,83.82,0
bashiqa,2026-02-07,99.9,100,0,92.3,15.8,29.6,0.866,0.5,0.3564,99.0,0,99.55,0
bashiqa,2026-02-08,84.8,100,0,82.2,11.9,2.1,0.866,0.5,0.3564,83.0,0,89.15,0
bashiqa,2026-02-09,90.8,100,0,87.1,11.0,0.5,0.866,0.5,0.3564,75.2,1,72.27,0
bashiqa,2026-02-10,99.4,100,0,88.9,8.7,0.4,0.866,0.5,0.3564,98.1,0,98.79,0
bashiqa,2026-02-11,99.1,100,0,84.2,13.0,1.4,0.866,0.5,0.3564,91.7,1,87.8,0
bashiqa,2026-02-12,87.5,100,0,82.4,11.4,0.0,0.866,0.5,0.3564,91.1,0,90.2,0
bashiqa,2026-02-13,96.5,100,0,58.9,20.3,0.1,0.866,0.5,0.3564,99.4,0,92.26,0
bashiqa,2026-02-14,45.0,79,2,89.3,6.0,0.0,0.866,0.5,0.3564,2.5,10,79.86,1
bashiqa,2026-02-15,0.0,0,10,74.0,6.2,0.0,0.866,0.5,0.3564,0.0,10,10.47,1
bashiqa,2026-02-16,16.7,66,8,61.4,7.4,0.0,0.866,0.5,0.3564,18.7,8,4.18,1
bashiqa,2026-02-17,94.7,100,0,57.2,18.6,1.8,0.866,0.5,0.3564,79.4,1,57.52,0
bashiqa,2026-02-18,47.1,78,2,53.1,9.8,0.0,0.866,0.5,0.3564,9.9,8,54.23,1
bashiqa,2026-02-19,3.0,30,9,69.5,9.2,0.0,0.866,0.5,0.3564,0.1,10,21.72,1
bashiqa,2026-02-20,0.0,0,10,64.4,6.8,0.0,0.866,0.5,0.3564,0.0,10,1.8,1
bashiqa,2026-02-21,0.0,0,10,45.6,10.0,0.0,0.866,0.5,0.3564,0.0,10,1.19,1
bashiqa,2026-02-22,0.0,0,10,51.6,8.8,0.0,0.866,0.5,0.3564,0.0,10,23.13,1
bashiqa,2026-02-23,5.1,22,10,55.1,7.1,0.0,0.866,0.5,0.3564,0.9,10,3.21,1
bashiqa,2026-02-24,2.4,22,10,78.5,7.6,0.0,0.866,0.5,0.3564,1.2,10,53.13,1
bashiqa,2026-02-25,64.3,80,0,63.2,15.5,0.0,0.866,0.5,0.3564,7.9,8,14.49,1
bashiqa,2026-02-26,98.7,100,0,83.2,17.4,19.8,0.866,0.5,0.3564,94.4,0,81.61,0
bashiqa,2026-02-27,65.8,82,0,74.6,9.2,0.0,0.866,0.5,0.3564,13.2,9,80.53,1
bashiqa,2026-02-28,42.8,100,3,73.1,6.4,0.0,0.866,0.5,0.3564,83.3,1,69.61,0
bashiqa,2026-03-01,55.6,100,2,60.7,5.8,0.0,1.0,0.0,0.3564,16.2,8,38.6,1
bashiqa,2026-03-02,0.0,0,10,49.0,7.9,0.0,1.0,0.0,0.3564,0.0,10,23.23,1
bashiqa,2026-03-03,1.9,8,10,49.7,7.3,0.0,1.0,0.0,0.3564,1.6,10,3.89,1
bashiqa,2026-03-04,89.0,100,1,59.5,21.4,1.7,1.0,0.0,0.3564,90.3,1,55.21,0
bashiqa,2026-03-05,16.3,33,6,58.0,6.5,0.0,1.0,0.0,0.3564,1.0,10,60.82,1
bashiqa,2026-03-06,98.0,100,0,57.6,6.7,0.0,1.0,0.0,0.3564,66.2,2,68.34,0
bashiqa,2026-03-07,91.7,100,0,64.4,19.8,0.7,1.0,0.0,0.3564,98.1,0,78.83,0
bashiqa,2026-03-08,39.1,65,3,85.4,7.6,0.0,1.0,0.0,0.3564,22.0,7,89.36,1
bashiqa,2026-03-09,41.2,62,2,67.0,14.0,0.0,1.0,0.0,0.3564,0.5,10,46.28,1
bashiqa,2026-03-10,40.7,81,3,29.6,20.4,0.0,1.0,0.0,0.3564,0.0,10,5.95,1
bashiqa,2026-03-11,55.6,67,0,37.7,15.7,0.0,1.0,0.0,0.3564,1.3,10,38.28,1
bashiqa,2026-03-12,74.8,96,1,45.5,8.9,0.0,1.0,0.0,0.3564,47.7,4,14.02,0
bashiqa,2026-03-13,56.8,93,0,45.7,9.9,0.3,1.0,0.0,0.3564,34.3,5,45.19,0
bashiqa,2026-03-14,100.0,100,0,84.2,20.0,13.3,1.0,0.0,0.3564,100.0,0,91.91,0
bashiqa,2026-03-15,97.7,100,0,97.2,13.9,16.5,1.0,0.0,0.3564,98.6,0,98.82,0
bashiqa,2026-03-16,85.6,96,0,72.0,11.9,0.1,1.0,0.0,0.3564,29.6,5,66.55,0
bashiqa,2026-03-17,2.3,16,10,71.8,7.1,0.0,1.0,0.0,0.3564,10.2,8,62.4,1
bashiqa,2026-03-18,20.5,92,6,70.0,10.0,0.0,1.0,0.0,0.3564,40.3,5,5.44,0
bashiqa,2026-03-19,100.0,100,0,84.6,25.6,21.9,1.0,0.0,0.3564,100.0,0,95.13,0
bashiqa,2026-03-20,98.6,100,0,89.4,16.5,18.8,1.0,0.0,0.3564,87.3,0,97.23,0
bashiqa,2026-03-21,100.0,100,0,85.4,20.4,2.3,1.0,0.0,0.3564,95.9,0,95.25,0
bashiqa,2026-03-22,64.1,90,0,90.3,10.2,7.1,1.0,0.0,0.3564,71.1,2,97.46,0
bashiqa,2026-03-23,100.0,100,0,63.9,8.2,0.0,1.0,0.0,0.3564,92.4,0,64.84,0
bashiqa,2026-03-24,100.0,100,0,78.2,11.6,7.2,1.0,0.0,0.3564,99.0,0,96.42,0
bashiqa,2026-03-25,99.2,100,0,91.3,14.5,4.0,1.0,0.0,0.3564,90.8,0,96.32,0
bashiqa,2026-03-26,100.0,100,0,84.1,26.6,18.6,1.0,0.0,0.3564,100.0,0,99.7,0
bashiqa,2026-03-27,99.8,100,0,84.2,9.2,1.9,1.0,0.0,0.3564,100.0,0,99.86,0
bashiqa,2026-03-28,64.5,76,0,85.7,8.7,0.0,1.0,0.0,0.3564,29.8,2,86.5,0
bashiqa,2026-03-29,97.9,100,0,89.8,15.8,12.0,1.0,0.0,0.3564,97.1,0,93.29,0
bashiqa,2026-03-30,86.0,100,0,87.8,9.1,0.0,1.0,0.0,0.3564,79.2,1,76.33,0
bashiqa,2026-03-31,12.7,26,9,78.9,6.6,0.0,1.0,0.0,0.3564,2.0,10,59.48,1
bashiqa,2026-04-01,41.9,100,6,68.6,6.7,0.0,0.866,-0.5,0.3564,88.7,0,14.53,0
bashiqa,2026-04-02,99.6,100,0,78.5,10.0,2.0,0.866,-0.5,0.3564,88.5,0,89.38,0
bashiqa,2026-04-03,87.9,100,0,90.7,17.3,6.9,0.866,-0.5,0.3564,40.3,5,82.76,0
bashiqa,2026-04-04,41.9,71,4,78.7,6.6,0.3,0.866,-0.5,0.3564,14.8,9,33.6,1
bashiqa,2026-04-05,21.2,65,6,87.2,7.4,0.0,0.866,-0.5,0.3564,5.5,9,50.13,1
bashiqa,2026-04-06,25.7,100,7,87.1,6.3,0.0,0.866,-0.5,0.3564,25.8,7,39.55,1
bashiqa,2026-04-07,87.3,100,0,93.4,7.8,3.5,0.866,-0.5,0.3564,58.6,3,69.24,0
bashiqa,2026-04-08,53.9,82,1,81.5,9.5,0.8,0.866,-0.5,0.3564,31.0,6,55.63,1
bashiqa,2026-04-09,69.2,100,1,75.2,18.2,0.1,0.866,-0.5,0.3564,25.2,6,73.76,1
bashiqa,2026-04-10,89.0,100,0,61.2,13.4,0.1,0.866,-0.5,0.3564,30.3,5,60.12,0
bashiqa,2026-04-11,91.0,100,0,85.4,21.5,2.1,0.866,-0.5,0.3564,61.6,2,82.84,0
bashiqa,2026-04-12,87.7,99,0,90.1,8.6,7.4,0.866,-0.5,0.3564,43.5,3,81.3,0
bashiqa,2026-04-13,3.0,30,9,82.1,8.7,0.0,0.866,-0.5,0.3564,1.1,10,64.64,1
bashiqa,2026-04-14,31.0,80,5,57.5,8.2,0.0,0.866,-0.5,0.3564,21.9,7,11.57,1
bashiqa,2026-04-15,3.8,22,10,60.0,8.7,0.0,0.866,-0.5,0.3564,1.4,10,24.16,1
bashiqa,2026-04-16,20.9,59,6,55.2,8.5,0.0,0.866,-0.5,0.3564,38.7,5,54.89,0
bashiqa,2026-04-17,82.6,100,1,53.9,12.6,0.0,0.866,-0.5,0.3564,86.4,1,37.54,0
bashiqa,2026-04-18,96.7,100,0,83.9,21.9,16.7,0.866,-0.5,0.3564,91.6,0,99.16,0
bashiqa,2026-04-19,74.2,100,0,90.6,10.8,4.7,0.866,-0.5,0.3564,23.3,6,63.47,1
bashiqa,2026-04-20,78.5,100,0,91.7,8.4,10.2,0.866,-0.5,0.3564,39.8,5,75.95,0
bashiqa,2026-04-21,4.8,32,9,81.0,6.4,0.0,0.866,-0.5,0.3564,5.8,10,55.02,1
bashiqa,2026-04-22,11.9,55,8,60.5,7.6,0.0,0.866,-0.5,0.3564,6.4,10,15.54,1
bashiqa,2026-04-23,22.6,52,5,55.9,12.7,0.0,0.866,-0.5,0.3564,0.6,10,10.59,1
bashiqa,2026-04-24,85.0,100,0,68.5,18.3,0.3,0.866,-0.5,0.3564,75.8,0,36.38,0
bashiqa,2026-04-25,96.9,100,0,51.4,13.7,0.0,0.866,-0.5,0.3564,66.3,2,80.51,0
bashiqa,2026-04-26,95.3,100,0,82.5,11.8,7.9,0.866,-0.5,0.3564,63.2,2,66.41,0
bashiqa,2026-04-27,81.1,100,2,71.7,7.6,0.0,0.866,-0.5,0.3564,54.4,3,62.34,0
bashiqa,2026-04-28,43.3,100,2,77.9,6.3,0.0,0.866,-0.5,0.3564,27.8,4,91.63,0
bashiqa,2026-04-29,40.9,98,4,80.0,13.3,0.2,0.866,-0.5,0.3564,9.6,9,72.71,1
bashiqa,2026-04-30,2.2,22,10,59.3,8.4,0.0,0.866,-0.5,0.3564,1.7,10,5.44,1
bashiqa,2026-05-01,87.9,100,1,49.5,13.2,0.0,0.5,-0.866,0.3564,98.3,0,25.93,0
bashiqa,2026-05-02,100.0,100,0,45.5,15.5,0.1,0.5,-0.866,0.3564,97.6,0,75.05,0
bashiqa,2026-05-03,74.6,100,0,47.1,21.6,0.0,0.5,-0.866,0.3564,53.6,3,88.07,0
bashiqa,2026-05-04,28.1,66,5,51.7,16.3,0.0,0.5,-0.866,0.3564,10.2,9,34.03,1
bashiqa,2026-05-05,54.6,85,0,52.8,23.4,0.0,0.5,-0.866,0.3564,5.9,9,8.83,1
bashiqa,2026-05-06,4.4,39,9,53.8,7.7,0.0,0.5,-0.866,0.3564,0.0,10,31.6,1
bashiqa,2026-05-07,1.7,7,10,55.4,9.6,0.0,0.5,-0.866,0.3564,0.2,10,7.34,1
bashiqa,2026-05-08,0.0,0,10,47.8,6.9,0.0,0.5,-0.866,0.3564,0.1,10,3.73,1
bashiqa,2026-05-09,19.1,50,5,39.4,8.7,0.0,0.5,-0.866,0.3564,1.2,10,7.26,1
bashiqa,2026-05-10,37.2,81,4,45.2,12.3,0.0,0.5,-0.866,0.3564,10.4,9,14.31,1
bashiqa,2026-05-11,62.7,100,1,30.4,18.4,0.1,0.5,-0.866,0.3564,22.7,8,54.05,1
bashiqa,2026-05-12,62.4,100,2,48.1,12.9,0.0,0.5,-0.866,0.3564,2.5,10,53.01,1
bashiqa,2026-05-13,9.6,34,8,38.5,13.5,0.0,0.5,-0.866,0.3564,1.2,10,12.48,1
bashiqa,2026-05-14,74.2,100,0,38.2,13.0,0.0,0.5,-0.866,0.3564,49.2,2,49.22,0
bashiqa,2026-05-15,59.6,100,1,52.8,17.6,0.1,0.5,-0.866,0.3564,2.4,10,59.2,1
bashiqa,2026-05-16,36.1,100,6,73.3,10.0,0.0,0.5,-0.866,0.3564,7.7,9,36.05,1
bashiqa,2026-05-17,46.9,74,0,49.7,13.6,0.0,0.5,-0.866,0.3564,4.2,10,11.74,1
bashiqa,2026-05-18,16.3,55,6,53.7,11.3,0.0,0.5,-0.866,0.3564,1.1,10,40.56,1
bashiqa,2026-05-19,1.8,12,10,57.8,13.5,0.0,0.5,-0.866,0.3564,2.7,10,32.75,1
bashiqa,2026-05-20,74.5,100,2,54.4,15.1,3.0,0.5,-0.866,0.3564,65.8,1,52.96,0
bashiqa,2026-05-21,15.5,38,7,65.0,17.6,0.0,0.5,-0.866,0.3564,6.0,10,43.69,1
bashiqa,2026-05-22,19.8,46,7,53.0,9.7,0.0,0.5,-0.866,0.3564,2.5,10,24.28,1
bashiqa,2026-05-23,44.0,80,1,39.7,16.6,0.0,0.5,-0.866,0.3564,20.8,8,15.8,1
bashiqa,2026-05-24,6.4,42,9,49.4,18.4,0.0,0.5,-0.866,0.3564,0.5,10,42.0,1
bashiqa,2026-05-25,15.1,56,7,42.5,7.9,0.0,0.5,-0.866,0.3564,5.9,10,8.17,1
bashiqa,2026-05-26,0.3,3,10,36.7,11.0,0.0,0.5,-0.866,0.3564,1.6,10,9.7,1
bashiqa,2026-05-27,19.4,100,8,33.0,11.1,0.0,0.5,-0.866,0.3564,4.2,10,5.89,1
bashiqa,2026-05-28,100.0,100,0,21.9,23.2,0.0,0.5,-0.866,0.3564,64.4,2,42.86,0
bashiqa,2026-05-29,38.5,67,1,40.0,18.9,0.0,0.5,-0.866,0.3564,5.1,9,62.82,1
bashiqa,2026-05-30,7.2,72,9,41.9,10.3,0.0,0.5,-0.866,0.3564,0.3,10,21.68,1
bashiqa,2026-05-31,2.2,19,10,27.9,8.7,0.0,0.5,-0.866,0.3564,2.7,10,5.52,1
bashiqa,2026-06-01,22.1,61,6,26.1,8.9,0.0,0.0,-1.0,0.3564,4.5,9,3.85,1
bashiqa,2026-06-02,20.3,66,7,24.9,9.4,0.0,0.0,-1.0,0.3564,2.3,10,4.82,1
bashiqa,2026-06-03,0.8,5,10,32.1,14.7,0.0,0.0,-1.0,0.3564,7.5,9,28.04,1
bashiqa,2026-06-04,8.7,35,9,19.4,14.8,0.0,0.0,-1.0,0.3564,10.2,8,14.46,1
bashiqa,2026-06-05,9.2,29,9,26.6,6.9,0.0,0.0,-1.0,0.3564,0.0,10,3.8,1
bashiqa,2026-06-06,16.4,50,7,14.2,15.5,0.0,0.0,-1.0,0.3564,11.4,8,7.86,1
bashiqa,2026-06-07,0.0,0,10,18.3,10.3,0.0,0.0,-1.0,0.3564,0.0,10,18.05,1
bashiqa,2026-06-08,6.1,45,9,17.9,7.5,0.0,0.0,-1.0,0.3564,0.0,10,1.48,1
bashiqa,2026-06-09,16.2,48,8,20.2,14.9,0.0,0.0,-1.0,0.3564,0.8,10,9.38,1
bashiqa,2026-06-10,26.1,58,4,16.7,9.7,0.0,0.0,-1.0,0.3564,22.8,6,16.83,1
bashiqa,2026-06-11,8.5,34,8,24.0,19.1,0.0,0.0,-1.0,0.3564,11.5,9,11.4,1
bashiqa,2026-06-12,5.6,28,9,28.9,15.3,0.0,0.0,-1.0,0.3564,0.1,10,14.27,1
bashiqa,2026-06-13,9.9,23,10,24.7,13.0,0.0,0.0,-1.0,0.3564,0.0,10,7.95,1
bashiqa,2026-06-14,3.4,28,9,28.0,21.8,0.0,0.0,-1.0,0.3564,0.7,10,9.96,1
bashiqa,2026-06-15,25.2,47,4,32.6,11.5,0.0,0.0,-1.0,0.3564,2.4,10,3.91,1
bashiqa,2026-06-16,0.0,0,10,21.4,16.0,0.0,0.0,-1.0,0.3564,0.5,10,4.04,1
bashiqa,2026-06-17,21.8,47,6,20.2,12.2,0.0,0.0,-1.0,0.3564,0.0,10,2.49,1
bashiqa,2026-06-18,12.8,36,7,15.6,14.0,0.0,0.0,-1.0,0.3564,0.0,10,2.84,1
bashiqa,2026-06-19,2.4,20,10,16.1,15.4,0.0,0.0,-1.0,0.3564,0.0,10,5.45,1
bashiqa,2026-06-20,0.0,0,10,19.3,17.3,0.0,0.0,-1.0,0.3564,0.0,10,4.97,1
bashiqa,2026-06-21,0.0,0,10,12.6,16.7,0.0,0.0,-1.0,0.3564,0.0,10,2.01,1
bashiqa,2026-06-22,0.0,0,10,14.5,10.3,0.0,0.0,-1.0,0.3564,0.0,10,11.4,1
bashiqa,2026-06-23,0.9,8,10,21.5,20.7,0.0,0.0,-1.0,0.3564,0.4,10,12.51,1
bashiqa,2026-06-24,1.5,7,10,25.7,14.6,0.0,0.0,-1.0,0.3564,0.0,10,9.3,1
bashiqa,2026-06-25,33.6,49,2,22.7,8.4,0.0,0.0,-1.0,0.3564,2.6,10,5.45,1
bashiqa,2026-06-26,0.0,0,10,23.5,13.0,0.0,0.0,-1.0,0.3564,0.2,10,12.16,1
bashiqa,2026-06-27,34.5,51,2,23.3,15.8,0.0,0.0,-1.0,0.3564,3.5,10,17.06,1
bashiqa,2026-06-28,0.0,0,10,17.1,19.2,0.0,0.0,-1.0,0.3564,0.0,10,9.6,1
bashiqa,2026-06-29,0.0,0,10,14.7,11.0,0.0,0.0,-1.0,0.3564,0.0,10,10.46,1
bashiqa,2026-06-30,0.0,0,10,15.0,14.3,0.0,0.0,-1.0,0.3564,0.0,10,,1
bashiqa,2026-07-01,0.0,0,10,18.7,17.8,0.0,-0.5,-0.866,0.3564,0.0,10,,1
bashiqa,2026-07-02,0.0,0,10,19.7,13.1,0.0,-0.5,-0.866,0.3564,0.0,10,,1
bashiqa,2026-07-03,0.2,2,10,19.5,13.7,0.0,-0.5,-0.866,0.3564,0.0,10,,1
bashiqa,2026-07-04,31.4,70,5,26.8,15.2,0.0,-0.5,-0.866,0.3564,7.4,9,,1
bashiqa,2026-07-05,0.0,0,10,21.6,18.3,0.0,-0.5,-0.866,0.3564,0.7,10,,1
bashiqa,2026-07-06,2.7,18,10,21.3,20.8,0.0,-0.5,-0.866,0.3564,1.2,10,,1
bashiqa,2026-07-07,12.3,34,8,22.2,17.7,0.0,-0.5,-0.866,0.3564,1.7,10,,1
bashiqa,2026-07-08,0.9,7,10,23.8,9.4,0.0,-0.5,-0.866,0.3564,0.1,10,,1
bashiqa,2026-07-09,0.0,0,10,20.9,12.5,0.0,-0.5,-0.866,0.3564,0.0,10,,1
bashiqa,2026-07-10,0.0,0,10,18.4,18.1,0.0,-0.5,-0.866,0.3564,0.0,10,,1
bashiqa,2026-07-11,0.0,0,10,17.0,11.9,0.0,-0.5,-0.866,0.3564,0.0,10,,1
bashiqa,2026-07-12,0.0,0,10,14.7,11.4,0.0,-0.5,-0.866,0.3564,0.0,10,,1
bashiqa,2026-07-13,0.0,0,10,18.2,12.2,0.0,-0.5,-0.866,0.3564,0.0,10,,1
bashiqa,2026-07-14,0.0,0,10,19.3,18.9,0.0,-0.5,-0.866,0.3564,0.0,10,,1
bashiqa,2026-07-15,0.6,3,10,21.6,9.0,0.0,-0.5,-0.866,0.3564,0.0,10,,1
bashiqa,2026-07-16,0.0,0,10,16.2,9.1,0.0,-0.5,-0.866,0.3564,0.0,10,,1
bashiqa,2026-07-17,3.8,12,10,20.4,13.5,0.0,-0.5,-0.866,0.3564,0.0,10,,1
bashiqa,2026-07-18,1.0,7,10,16.2,14.7,0.0,-0.5,-0.866,0.3564,0.1,10,,1
bashiqa,2026-07-19,0.0,0,10,18.4,17.7,0.0,-0.5,-0.866,0.3564,0.0,10,,1
bashiqa,2026-07-20,4.0,19,10,14.2,8.2,0.0,-0.5,-0.866,0.3564,0.0,10,,1
bashiqa,2026-07-21,11.3,34,8,18.6,13.9,0.0,-0.5,-0.866,0.3564,1.2,10,,1
bashiqa,2026-07-22,23.8,42,5,16.7,14.7,0.0,-0.5,-0.866,0.3564,0.0,10,,1
bashiqa,2026-07-23,2.0,19,10,16.7,18.6,0.0,-0.5,-0.866,0.3564,0.0,10,,1
bashiqa,2026-07-24,0.0,0,10,17.8,6.1,0.0,-0.5,-0.866,0.3564,0.0,10,,1
bashiqa,2026-07-25,0.2,2,10,26.0,17.1,0.0,-0.5,-0.866,0.3564,0.0,10,,1
bashiqa,2026-07-26,0.0,0,10,26.2,19.5,0.0,-0.5,-0.866,0.3564,0.0,10,,1
bashiqa,2026-07-27,0.0,0,10,20.0,11.4,0.0,-0.5,-0.866,0.3564,0.0,10,,1
bashiqa,2026-07-28,0.0,0,10,13.8,9.0,0.0,-0.5,-0.866,0.3564,0.0,10,,1
bashiqa,2026-07-29,24.6,70,4,14.5,11.0,0.0,-0.5,-0.866,0.3564,0.0,10,,1
bashiqa,2026-07-30,0.1,1,10,12.8,22.5,0.0,-0.5,-0.866,0.3564,0.0,10,,1
bashiqa,2026-07-31,34.8,70,3,14.7,9.2,0.0,-0.5,-0.866,0.3564,0.6,10,,1
bashiqa,2026-08-01,43.1,93,1,15.6,21.1,0.0,-0.866,-0.5,0.3564,10.0,9,,1
bashiqa,2026-08-02,26.0,60,4,10.8,16.9,0.0,-0.866,-0.5,0.3564,0.3,10,,1
bashiqa,2026-08-03,0.7,7,10,11.5,18.7,0.0,-0.866,-0.5,0.3564,0.0,10,,1
bashiqa,2026-08-04,0.0,0,10,15.4,17.0,0.0,-0.866,-0.5,0.3564,0.0,10,,1
bashiqa,2026-08-05,0.0,0,10,16.8,21.8,0.0,-0.866,-0.5,0.3564,0.0,10,,1
bashiqa,2026-08-06,0.0,0,10,16.9,8.8,0.0,-0.866,-0.5,0.3564,0.0,10,,1
bashiqa,2026-08-07,0.2,2,10,21.9,13.8,0.0,-0.866,-0.5,0.3564,0.0,10,,1
bashiqa,2026-08-08,0.0,0,10,21.5,9.1,0.0,-0.866,-0.5,0.3564,0.0,10,,1
bashiqa,2026-08-09,33.3,50,2,24.5,17.0,0.0,-0.866,-0.5,0.3564,0.0,10,,1
bashiqa,2026-08-10,34.9,72,4,19.6,12.8,0.0,-0.866,-0.5,0.3564,9.5,8,,1
bashiqa,2026-08-11,20.5,69,6,17.1,13.0,0.0,-0.866,-0.5,0.3564,20.7,7,,1
bashiqa,2026-08-12,17.4,61,7,16.7,8.6,0.0,-0.866,-0.5,0.3564,1.4,10,,1
bashiqa,2026-08-13,0.2,1,10,17.9,10.1,0.0,-0.866,-0.5,0.3564,0.0,10,,1
bashiqa,2026-08-14,26.0,51,5,18.1,7.9,0.0,-0.866,-0.5,0.3564,0.0,10,,1
bashiqa,2026-08-15,2.1,13,10,30.7,15.0,0.0,-0.866,-0.5,0.3564,0.0,10,,1
bashiqa,2026-08-16,1.5,8,10,22.1,14.2,0.0,-0.866,-0.5,0.3564,0.2,10,,1
bashiqa,2026-08-17,5.7,32,9,23.8,13.7,0.0,-0.866,-0.5,0.3564,0.4,10,,1
bashiqa,2026-08-18,1.3,9,10,24.2,14.1,0.0,-0.866,-0.5,0.3564,0.0,10,,1
bashiqa,2026-08-19,0.0,0,10,24.7,10.2,0.0,-0.866,-0.5,0.3564,0.0,10,,1
bashiqa,2026-08-20,0.0,0,10,16.9,12.3,0.0,-0.866,-0.5,0.3564,0.0,10,,1
bashiqa,2026-08-21,0.0,0,10,16.9,24.7,0.0,-0.866,-0.5,0.3564,0.0,10,,1
bashiqa,2026-08-22,0.0,0,10,18.7,10.6,0.0,-0.866,-0.5,0.3564,0.0,10,,1
bashiqa,2026-08-23,0.0,0,10,19.8,20.2,0.0,-0.866,-0.5,0.3564,0.0,10,,1
bashiqa,2026-08-24,0.0,0,10,22.2,12.2,0.0,-0.866,-0.5,0.3564,0.0,10,,1
bashiqa,2026-08-25,0.0,0,10,20.8,20.1,0.0,-0.866,-0.5,0.3564,0.0,10,,1
bashiqa,2026-08-26,0.0,0,10,18.8,12.7,0.0,-0.866,-0.5,0.3564,0.0,10,,1
bashiqa,2026-08-27,2.8,24,10,26.2,8.8,0.0,-0.866,-0.5,0.3564,0.0,10,,1
bashiqa,2026-08-28,26.7,72,6,18.6,19.3,0.0,-0.866,-0.5,0.3564,5.1,9,,1
bashiqa,2026-08-29,1.4,12,10,21.9,12.2,0.0,-0.866,-0.5,0.3564,0.0,10,,1
bashiqa,2026-08-30,6.0,36,9,33.2,19.5,0.0,-0.866,-0.5,0.3564,0.0,10,,1
bashiqa,2026-08-31,0.0,0,10,33.4,6.3,0.0,-0.866,-0.5,0.3564,0.5,10,,1
bashiqa,2026-09-01,19.1,44,5,29.8,5.6,0.0,-1.0,-0.0,0.3564,0.5,10,,1
bashiqa,2026-09-02,2.0,14,10,22.5,11.3,0.0,-1.0,-0.0,0.3564,0.0,10,,1
bashiqa,2026-09-03,7.3,36,9,21.5,10.7,0.0,-1.0,-0.0,0.3564,0.0,10,,1
bashiqa,2026-09-04,0.3,3,10,18.2,7.1,0.0,-1.0,-0.0,0.3564,0.0,10,,1
bashiqa,2026-09-05,3.9,31,9,19.1,10.3,0.0,-1.0,-0.0,0.3564,0.1,10,,1
bashiqa,2026-09-06,57.8,98,1,23.7,10.1,0.0,-1.0,-0.0,0.3564,49.6,1,,0
bashiqa,2026-09-07,0.0,0,10,21.7,13.4,0.0,-1.0,-0.0,0.3564,0.0,10,,1
bashiqa,2026-09-08,0.0,0,10,19.6,8.9,0.0,-1.0,-0.0,0.3564,0.0,10,,1
bashiqa,2026-09-09,0.0,0,10,18.1,7.2,0.0,-1.0,-0.0,0.3564,0.0,10,,1
bashiqa,2026-09-10,24.1,95,7,16.4,8.7,0.0,-1.0,-0.0,0.3564,5.5,9,,1
bashiqa,2026-09-11,0.5,3,10,19.0,9.7,0.0,-1.0,-0.0,0.3564,0.0,10,,1
bashiqa,2026-09-12,0.0,0,10,19.5,10.8,0.0,-1.0,-0.0,0.3564,0.0,10,,1
bashiqa,2026-09-13,8.4,49,8,17.8,7.7,0.0,-1.0,-0.0,0.3564,0.0,10,,1
bashiqa,2026-09-14,0.0,0,10,21.7,9.2,0.0,-1.0,-0.0,0.3564,0.0,10,,1
bashiqa,2026-09-15,14.8,100,8,23.5,7.2,0.0,-1.0,-0.0,0.3564,6.7,9,,1
bashiqa,2026-09-16,0.0,0,10,24.6,8.2,0.0,-1.0,-0.0,0.3564,0.0,10,,1
bashiqa,2026-09-17,18.2,39,5,17.2,15.6,0.0,-1.0,-0.0,0.3564,15.9,7,,1
bashiqa,2026-09-18,20.5,44,5,23.6,7.9,0.0,-1.0,-0.0,0.3564,0.0,10,,1
alqosh,2024-02-01,54.2,100,3,63.3,6.6,0.0,0.866,0.5,0.2832,23.4,7,28.16,1
alqosh,2024-02-02,17.8,51,6,74.2,6.6,0.0,0.866,0.5,0.2832,4.2,10,25.52,1
alqosh,2024-02-03,51.0,100,4,72.1,7.6,1.4,0.866,0.5,0.2832,51.1,5,48.77,0
alqosh,2024-02-04,95.9,100,0,84.9,6.4,2.4,0.866,0.5,0.2832,58.0,3,85.8,0
alqosh,2024-02-05,86.8,100,0,95.9,5.2,2.3,0.866,0.5,0.2832,83.8,1,99.38,0
alqosh,2024-02-06,94.0,100,0,81.1,6.9,0.0,0.866,0.5,0.2832,72.9,2,76.69,0
alqosh,2024-02-07,48.7,84,2,86.9,6.1,0.0,0.866,0.5,0.2832,52.0,5,60.54,0
alqosh,2024-02-08,60.2,100,3,86.9,5.9,0.0,0.866,0.5,0.2832,50.3,2,50.76,0
alqosh,2024-02-09,72.3,100,1,70.1,7.6,0.3,0.866,0.5,0.2832,74.5,2,64.08,0
alqosh,2024-02-10,53.6,89,1,68.8,6.5,0.0,0.866,0.5,0.2832,3.2,10,69.13,1
alqosh,2024-02-11,0.0,0,10,60.9,7.3,0.0,0.866,0.5,0.2832,0.3,10,3.32,1
alqosh,2024-02-12,97.6,100,0,71.0,6.8,0.0,0.866,0.5,0.2832,100.0,0,53.62,0
alqosh,2024-02-13,100.0,100,0,45.3,18.0,0.0,0.866,0.5,0.2832,100.0,0,98.77,0
alqosh,2024-02-14,100.0,100,0,87.0,28.2,15.4,0.866,0.5,0.2832,100.0,0,99.63,0
alqosh,2024-02-15,81.1,100,0,88.5,11.7,2.5,0.866,0.5,0.2832,32.1,7,74.21,1
alqosh,2024-02-16,100.0,100,0,92.0,5.6,8.0,0.866,0.5,0.2832,100.0,0,84.05,0
alqosh,2024-02-17,97.6,100,0,89.5,5.1,3.7,0.866,0.5,0.2832,31.9,5,98.36,0
alqosh,2024-02-18,51.8,100,1,87.1,5.6,0.0,0.866,0.5,0.2832,13.4,9,52.47,1
alqosh,2024-02-19,44.6,100,5,80.5,5.9,0.0,0.866,0.5,0.2832,28.8,7,53.01,1
alqosh,2024-02-20,22.7,48,5,80.9,6.3,0.0,0.866,0.5,0.2832,2.5,10,48.14,1
alqosh,2024-02-21,7.2,47,8,82.2,6.5,0.0,0.866,0.5,0.2832,11.9,8,27.98,1
alqosh,2024-02-22,69.3,100,2,70.2,7.1,0.0,0.866,0.5,0.2832,40.0,4,15.19,0
alqosh,2024-02-23,95.0,100,0,69.0,6.9,0.0,0.866,0.5,0.2832,99.8,0,94.42,0
alqosh,2024-02-24,6.6,13,10,66.3,7.6,0.0,0.866,0.5,0.2832,16.2,8,82.98,1
alqosh,2024-02-25,42.6,83,4,54.5,12.4,0.0,0.866,0.5,0.2832,49.4,2,12.8,0
alqosh,2024-02-26,1.5,13,10,57.3,7.6,0.0,0.866,0.5,0.2832,0.1,10,2.86,1
alqosh,2024-02-27,16.0,43,8,40.1,8.2,0.0,0.866,0.5,0.2832,5.2,9,14.43,1
alqosh,2024-02-28,0.0,0,10,48.5,8.7,0.0,0.866,0.5,0.2832,0.0,10,4.12,1
alqosh,2024-02-29,0.0,0,10,49.6,7.7,0.0,0.866,0.5,0.2832,0.0,10,1.76,1
alqosh,2024-03-01,13.9,100,8,51.5,8.0,0.0,1.0,0.0,0.2832,51.2,4,19.86,0
alqosh,2024-03-02,62.2,100,2,39.3,11.3,0.0,1.0,0.0,0.2832,24.3,7,29.57,1
alqosh,2024-03-03,60.7,97,2,47.3,12.3,0.0,1.0,0.0,0.2832,62.9,2,68.8,0
alqosh,2024-03-04,0.2,1,10,60.9,6.3,0.0,1.0,0.0,0.2832,0.4,10,32.85,1
alqosh,2024-03-05,0.8,8,10,57.2,8.2,0.0,1.0,0.0,0.2832,0.1,10,10.87,1
alqosh,2024-03-06,96.3,100,0,61.8,24.3,4.6,1.0,0.0,0.2832,67.0,1,55.3,0
alqosh,2024-03-07,18.4,49,6,82.5,5.9,0.0,1.0,0.0,0.2832,2.7,10,49.44,1
alqosh,2024-03-08,79.9,100,0,61.9,7.9,0.0,1.0,0.0,0.2832,31.2,5,21.21,0
alqosh,2024-03-09,95.0,100,0,73.1,8.8,1.9,1.0,0.0,0.2832,60.0,4,67.48,0
alqosh,2024-03-10,0.0,0,10,77.2,6.1,0.0,1.0,0.0,0.2832,1.4,10,38.69,1
alqosh,2024-03-11,0.7,6,10,61.3,8.9,0.0,1.0,0.0,0.2832,5.9,8,16.99,1
alqosh,2024-03-12,4.2,15,10,61.3,6.8,0.0,1.0,0.0,0.2832,25.7,7,7.46,1
alqosh,2024-03-13,92.3,100,0,51.7,9.8,0.0,1.0,0.0,0.2832,89.6,0,35.56,0
alqosh,2024-03-14,50.3,99,2,34.9,15.0,0.0,1.0,0.0,0.2832,2.9,10,43.77,1
alqosh,2024-03-15,29.3,84,6,71.2,10.8,0.0,1.0,0.0,0.2832,0.1,10,18.77,1
alqosh,2024-03-16,75.4,100,0,60.9,7.9,0.0,1.0,0.0,0.2832,22.9,8,12.37,1
alqosh,2024-03-17,98.9,100,0,50.4,11.0,1.3,1.0,0.0,0.2832,92.1,1,67.97,0
alqosh,2024-03-18,100.0,100,0,88.4,21.9,25.8,1.0,0.0,0.2832,100.0,0,99.95,0
alqosh,2024-03-19,100.0,100,0,94.4,11.0,30.1,1.0,0.0,0.2832,100.0,0,99.68,0
alqosh,2024-03-20,89.7,100,0,80.5,11.5,2.1,1.0,0.0,0.2832,67.7,0,95.38,0
alqosh,2024-03-21,99.9,100,0,69.6,16.7,3.1,1.0,0.0,0.2832,99.1,0,97.8,0
alqosh,2024-03-22,70.1,100,0,88.6,7.1,0.5,1.0,0.0,0.2832,37.8,5,90.87,0
alqosh,2024-03-23,99.8,100,0,77.5,5.4,0.0,1.0,0.0,0.2832,98.3,0,80.69,0
alqosh,2024-03-24,100.0,100,0,70.4,7.4,1.3,1.0,0.0,0.2832,100.0,0,99.27,0
alqosh,2024-03-25,49.4,100,3,73.1,6.8,0.0,1.0,0.0,0.2832,47.2,4,46.67,0
alqosh,2024-03-26,79.3,100,0,84.0,7.4,4.2,1.0,0.0,0.2832,85.7,0,95.09,0
alqosh,2024-03-27,76.1,100,2,58.7,7.4,0.0,1.0,0.0,0.2832,87.3,1,83.33,0
alqosh,2024-03-28,0.0,0,10,77.0,8.1,0.0,1.0,0.0,0.2832,0.0,10,31.02,1
alqosh,2024-03-29,30.6,100,7,58.1,9.5,0.0,1.0,0.0,0.2832,68.5,1,35.04,0
alqosh,2024-03-30,0.0,0,10,51.9,9.5,0.0,1.0,0.0,0.2832,3.9,10,31.15,1
alqosh,2024-03-31,0.0,0,10,61.2,8.6,0.0,1.0,0.0,0.2832,0.0,10,19.32,1
alqosh,2024-04-01,10.7,55,8,53.4,9.6,0.0,0.866,-0.5,0.2832,18.4,8,1.35,1
alqosh,2024-04-02,1.0,9,10,44.1,8.7,0.0,0.866,-0.5,0.2832,0.0,10,7.86,1
alqosh,2024-04-03,32.3,95,5,48.5,8.4,0.0,0.866,-0.5,0.2832,22.8,7,10.63,1
alqosh,2024-04-04,50.8,100,4,49.0,10.6,0.0,0.866,-0.5,0.2832,41.1,4,15.0,0
alqosh,2024-04-05,75.5,100,1,53.4,9.1,0.0,0.866,-0.5,0.2832,59.2,3,20.45,0
alqosh,2024-04-06,100.0,100,0,40.9,20.8,0.2,0.866,-0.5,0.2832,98.6,0,73.15,0
alqosh,2024-04-07,88.4,100,0,60.8,29.5,0.5,0.866,-0.5,0.2832,94.0,0,94.82,0
alqosh,2024-04-08,87.6,100,0,49.1,9.5,0.0,0.866,-0.5,0.2832,67.5,2,85.92,0
alqosh,2024-04-09,100.0,100,0,76.8,29.7,17.6,0.866,-0.5,0.2832,96.0,0,69.69,0
alqosh,2024-04-10,100.0,100,0,90.3,4.1,0.2,0.866,-0.5,0.2832,65.5,1,89.03,0
alqosh,2024-04-11,78.6,100,2,75.4,6.4,0.0,0.866,-0.5,0.2832,55.0,4,64.65,0
alqosh,2024-04-12,27.6,89,6,59.7,7.0,0.0,0.866,-0.5,0.2832,9.0,9,15.54,1
alqosh,2024-04-13,0.0,0,10,56.9,7.1,0.0,0.866,-0.5,0.2832,0.0,10,1.2,1
alqosh,2024-04-14,99.6,100,0,50.1,9.7,0.1,0.866,-0.5,0.2832,99.3,0,24.56,0
alqosh,2024-04-15,25.4,97,7,57.5,6.9,0.0,0.866,-0.5,0.2832,1.3,10,74.2,1
alqosh,2024-04-16,0.8,8,10,43.6,7.9,0.0,0.866,-0.5,0.2832,0.0,10,1.35,1
alqosh,2024-04-17,23.3,70,7,47.3,8.5,0.0,0.866,-0.5,0.2832,36.8,5,1.0,0
alqosh,2024-04-18,19.9,62,6,38.8,9.2,0.0,0.866,-0.5,0.2832,0.4,10,2.98,1
alqosh,2024-04-19,1.5,6,10,42.7,11.5,0.0,0.866,-0.5,0.2832,9.7,9,10.58,1
alqosh,2024-04-20,79.7,100,1,37.6,6.9,0.0,0.866,-0.5,0.2832,98.4,0,49.77,0
alqosh,2024-04-21,3.4,26,9,64.2,4.9,0.0,0.866,-0.5,0.2832,0.3,10,76.18,1
alqosh,2024-04-22,1.4,10,10,42.2,6.0,0.0,0.866,-0.5,0.2832,1.7,10,2.36,1
alqosh,2024-04-23,10.3,67,8,39.7,6.4,0.0,0.866,-0.5,0.2832,6.4,9,58.21,1
alqosh,2024-04-24,0.4,4,10,43.8,8.0,0.0,0.866,-0.5,0.2832,5.4,9,51.97,1
alqosh,2024-04-25,3.0,18,10,43.6,8.3,0.0,0.866,-0.5,0.2832,0.0,10,1.5,1
alqosh,2024-04-26,4.2,15,10,35.8,9.1,0.0,0.866,-0.5,0.2832,1.0,10,2.01,1
alqosh,2024-04-27,45.5,100,4,22.5,11.2,0.0,0.866,-0.5,0.2832,2.8,9,4.09,1
alqosh,2024-04-28,11.1,35,7,18.5,10.7,0.0,0.866,-0.5,0.2832,0.0,10,1.95,1
alqosh,2024-04-29,55.4,100,3,33.5,9.4,0.0,0.866,-0.5,0.2832,71.0,2,32.59,0
alqosh,2024-04-30,90.1,100,0,63.9,7.1,0.0,0.866,-0.5,0.2832,92.4,0,96.49,0
alqosh,2024-05-01,92.5,100,0,77.8,17.0,0.6,0.5,-0.866,0.2832,97.5,0,90.62,0
alqosh,2024-05-02,99.8,100,0,93.2,3.9,16.1,0.5,-0.866,0.2832,85.3,0,90.83,0
alqosh,2024-05-03,95.8,100,0,92.9,8.4,9.7,0.5,-0.866,0.2832,63.5,3,95.12,0
alqosh,2024-05-04,71.8,100,0,72.8,14.9,0.1,0.5,-0.866,0.2832,18.1,7,71.52,1
alqosh,2024-05-05,79.2,100,1,42.1,21.7,0.1,0.5,-0.866,0.2832,87.3,0,44.23,0
alqosh,2024-05-06,73.4,100,0,77.6,11.7,8.3,0.5,-0.866,0.2832,43.5,3,71.54,0
alqosh,2024-05-07,82.0,100,0,84.7,6.0,0.0,0.5,-0.866,0.2832,10.8,9,71.94,1
alqosh,2024-05-08,2.3,18,10,72.4,7.6,0.0,0.5,-0.866,0.2832,0.1,10,46.31,1
alqosh,2024-05-09,68.2,100,1,44.6,8.9,0.0,0.5,-0.866,0.2832,70.4,3,40.62,0
alqosh,2024-05-10,89.2,100,1,34.8,10.7,0.0,0.5,-0.866,0.2832,71.7,1,23.59,0
alqosh,2024-05-11,89.2,100,0,27.8,22.2,0.0,0.5,-0.866,0.2832,44.5,2,86.01,0
alqosh,2024-05-12,47.1,78,1,48.0,10.2,0.0,0.5,-0.866,0.2832,13.0,7,44.88,1
alqosh,2024-05-13,64.7,100,0,61.4,9.2,0.0,0.5,-0.866,0.2832,24.2,6,43.57,1
alqosh,2024-05-14,8.1,43,9,55.5,8.4,0.0,0.5,-0.866,0.2832,1.9,10,43.3,1
alqosh,2024-05-15,82.5,100,0,39.3,9.4,0.0,0.5,-0.866,0.2832,34.7,5,35.74,0
alqosh,2024-05-16,44.4,93,3,49.2,7.1,0.0,0.5,-0.866,0.2832,4.6,9,54.19,1
alqosh,2024-05-17,39.5,70,3,35.4,13.0,0.0,0.5,-0.866,0.2832,2.7,10,12.76,1
alqosh,2024-05-18,36.3,90,4,32.8,8.3,0.1,0.5,-0.866,0.2832,15.4,9,8.31,1
alqosh,2024-05-19,87.5,100,0,40.5,7.9,0.0,0.5,-0.866,0.2832,44.7,3,52.51,0
alqosh,2024-05-20,13.4,41,8,53.4,7.1,0.0,0.5,-0.866,0.2832,0.4,10,47.28,1
alqosh,2024-05-21,71.4,100,1,43.5,8.3,0.0,0.5,-0.866,0.2832,33.1,4,44.71,0
alqosh,2024-05-22,1.4,10,10,48.5,6.7,0.0,0.5,-0.866,0.2832,5.8,9,46.71,1
alqosh,2024-05-23,60.2,100,2,38.7,8.3,0.0,0.5,-0.866,0.2832,59.5,1,50.94,0
alqosh,2024-05-24,0.0,0,10,30.3,8.5,0.0,0.5,-0.866,0.2832,1.3,10,41.3,1
alqosh,2024-05-25,25.1,68,6,42.1,8.7,0.0,0.5,-0.866,0.2832,1.2,10,5.47,1
alqosh,2024-05-26,1.6,9,10,40.3,8.1,0.0,0.5,-0.866,0.2832,0.8,10,24.43,1
alqosh,2024-05-27,34.3,100,7,27.7,8.7,0.0,0.5,-0.866,0.2832,19.3,7,3.52,1
alqosh,2024-05-28,89.0,100,0,26.3,8.7,0.1,0.5,-0.866,0.2832,89.9,0,46.34,0
alqosh,2024-05-29,47.5,100,2,31.3,8.7,0.0,0.5,-0.866,0.2832,23.9,7,64.26,1
alqosh,2024-05-30,33.6,72,4,27.0,8.3,0.0,0.5,-0.866,0.2832,2.5,10,31.28,1
alqosh,2024-05-31,0.0,0,10,26.1,11.9,0.0,0.5,-0.866,0.2832,4.0,10,9.87,1
alqosh,2024-06-01,5.3,38,9,31.7,5.4,0.0,0.0,-1.0,0.2832,0.0,10,0.88,1
alqosh,2024-06-02,0.0,0,10,24.8,6.6,0.0,0.0,-1.0,0.2832,0.0,10,0.27,1
alqosh,2024-06-03,4.8,23,10,26.0,9.2,0.0,0.0,-1.0,0.2832,0.0,10,1.0,1
alqosh,2024-06-04,11.2,64,8,28.9,11.4,0.0,0.0,-1.0,0.2832,0.1,10,0.56,1
alqosh,2024-06-05,8.3,39,8,19.3,13.0,0.0,0.0,-1.0,0.2832,0.0,10,1.43,1
alqosh,2024-06-06,0.1,1,10,17.8,10.9,0.0,0.0,-1.0,0.2832,0.0,10,1.56,1
alqosh,2024-06-07,15.9,95,8,17.8,9.7,0.0,0.0,-1.0,0.2832,2.6,10,1.36,1
alqosh,2024-06-08,80.7,100,1,22.5,14.9,0.2,0.0,-1.0,0.2832,31.0,4,12.26,0
alqosh,2024-06-09,50.7,100,3,21.4,12.2,0.0,0.0,-1.0,0.2832,4.6,10,38.32,1
alqosh,2024-06-10,76.0,100,0,29.6,19.7,0.0,0.0,-1.0,0.2832,46.0,3,72.39,0
alqosh,2024-06-11,1.5,13,10,23.9,12.0,0.0,0.0,-1.0,0.2832,0.0,10,14.21,1
alqosh,2024-06-12,0.1,1,10,25.0,9.5,0.0,0.0,-1.0,0.2832,4.4,9,2.83,1
alqosh,2024-06-13,8.3,29,9,26.6,11.0,0.0,0.0,-1.0,0.2832,0.2,10,2.82,1
alqosh,2024-06-14,0.0,0,10,22.0,11.9,0.0,0.0,-1.0,0.2832,0.9,10,1.19,1
alqosh,2024-06-15,1.0,10,10,21.1,9.0,0.0,0.0,-1.0,0.2832,1.7,10,3.38,1
alqosh,2024-06-16,2.6,18,10,15.2,12.6,0.0,0.0,-1.0,0.2832,3.2,9,23.93,1
alqosh,2024-06-17,21.8,92,8,14.7,8.5,0.0,0.0,-1.0,0.2832,0.0,10,6.08,1
alqosh,2024-06-18,0.0,0,10,12.9,12.0,0.0,0.0,-1.0,0.2832,0.0,10,5.02,1
alqosh,2024-06-19,2.1,21,10,12.9,9.0,0.0,0.0,-1.0,0.2832,0.0,10,10.52,1
alqosh,2024-06-20,54.6,100,2,13.6,9.8,0.0,0.0,-1.0,0.2832,7.4,9,4.55,1
alqosh,2024-06-21,1.5,15,10,16.8,11.0,0.0,0.0,-1.0,0.2832,3.9,9,34.32,1
alqosh,2024-06-22,54.9,70,0,19.7,11.2,0.0,0.0,-1.0,0.2832,10.6,9,25.4,1
alqosh,2024-06-23,33.2,69,5,18.9,13.9,0.0,0.0,-1.0,0.2832,11.4,7,21.23,1
alqosh,2024-06-24,0.0,0,10,29.1,8.6,0.0,0.0,-1.0,0.2832,7.5,8,37.6,1
alqosh,2024-06-25,19.3,53,7,21.3,14.8,0.0,0.0,-1.0,0.2832,14.3,8,4.71,1
alqosh,2024-06-26,0.0,0,10,15.9,19.5,0.0,0.0,-1.0,0.2832,0.0,10,13.95,1
alqosh,2024-06-27,0.0,0,10,19.2,8.0,0.0,0.0,-1.0,0.2832,0.0,10,8.94,1
alqosh,2024-06-28,0.0,0,10,15.6,8.7,0.0,0.0,-1.0,0.2832,0.0,10,4.83,1
alqosh,2024-06-29,0.0,0,10,16.1,8.4,0.0,0.0,-1.0,0.2832,0.0,10,8.03,1
alqosh,2024-06-30,5.5,39,9,19.8,7.0,0.0,0.0,-1.0,0.2832,0.0,10,5.0,1
alqosh,2024-07-01,23.2,53,4,28.9,14.8,0.0,-0.5,-0.866,0.2832,0.1,10,40.51,1
alqosh,2024-07-02,33.0,64,3,23.5,15.5,0.0,-0.5,-0.866,0.2832,0.1,10,7.32,1
alqosh,2024-07-03,0.1,1,10,19.6,8.7,0.0,-0.5,-0.866,0.2832,0.0,10,7.36,1
alqosh,2024-07-04,0.0,0,10,16.2,11.3,0.0,-0.5,-0.866,0.2832,0.0,10,2.23,1
alqosh,2024-07-05,0.0,0,10,13.2,21.0,0.0,-0.5,-0.866,0.2832,0.0,10,3.75,1
alqosh,2024-07-06,2.3,17,10,25.5,16.3,0.0,-0.5,-0.866,0.2832,0.0,10,7.05,1
alqosh,2024-07-07,28.5,63,5,27.2,8.2,0.0,-0.5,-0.866,0.2832,0.0,10,7.09,1
alqosh,2024-07-08,36.5,63,3,23.3,8.3,0.0,-0.5,-0.866,0.2832,0.8,10,7.21,1
alqosh,2024-07-09,25.7,69,5,17.7,11.4,0.0,-0.5,-0.866,0.2832,16.2,8,15.91,1
alqosh,2024-07-10,7.0,34,8,18.6,9.2,0.0,-0.5,-0.866,0.2832,3.0,10,30.41,1
alqosh,2024-07-11,3.0,19,10,17.0,10.5,0.0,-0.5,-0.866,0.2832,0.1,10,15.64,1
alqosh,2024-07-12,0.0,0,10,16.8,11.4,0.0,-0.5,-0.866,0.2832,0.0,10,6.61,1
alqosh,2024-07-13,0.0,0,10,19.1,7.5,0.0,-0.5,-0.866,0.2832,0.0,10,10.57,1
alqosh,2024-07-14,33.1,58,4,26.7,7.2,0.0,-0.5,-0.866,0.2832,0.0,10,8.12,1
alqosh,2024-07-15,26.0,47,5,31.2,15.0,0.0,-0.5,-0.866,0.2832,0.1,10,13.72,1
alqosh,2024-07-16,8.6,24,10,26.9,12.9,0.0,-0.5,-0.866,0.2832,0.0,10,7.54,1
alqosh,2024-07-17,0.0,0,10,23.5,14.3,0.0,-0.5,-0.866,0.2832,0.0,10,3.6,1
alqosh,2024-07-18,2.0,11,10,19.5,10.4,0.0,-0.5,-0.866,0.2832,1.0,10,7.22,1
alqosh,2024-07-19,39.4,78,3,22.8,9.3,0.0,-0.5,-0.866,0.2832,1.9,10,7.44,1
alqosh,2024-07-20,17.7,42,7,20.1,12.4,0.0,-0.5,-0.866,0.2832,0.0,10,14.06,1
alqosh,2024-07-21,1.5,10,10,26.3,14.6,0.0,-0.5,-0.866,0.2832,0.6,10,2.6,1
alqosh,2024-07-22,7.2,33,8,21.9,9.5,0.0,-0.5,-0.866,0.2832,0.0,10,6.42,1
alqosh,2024-07-23,6.1,20,10,19.7,11.6,0.0,-0.5,-0.866,0.2832,0.0,10,4.37,1
alqosh,2024-07-24,5.5,19,10,18.4,7.9,0.0,-0.5,-0.866,0.2832,0.0,10,4.4,1
alqosh,2024-07-25,0.0,0,10,22.6,12.6,0.0,-0.5,-0.866,0.2832,0.0,10,5.18,1
alqosh,2024-07-26,2.3,19,10,32.2,13.1,0.0,-0.5,-0.866,0.2832,0.0,10,2.89,1
alqosh,2024-07-27,1.9,8,10,32.7,8.2,0.0,-0.5,-0.866,0.2832,0.0,10,4.39,1
alqosh,2024-07-28,0.9,5,10,25.0,8.7,0.0,-0.5,-0.866,0.2832,0.1,10,7.03,1
alqosh,2024-07-29,13.7,40,7,23.7,27.3,0.0,-0.5,-0.866,0.2832,0.0,10,10.14,1
alqosh,2024-07-30,0.0,0,10,19.7,9.0,0.0,-0.5,-0.866,0.2832,0.0,10,6.24,1
alqosh,2024-07-31,3.2,11,10,22.7,9.2,0.0,-0.5,-0.866,0.2832,0.0,10,2.87,1
alqosh,2024-08-01,0.0,0,10,22.8,8.9,0.0,-0.866,-0.5,0.2832,0.0,10,4.2,1
alqosh,2024-08-02,32.7,53,3,21.8,8.1,0.0,-0.866,-0.5,0.2832,0.0,10,4.18,1
alqosh,2024-08-03,34.9,63,4,18.0,11.8,0.0,-0.866,-0.5,0.2832,0.0,10,3.38,1
alqosh,2024-08-04,2.8,9,10,17.9,8.6,0.0,-0.866,-0.5,0.2832,0.0,10,8.13,1
alqosh,2024-08-05,0.0,0,10,18.2,7.6,0.0,-0.866,-0.5,0.2832,0.0,10,3.29,1
alqosh,2024-08-06,0.0,0,10,16.8,8.4,0.0,-0.866,-0.5,0.2832,0.0,10,2.82,1
alqosh,2024-08-07,0.2,2,10,18.1,7.8,0.0,-0.866,-0.5,0.2832,0.0,10,2.38,1
alqosh,2024-08-08,0.0,0,10,20.1,10.3,0.0,-0.866,-0.5,0.2832,0.0,10,9.78,1
alqosh,2024-08-09,0.0,0,10,22.2,7.8,0.0,-0.866,-0.5,0.2832,0.0,10,15.94,1
alqosh,2024-08-10,0.0,0,10,21.3,7.6,0.0,-0.866,-0.5,0.2832,0.0,10,7.98,1
alqosh,2024-08-11,0.3,3,10,18.2,8.4,0.0,-0.866,-0.5,0.2832,0.0,10,4.96,1
alqosh,2024-08-12,7.1,33,9,19.9,12.7,0.0,-0.866,-0.5,0.2832,0.0,10,5.49,1
alqosh,2024-08-13,2.7,15,10,24.1,8.6,0.0,-0.866,-0.5,0.2832,0.0,10,4.45,1
alqosh,2024-08-14,9.3,35,8,20.6,10.8,0.0,-0.866,-0.5,0.2832,0.0,10,10.15,1
alqosh,2024-08-15,0.0,0,10,20.6,7.9,0.0,-0.866,-0.5,0.2832,0.0,10,2.79,1
alqosh,2024-08-16,22.7,43,4,28.6,10.8,0.0,-0.866,-0.5,0.2832,0.9,10,7.41,1
alqosh,2024-08-17,14.5,62,7,27.0,9.4,0.0,-0.866,-0.5,0.2832,0.7,10,9.81,1
alqosh,2024-08-18,18.7,37,6,27.2,7.4,0.0,-0.866,-0.5,0.2832,1.6,10,13.95,1
alqosh,2024-08-19,13.5,30,7,25.5,8.5,0.0,-0.866,-0.5,0.2832,0.0,10,5.09,1
alqosh,2024-08-20,15.0,37,6,19.5,12.7,0.0,-0.866,-0.5,0.2832,0.0,10,4.59,1
alqosh,2024-08-21,6.7,31,8,23.7,7.8,0.0,-0.866,-0.5,0.2832,0.0,10,3.69,1
alqosh,2024-08-22,0.0,0,10,24.2,8.7,0.0,-0.866,-0.5,0.2832,0.0,10,6.36,1
alqosh,2024-08-23,0.0,0,10,18.7,8.7,0.0,-0.866,-0.5,0.2832,0.0,10,3.92,1
alqosh,2024-08-24,2.9,14,10,19.9,9.4,0.0,-0.866,-0.5,0.2832,0.0,10,13.5,1
alqosh,2024-08-25,0.4,4,10,33.3,10.5,0.0,-0.866,-0.5,0.2832,0.0,10,18.46,1
alqosh,2024-08-26,0.0,0,10,28.2,8.2,0.0,-0.866,-0.5,0.2832,0.0,10,2.87,1
alqosh,2024-08-27,1.4,11,10,27.8,6.2,0.0,-0.866,-0.5,0.2832,0.1,10,22.93,1
alqosh,2024-08-28,5.5,28,8,28.6,8.5,0.0,-0.866,-0.5,0.2832,0.0,10,4.55,1
alqosh,2024-08-29,9.9,27,8,26.0,6.0,0.0,-0.866,-0.5,0.2832,0.0,10,8.66,1
alqosh,2024-08-30,0.0,0,10,30.9,9.7,0.0,-0.866,-0.5,0.2832,0.1,10,6.58,1
alqosh,2024-08-31,2.7,22,10,24.7,7.2,0.0,-0.866,-0.5,0.2832,1.0,10,10.1,1
alqosh,2024-09-01,0.0,0,10,35.8,6.5,0.0,-1.0,-0.0,0.2832,0.0,10,5.08,1
alqosh,2024-09-02,0.0,0,10,31.1,11.6,0.0,-1.0,-0.0,0.2832,0.0,10,6.14,1
alqosh,2024-09-03,0.0,0,10,31.1,9.1,0.0,-1.0,-0.0,0.2832,0.0,10,5.42,1
alqosh,2024-09-04,0.5,5,10,36.4,6.6,0.0,-1.0,-0.0,0.2832,0.0,10,10.87,1
alqosh,2024-09-05,0.4,4,10,41.0,6.4,0.0,-1.0,-0.0,0.2832,0.0,10,5.23,1
alqosh,2024-09-06,0.0,0,10,30.0,6.6,0.0,-1.0,-0.0,0.2832,0.0,10,3.21,1
alqosh,2024-09-07,0.0,0,10,25.4,8.5,0.0,-1.0,-0.0,0.2832,0.2,10,4.93,1
alqosh,2024-09-08,35.7,80,2,25.4,8.7,0.0,-1.0,-0.0,0.2832,16.9,7,6.74,1
alqosh,2024-09-09,22.0,45,4,22.0,9.6,0.0,-1.0,-0.0,0.2832,18.5,8,25.81,1
alqosh,2024-09-10,0.7,5,10,23.1,8.3,0.0,-1.0,-0.0,0.2832,1.9,10,18.85,1
alqosh,2024-09-11,4.4,44,9,27.4,11.0,0.0,-1.0,-0.0,0.2832,0.0,10,7.96,1
alqosh,2024-09-12,41.2,65,2,28.8,5.8,0.0,-1.0,-0.0,0.2832,0.0,10,4.62,1
alqosh,2024-09-13,0.0,0,10,28.7,7.0,0.0,-1.0,-0.0,0.2832,0.0,10,4.82,1
alqosh,2024-09-14,0.1,1,10,24.3,8.7,0.0,-1.0,-0.0,0.2832,1.4,10,7.58,1
alqosh,2024-09-15,15.8,100,8,28.9,7.6,0.0,-1.0,-0.0,0.2832,0.0,10,10.02,1
alqosh,2024-09-16,2.4,12,10,40.9,6.2,0.0,-1.0,-0.0,0.2832,0.1,10,8.14,1
alqosh,2024-09-17,8.8,34,8,44.5,10.2,0.0,-1.0,-0.0,0.2832,0.3,10,7.7,1
alqosh,2024-09-18,93.9,100,0,35.4,6.3,0.0,-1.0,-0.0,0.2832,67.5,3,24.25,0
alqosh,2024-09-19,87.2,100,0,35.6,7.9,0.0,-1.0,-0.0,0.2832,52.2,3,64.65,0
alqosh,2024-09-20,81.6,100,1,51.3,8.7,0.1,-1.0,-0.0,0.2832,81.2,1,61.78,0
alqosh,2024-09-21,71.3,92,0,44.0,15.8,0.1,-1.0,-0.0,0.2832,42.9,1,63.99,0
alqosh,2024-09-22,84.0,100,0,35.1,6.4,0.0,-1.0,-0.0,0.2832,83.3,0,61.34,0
alqosh,2024-09-23,27.5,100,7,42.7,7.3,0.0,-1.0,-0.0,0.2832,0.0,10,43.01,1
alqosh,2024-09-24,15.5,100,8,38.5,6.5,0.0,-1.0,-0.0,0.2832,7.9,9,9.36,1
alqosh,2024-09-25,0.0,0,10,31.3,7.0,0.0,-1.0,-0.0,0.2832,0.0,10,3.38,1
alqosh,2024-09-26,0.0,0,10,28.7,8.2,0.0,-1.0,-0.0,0.2832,0.0,10,6.13,1
alqosh,2024-09-27,12.2,48,7,30.2,8.7,0.0,-1.0,-0.0,0.2832,0.0,10,3.56,1
alqosh,2024-09-28,3.3,17,10,27.2,9.8,0.0,-1.0,-0.0,0.2832,0.0,10,1.55,1
alqosh,2024-09-29,0.0,0,10,20.1,9.8,0.0,-1.0,-0.0,0.2832,0.0,10,2.67,1
alqosh,2024-09-30,10.4,59,8,24.2,9.9,0.0,-1.0,-0.0,0.2832,0.2,10,2.56,1
alqosh,2024-10-01,13.5,48,7,34.2,8.9,0.0,-0.866,0.5,0.2832,2.0,10,23.44,1
alqosh,2024-10-02,5.3,26,9,43.1,6.5,0.0,-0.866,0.5,0.2832,0.1,10,28.74,1
alqosh,2024-10-03,0.0,0,10,33.7,7.3,0.0,-0.866,0.5,0.2832,0.0,10,1.7,1
alqosh,2024-10-04,0.0,0,10,29.7,7.1,0.0,-0.866,0.5,0.2832,0.0,10,4.03,1
alqosh,2024-10-05,0.0,0,10,27.0,7.7,0.0,-0.866,0.5,0.2832,0.0,10,3.57,1
alqosh,2024-10-06,32.6,87,5,25.3,8.2,0.0,-0.866,0.5,0.2832,14.9,8,7.87,1
alqosh,2024-10-07,0.0,0,10,19.0,9.2,0.0,-0.866,0.5,0.2832,0.0,10,6.63,1
alqosh,2024-10-08,59.3,74,0,20.0,8.3,0.0,-0.866,0.5,0.2832,7.6,9,13.44,1
alqosh,2024-10-09,0.0,0,10,22.1,8.0,0.0,-0.866,0.5,0.2832,0.0,10,6.51,1
alqosh,2024-10-10,66.0,100,3,26.7,7.7,0.0,-0.866,0.5,0.2832,62.2,3,3.61,0
alqosh,2024-10-11,81.2,100,0,19.3,11.1,0.0,-0.866,0.5,0.2832,74.6,1,51.04,0
alqosh,2024-10-12,31.9,91,4,24.7,8.0,0.0,-0.866,0.5,0.2832,28.4,7,79.29,1
alqosh,2024-10-13,12.8,50,8,31.8,8.3,0.0,-0.866,0.5,0.2832,18.0,7,11.4,1
alqosh,2024-10-14,46.3,100,4,29.3,8.0,0.0,-0.866,0.5,0.2832,42.4,5,23.36,0
alqosh,2024-10-15,42.7,98,4,41.4,7.4,0.0,-0.866,0.5,0.2832,7.1,10,3.19,1
alqosh,2024-10-16,88.3,100,0,36.1,13.0,0.0,-0.866,0.5,0.2832,59.3,1,38.73,0
alqosh,2024-10-17,78.0,100,0,38.1,5.4,0.0,-0.866,0.5,0.2832,68.5,0,79.92,0
alqosh,2024-10-18,80.4,100,1,30.8,6.5,0.0,-0.866,0.5,0.2832,67.3,2,73.83,0
alqosh,2024-10-19,0.0,0,10,31.2,6.3,0.0,-0.866,0.5,0.2832,0.0,10,23.19,1
alqosh,2024-10-20,76.7,100,0,29.1,7.1,0.0,-0.866,0.5,0.2832,19.6,6,2.81,1
alqosh,2024-10-21,30.4,100,6,31.5,10.1,0.0,-0.866,0.5,0.2832,0.0,10,12.57,1
alqosh,2024-10-22,71.8,100,1,39.7,8.3,0.0,-0.866,0.5,0.2832,80.1,1,65.02,0
alqosh,2024-10-23,7.0,39,8,35.3,8.2,0.0,-0.866,0.5,0.2832,7.8,9,36.99,1
alqosh,2024-10-24,0.0,0,10,31.0,8.9,0.0,-0.866,0.5,0.2832,0.0,10,5.31,1
alqosh,2024-10-25,12.8,43,7,31.3,8.6,0.0,-0.866,0.5,0.2832,44.1,5,1.22,0
alqosh,2024-10-26,31.0,67,4,28.2,8.4,0.0,-0.866,0.5,0.2832,8.0,9,2.12,1
alqosh,2024-10-27,0.0,0,10,28.1,8.2,0.0,-0.866,0.5,0.2832,0.0,10,1.68,1
alqosh,2024-10-28,13.3,92,8,27.4,8.5,0.0,-0.866,0.5,0.2832,21.1,8,2.2,1
alqosh,2024-10-29,91.5,100,0,25.6,8.5,0.0,-0.866,0.5,0.2832,91.4,0,8.85,0
alqosh,2024-10-30,94.1,100,0,25.4,8.7,0.0,-0.866,0.5,0.2832,60.4,2,20.23,0
alqosh,2024-10-31,16.7,65,7,30.9,8.3,0.0,-0.866,0.5,0.2832,28.7,6,25.02,1
alqosh,2024-11-01,60.4,100,1,41.5,7.8,0.0,-0.5,0.866,0.2832,28.7,6,48.39,1
alqosh,2024-11-02,86.6,100,0,80.8,8.0,2.9,-0.5,0.866,0.2832,77.9,2,65.81,0
alqosh,2024-11-03,92.7,100,0,91.1,6.5,6.5,-0.5,0.866,0.2832,69.8,1,71.31,0
alqosh,2024-11-04,48.4,93,2,91.3,5.1,0.9,-0.5,0.866,0.2832,34.4,4,64.13,0
alqosh,2024-11-05,34.6,66,4,79.8,6.9,0.0,-0.5,0.866,0.2832,0.9,10,42.73,1
alqosh,2024-11-06,0.0,0,10,55.5,6.8,0.0,-0.5,0.866,0.2832,0.0,10,4.96,1
alqosh,2024-11-07,0.0,0,10,54.5,7.1,0.0,-0.5,0.866,0.2832,0.0,10,1.69,1
alqosh,2024-11-08,0.0,0,10,47.7,7.4,0.0,-0.5,0.866,0.2832,0.0,10,0.94,1
alqosh,2024-11-09,8.8,52,8,42.6,7.7,0.0,-0.5,0.866,0.2832,10.7,9,13.53,1
alqosh,2024-11-10,88.7,100,0,51.1,10.8,1.8,-0.5,0.866,0.2832,63.9,3,32.76,0
alqosh,2024-11-11,51.4,100,3,85.5,5.7,0.0,-0.5,0.866,0.2832,29.5,5,87.93,0
alqosh,2024-11-12,28.9,90,6,85.8,5.5,0.0,-0.5,0.866,0.2832,41.4,6,36.01,1
alqosh,2024-11-13,14.3,59,7,64.3,6.8,0.0,-0.5,0.866,0.2832,22.4,7,2.67,1
alqosh,2024-11-14,54.2,100,3,68.8,7.2,0.0,-0.5,0.866,0.2832,24.6,7,17.12,1
alqosh,2024-11-15,13.6,84,8,65.4,7.9,0.0,-0.5,0.866,0.2832,0.1,10,17.27,1
alqosh,2024-11-16,23.0,55,6,59.1,7.5,0.0,-0.5,0.866,0.2832,41.0,4,36.19,0
alqosh,2024-11-17,71.1,91,0,57.4,8.0,0.0,-0.5,0.866,0.2832,10.8,9,61.66,1
alqosh,2024-11-18,79.6,97,0,54.6,10.6,0.0,-0.5,0.866,0.2832,28.1,6,61.11,1
alqosh,2024-11-19,86.3,100,0,65.6,7.0,0.1,-0.5,0.866,0.2832,28.2,6,60.39,1
alqosh,2024-11-20,0.0,0,10,66.6,7.3,0.0,-0.5,0.866,0.2832,7.0,10,41.16,1
alqosh,2024-11-21,3.3,13,10,61.1,7.8,0.0,-0.5,0.866,0.2832,2.4,10,27.02,1
alqosh,2024-11-22,10.6,41,8,58.7,6.3,0.0,-0.5,0.866,0.2832,1.7,10,16.23,1
alqosh,2024-11-23,1.5,14,10,62.8,6.6,0.0,-0.5,0.866,0.2832,3.0,10,5.15,1
alqosh,2024-11-24,98.3,100,0,63.5,27.0,4.2,-0.5,0.866,0.2832,85.0,0,49.32,0
alqosh,2024-11-25,13.9,100,8,77.9,5.9,0.0,-0.5,0.866,0.2832,0.0,10,65.27,1
alqosh,2024-11-26,83.6,100,0,81.5,11.8,3.3,-0.5,0.866,0.2832,94.8,0,65.04,0
alqosh,2024-11-27,0.0,0,10,78.7,6.4,0.0,-0.5,0.866,0.2832,4.1,10,73.87,1
alqosh,2024-11-28,9.8,37,8,81.8,7.0,0.0,-0.5,0.866,0.2832,0.0,10,25.8,1
alqosh,2024-11-29,25.9,95,6,79.7,6.4,0.0,-0.5,0.866,0.2832,0.5,10,6.01,1
alqosh,2024-11-30,0.0,0,10,62.0,7.7,0.0,-0.5,0.866,0.2832,0.0,10,1.35,1
alqosh,2024-12-01,0.0,0,10,51.1,8.2,0.0,-0.0,1.0,0.2832,0.0,10,8.58,1
alqosh,2024-12-02,0.0,0,10,54.6,8.1,0.0,-0.0,1.0,0.2832,0.0,10,1.42,1
alqosh,2024-12-03,0.2,1,10,63.1,7.5,0.0,-0.0,1.0,0.2832,0.0,10,2.35,1
alqosh,2024-12-04,50.4,87,2,56.7,7.2,0.0,-0.0,1.0,0.2832,6.6,9,1.32,1
alqosh,2024-12-05,56.4,99,1,52.8,6.6,0.0,-0.0,1.0,0.2832,14.9,8,54.84,1
alqosh,2024-12-06,68.7,100,2,59.7,7.8,0.0,-0.0,1.0,0.2832,67.1,3,14.53,0
alqosh,2024-12-07,100.0,100,0,51.4,7.7,0.0,-0.0,1.0,0.2832,100.0,0,72.46,0
alqosh,2024-12-08,74.2,91,0,50.0,4.8,0.0,-0.0,1.0,0.2832,65.3,2,98.04,0
alqosh,2024-12-09,0.0,0,10,63.4,7.9,0.0,-0.0,1.0,0.2832,3.3,10,16.31,1
alqosh,2024-12-10,4.0,18,10,50.8,7.6,0.0,-0.0,1.0,0.2832,9.4,9,3.23,1
alqosh,2024-12-11,95.2,100,0,44.0,8.2,0.0,-0.0,1.0,0.2832,98.1,0,61.74,0
alqosh,2024-12-12,93.7,100,0,58.8,8.8,0.7,-0.0,1.0,0.2832,71.0,3,93.59,0
alqosh,2024-12-13,3.2,15,10,71.0,6.1,0.0,-0.0,1.0,0.2832,0.0,10,43.31,1
alqosh,2024-12-14,0.0,0,10,20.7,11.8,0.0,-0.0,1.0,0.2832,0.0,10,3.34,1
alqosh,2024-12-15,65.3,100,3,31.5,6.9,0.0,-0.0,1.0,0.2832,60.8,4,41.65,0
alqosh,2024-12-16,99.3,100,0,36.0,5.7,0.0,-0.0,1.0,0.2832,100.0,0,81.4,0
alqosh,2024-12-17,0.0,0,10,72.1,6.8,0.0,-0.0,1.0,0.2832,0.0,10,39.82,1
alqosh,2024-12-18,0.0,0,10,64.2,6.9,0.0,-0.0,1.0,0.2832,0.0,10,1.22,1
alqosh,2024-12-19,75.2,100,2,62.0,7.0,0.0,-0.0,1.0,0.2832,62.8,2,6.71,0
alqosh,2024-12-20,99.3,100,0,73.8,14.8,5.1,-0.0,1.0,0.2832,100.0,0,88.73,0
alqosh,2024-12-21,51.5,100,5,72.2,6.8,0.0,-0.0,1.0,0.2832,0.3,10,35.85,1
alqosh,2024-12-22,86.1,99,0,74.2,6.9,0.0,-0.0,1.0,0.2832,87.5,0,43.42,0
alqosh,2024-12-23,98.2,100,0,69.6,6.4,0.1,-0.0,1.0,0.2832,98.3,0,79.07,0
alqosh,2024-12-24,0.0,0,10,80.5,7.0,0.0,-0.0,1.0,0.2832,0.2,10,61.16,1
alqosh,2024-12-25,14.5,84,8,66.1,7.8,0.0,-0.0,1.0,0.2832,6.8,9,0.91,1
alqosh,2024-12-26,99.3,100,0,46.6,15.6,2.0,-0.0,1.0,0.2832,99.0,0,26.9,0
alqosh,2024-12-27,93.1,100,0,83.4,35.2,4.4,-0.0,1.0,0.2832,88.0,0,96.94,0
alqosh,2024-12-28,69.3,90,2,73.1,5.9,0.0,-0.0,1.0,0.2832,52.2,3,61.87,0
alqosh,2024-12-29,13.5,62,8,73.4,7.2,0.0,-0.0,1.0,0.2832,36.4,4,44.22,0
alqosh,2024-12-30,99.9,100,0,72.9,6.5,0.0,-0.0,1.0,0.2832,83.3,1,94.25,0
alqosh,2024-12-31,1.5,14,10,57.8,7.1,0.0,-0.0,1.0,0.2832,0.0,10,76.48,1
alqosh,2025-01-01,0.0,0,10,42.1,7.6,0.0,0.5,0.866,0.2832,0.0,10,1.98,1
alqosh,2025-01-02,0.0,0,10,39.3,8.0,0.0,0.5,0.866,0.2832,0.0,10,1.99,1
alqosh,2025-01-03,0.0,0,10,46.7,7.7,0.0,0.5,0.866,0.2832,0.0,10,1.67,1
alqosh,2025-01-04,72.1,97,0,46.2,7.7,0.0,0.5,0.866,0.2832,45.8,4,30.32,0
alqosh,2025-01-05,99.9,100,0,55.5,9.4,0.3,0.5,0.866,0.2832,100.0,0,74.75,0
alqosh,2025-01-06,0.0,0,10,62.0,8.0,0.0,0.5,0.866,0.2832,0.0,10,63.22,1
alqosh,2025-01-07,0.0,0,10,50.0,8.5,0.0,0.5,0.866,0.2832,0.0,10,1.33,1
alqosh,2025-01-08,0.0,0,10,48.8,7.9,0.0,0.5,0.866,0.2832,0.0,10,1.29,1
alqosh,2025-01-09,0.0,0,10,45.8,8.6,0.0,0.5,0.866,0.2832,0.0,10,0.55,1
alqosh,2025-01-10,0.0,0,10,39.3,11.4,0.0,0.5,0.866,0.2832,0.0,10,1.63,1
alqosh,2025-01-11,97.6,100,0,85.9,6.1,5.3,0.5,0.866,0.2832,100.0,0,72.76,0
alqosh,2025-01-12,0.0,0,10,81.1,7.4,0.0,0.5,0.866,0.2832,0.9,10,63.7,1
alqosh,2025-01-13,2.6,17,10,80.0,7.5,0.0,0.5,0.866,0.2832,8.5,9,4.16,1
alqosh,2025-01-14,100.0,100,0,74.7,6.8,0.0,0.5,0.866,0.2832,92.9,0,34.79,0
alqosh,2025-01-15,25.5,100,7,62.6,8.4,0.0,0.5,0.866,0.2832,13.1,8,15.09,1
alqosh,2025-01-16,5.5,23,10,72.4,7.1,0.0,0.5,0.866,0.2832,0.0,10,12.52,1
alqosh,2025-01-17,0.0,0,10,65.2,7.4,0.0,0.5,0.866,0.2832,0.0,10,3.28,1
alqosh,2025-01-18,34.6,97,6,68.6,7.2,0.0,0.5,0.866,0.2832,36.9,4,27.03,0
alqosh,2025-01-19,88.9,100,1,58.5,10.1,0.0,0.5,0.866,0.2832,99.4,0,45.72,0
alqosh,2025-01-20,5.3,50,9,74.3,6.9,0.0,0.5,0.866,0.2832,0.0,10,68.44,1
alqosh,2025-01-21,0.0,0,10,62.6,7.3,0.0,0.5,0.866,0.2832,0.0,10,2.54,1
alqosh,2025-01-22,100.0,100,0,36.6,7.6,0.0,0.5,0.866,0.2832,99.9,0,39.93,0
alqosh,2025-01-23,93.2,100,0,56.1,5.6,0.0,0.5,0.866,0.2832,54.7,4,90.6,0
alqosh,2025-01-24,20.6,69,7,54.8,6.8,0.0,0.5,0.866,0.2832,0.0,10,60.61,1
alqosh,2025-01-25,8.2,57,9,58.9,7.1,0.0,0.5,0.866,0.2832,0.3,10,34.01,1
alqosh,2025-01-26,0.6,4,10,48.4,7.4,0.0,0.5,0.866,0.2832,14.9,8,32.03,1
alqosh,2025-01-27,0.0,0,10,41.0,8.1,0.0,0.5,0.866,0.2832,0.0,10,3.29,1
alqosh,2025-01-28,0.0,0,10,42.8,8.0,0.0,0.5,0.866,0.2832,0.0,10,1.68,1
alqosh,2025-01-29,0.0,0,10,36.8,7.7,0.0,0.5,0.866,0.2832,0.0,10,2.28,1
alqosh,2025-01-30,0.0,0,10,40.3,7.3,0.0,0.5,0.866,0.2832,0.3,10,0.54,1
alqosh,2025-01-31,26.3,100,7,35.8,7.6,0.0,0.5,0.866,0.2832,10.8,9,34.4,1
alqosh,2025-02-01,0.0,0,10,28.6,7.4,0.0,0.866,0.5,0.2832,0.0,10,6.71,1
alqosh,2025-02-02,0.6,6,10,33.7,7.9,0.0,0.866,0.5,0.2832,16.8,8,1.25,1
alqosh,2025-02-03,7.1,48,9,33.3,8.2,0.0,0.866,0.5,0.2832,3.7,9,1.48,1
alqosh,2025-02-04,47.9,72,1,36.4,11.5,0.0,0.866,0.5,0.2832,46.5,4,22.79,0
alqosh,2025-02-05,98.2,100,0,52.4,33.0,1.4,0.866,0.5,0.2832,56.3,2,88.54,0
alqosh,2025-02-06,98.1,100,0,76.6,18.4,2.7,0.866,0.5,0.2832,96.5,0,99.08,0
alqosh,2025-02-07,96.5,100,0,77.4,10.8,0.4,0.866,0.5,0.2832,30.5,7,94.48,1
alqosh,2025-02-08,24.5,73,7,74.6,7.5,0.0,0.866,0.5,0.2832,9.7,9,89.64,1
alqosh,2025-02-09,9.3,35,9,56.1,8.4,0.0,0.866,0.5,0.2832,0.9,10,5.25,1
alqosh,2025-02-10,2.4,18,10,52.0,8.4,0.0,0.866,0.5,0.2832,7.8,9,10.86,1
alqosh,2025-02-11,35.8,84,5,48.2,8.1,0.0,0.866,0.5,0.2832,16.4,6,39.82,1
alqosh,2025-02-12,88.1,100,0,50.8,9.4,0.0,0.866,0.5,0.2832,31.1,6,12.94,1
alqosh,2025-02-13,90.6,100,0,74.5,15.9,7.3,0.866,0.5,0.2832,75.2,1,58.09,0
alqosh,2025-02-14,0.0,0,10,76.7,6.9,0.0,0.866,0.5,0.2832,7.3,9,66.56,1
alqosh,2025-02-15,63.3,100,3,66.1,7.1,0.0,0.866,0.5,0.2832,29.0,7,8.96,1
alqosh,2025-02-16,98.7,100,0,57.0,6.5,0.0,0.866,0.5,0.2832,94.4,0,59.69,0
alqosh,2025-02-17,36.1,100,5,60.4,8.7,0.0,0.866,0.5,0.2832,15.9,8,24.98,1
alqosh,2025-02-18,76.6,100,0,54.8,9.0,0.0,0.866,0.5,0.2832,63.2,1,29.2,0
alqosh,2025-02-19,100.0,100,0,61.2,14.8,12.2,0.866,0.5,0.2832,100.0,0,90.12,0
alqosh,2025-02-20,96.7,100,0,86.5,17.6,8.5,0.866,0.5,0.2832,95.0,0,99.86,0
alqosh,2025-02-21,37.8,82,4,58.4,4.3,0.0,0.866,0.5,0.2832,28.6,5,89.08,0
alqosh,2025-02-22,76.9,100,2,55.1,6.9,0.0,0.866,0.5,0.2832,70.7,2,52.39,0
alqosh,2025-02-23,17.0,74,7,54.6,7.6,0.0,0.866,0.5,0.2832,10.0,9,68.7,1
alqosh,2025-02-24,0.0,0,10,48.0,5.4,0.0,0.866,0.5,0.2832,0.0,10,25.88,1
alqosh,2025-02-25,62.7,100,2,46.7,6.4,0.0,0.866,0.5,0.2832,79.3,0,25.22,0
alqosh,2025-02-26,0.0,0,10,48.2,7.1,0.0,0.866,0.5,0.2832,0.0,10,26.12,1
alqosh,2025-02-27,0.0,0,10,53.6,6.6,0.0,0.866,0.5,0.2832,0.8,10,11.56,1
alqosh,2025-02-28,89.9,100,0,48.9,6.1,0.0,0.866,0.5,0.2832,70.7,0,30.53,0
alqosh,2025-03-01,1.2,12,10,59.9,7.7,0.0,1.0,0.0,0.2832,0.2,10,60.74,1
alqosh,2025-03-02,0.2,2,10,42.7,7.9,0.0,1.0,0.0,0.2832,21.8,7,4.01,1
alqosh,2025-03-03,97.9,100,0,38.4,8.9,0.0,1.0,0.0,0.2832,94.3,0,80.64,0
alqosh,2025-03-04,97.2,100,0,37.1,11.4,0.0,1.0,0.0,0.2832,99.4,0,93.49,0
alqosh,2025-03-05,15.8,100,8,41.1,9.5,0.0,1.0,0.0,0.2832,74.4,2,94.74,0
alqosh,2025-03-06,0.0,0,10,41.2,9.2,0.0,1.0,0.0,0.2832,0.0,10,26.78,1
alqosh,2025-03-07,98.8,100,0,42.9,12.8,0.1,1.0,0.0,0.2832,91.7,0,61.81,0
alqosh,2025-03-08,81.0,100,1,75.1,6.6,0.0,1.0,0.0,0.2832,86.1,1,90.31,0
alqosh,2025-03-09,95.1,100,0,57.8,7.6,0.0,1.0,0.0,0.2832,87.5,0,85.86,0
alqosh,2025-03-10,60.3,100,0,80.2,7.7,0.0,1.0,0.0,0.2832,46.1,3,96.9,0
alqosh,2025-03-11,6.4,35,8,78.8,7.4,0.0,1.0,0.0,0.2832,0.4,10,64.88,1
alqosh,2025-03-12,0.0,0,10,49.5,8.9,0.0,1.0,0.0,0.2832,0.0,10,4.61,1
alqosh,2025-03-13,18.1,100,8,37.3,9.0,0.0,1.0,0.0,0.2832,27.6,7,5.25,1
alqosh,2025-03-14,99.9,100,0,33.2,9.2,0.0,1.0,0.0,0.2832,100.0,0,28.13,0
alqosh,2025-03-15,17.7,93,8,33.2,9.7,0.0,1.0,0.0,0.2832,0.0,10,39.65,1
alqosh,2025-03-16,12.3,34,8,31.7,9.4,0.0,1.0,0.0,0.2832,11.8,7,2.82,1
alqosh,2025-03-17,90.7,100,0,30.8,9.7,0.0,1.0,0.0,0.2832,88.3,1,28.59,0
alqosh,2025-03-18,93.9,100,0,50.0,14.6,0.6,1.0,0.0,0.2832,96.5,0,78.13,0
alqosh,2025-03-19,49.8,98,3,52.7,9.4,0.0,1.0,0.0,0.2832,3.3,10,64.7,1
alqosh,2025-03-20,54.5,83,2,46.2,18.1,0.0,1.0,0.0,0.2832,60.7,0,30.76,0
alqosh,2025-03-21,62.9,93,0,44.7,12.1,0.0,1.0,0.0,0.2832,35.9,4,66.53,0
alqosh,2025-03-22,3.0,30,9,53.8,7.8,0.0,1.0,0.0,0.2832,2.8,9,49.76,1
alqosh,2025-03-23,0.0,0,10,48.1,6.8,0.0,1.0,0.0,0.2832,0.0,10,10.11,1
alqosh,2025-03-24,0.0,0,10,41.9,8.2,0.0,1.0,0.0,0.2832,0.0,10,8.05,1
alqosh,2025-03-25,26.8,77,4,30.1,9.4,0.0,1.0,0.0,0.2832,55.1,4,7.63,0
alqosh,2025-03-26,47.3,97,4,28.4,10.2,0.0,1.0,0.0,0.2832,29.4,6,82.84,1
alqosh,2025-03-27,89.6,100,0,36.5,9.4,0.0,1.0,0.0,0.2832,53.7,3,45.25,0
alqosh,2025-03-28,46.2,100,4,37.3,10.4,0.0,1.0,0.0,0.2832,13.5,8,35.76,1
alqosh,2025-03-29,76.0,100,0,34.0,13.7,0.0,1.0,0.0,0.2832,49.8,3,48.91,0
alqosh,2025-03-30,100.0,100,0,58.2,27.0,8.9,1.0,0.0,0.2832,98.3,0,90.72,0
alqosh,2025-03-31,1.5,8,10,73.3,6.6,0.0,1.0,0.0,0.2832,14.3,8,65.02,1
alqosh,2025-04-01,99.6,100,0,41.4,12.6,0.2,0.866,-0.5,0.2832,99.2,0,45.37,0
alqosh,2025-04-02,54.1,100,3,68.7,16.2,0.2,0.866,-0.5,0.2832,50.7,4,64.53,0
alqosh,2025-04-03,9.0,53,9,45.5,7.2,0.0,0.866,-0.5,0.2832,0.7,10,58.51,1
alqosh,2025-04-04,12.6,72,8,31.1,18.0,0.0,0.866,-0.5,0.2832,16.2,8,4.56,1
alqosh,2025-04-05,56.8,87,0,87.2,7.8,0.9,0.866,-0.5,0.2832,19.7,6,72.8,1
alqosh,2025-04-06,43.2,100,4,39.3,13.9,0.0,0.866,-0.5,0.2832,48.6,5,8.09,0
alqosh,2025-04-07,70.1,100,2,29.9,14.3,0.0,0.866,-0.5,0.2832,91.5,0,34.56,0
alqosh,2025-04-08,97.8,100,0,50.5,20.9,0.0,0.866,-0.5,0.2832,99.7,0,94.56,0
alqosh,2025-04-09,95.5,100,0,58.6,11.2,0.0,0.866,-0.5,0.2832,98.4,0,98.0,0
alqosh,2025-04-10,26.1,61,6,40.4,12.6,0.0,0.866,-0.5,0.2832,6.1,9,68.75,1
alqosh,2025-04-11,78.5,100,0,41.7,10.0,0.3,0.866,-0.5,0.2832,67.1,2,50.46,0
alqosh,2025-04-12,82.0,100,0,63.7,7.2,0.2,0.866,-0.5,0.2832,21.1,7,75.65,1
alqosh,2025-04-13,86.5,100,0,52.5,13.8,6.3,0.866,-0.5,0.2832,81.0,2,87.63,0
alqosh,2025-04-14,89.9,100,1,82.9,16.8,4.5,0.866,-0.5,0.2832,76.2,1,98.77,0
alqosh,2025-04-15,97.3,100,0,79.4,7.4,0.1,0.866,-0.5,0.2832,77.0,1,91.8,0
alqosh,2025-04-16,57.7,100,2,76.8,7.1,0.0,0.866,-0.5,0.2832,20.0,8,61.23,1
alqosh,2025-04-17,48.0,64,0,56.8,8.2,0.0,0.866,-0.5,0.2832,1.5,10,16.08,1
alqosh,2025-04-18,19.3,58,6,49.7,8.4,0.0,0.866,-0.5,0.2832,0.0,10,1.3,1
alqosh,2025-04-19,2.7,24,10,48.0,9.5,0.0,0.866,-0.5,0.2832,0.0,10,1.87,1
alqosh,2025-04-20,83.2,100,2,33.0,13.6,0.0,0.866,-0.5,0.2832,73.7,0,35.11,0
alqosh,2025-04-21,76.8,100,0,29.4,13.1,0.0,0.866,-0.5,0.2832,39.0,2,78.06,0
alqosh,2025-04-22,73.4,100,0,34.2,13.2,0.2,0.866,-0.5,0.2832,27.0,5,50.21,0
alqosh,2025-04-23,94.1,100,0,29.7,21.5,0.2,0.866,-0.5,0.2832,100.0,0,64.45,0
alqosh,2025-04-24,91.5,100,0,36.3,15.5,0.0,0.866,-0.5,0.2832,87.0,0,92.99,0
alqosh,2025-04-25,53.5,100,2,50.2,8.7,0.0,0.866,-0.5,0.2832,45.2,5,77.07,0
alqosh,2025-04-26,65.1,100,1,72.7,14.8,3.1,0.866,-0.5,0.2832,10.9,8,85.64,1
alqosh,2025-04-27,38.0,100,6,46.7,6.6,0.0,0.866,-0.5,0.2832,80.0,1,45.5,0
alqosh,2025-04-28,30.9,100,6,27.5,8.4,0.0,0.866,-0.5,0.2832,5.0,10,58.69,1
alqosh,2025-04-29,52.6,100,3,26.1,8.8,0.0,0.866,-0.5,0.2832,51.8,3,17.68,0
alqosh,2025-04-30,15.9,76,8,25.7,8.8,0.0,0.866,-0.5,0.2832,0.0,10,44.63,1
alqosh,2025-05-01,97.7,100,0,40.2,24.7,0.5,0.5,-0.866,0.2832,86.3,1,47.79,0
alqosh,2025-05-02,89.9,100,0,47.1,12.8,0.0,0.5,-0.866,0.2832,69.0,2,89.02,0
alqosh,2025-05-03,30.9,56,5,39.8,8.7,0.0,0.5,-0.866,0.2832,4.1,10,62.43,1
alqosh,2025-05-04,73.5,100,1,53.7,9.9,1.0,0.5,-0.866,0.2832,51.2,2,61.43,0
alqosh,2025-05-05,75.9,100,1,72.9,6.6,0.9,0.5,-0.866,0.2832,61.4,1,50.55,0
alqosh,2025-05-06,0.0,0,10,58.0,5.5,0.0,0.5,-0.866,0.2832,0.3,10,53.7,1
alqosh,2025-05-07,2.5,25,9,40.8,6.6,0.0,0.5,-0.866,0.2832,0.1,10,3.59,1
alqosh,2025-05-08,51.2,100,4,38.0,6.9,0.0,0.5,-0.866,0.2832,48.1,4,26.21,0
alqosh,2025-05-09,59.7,100,2,33.4,7.8,0.0,0.5,-0.866,0.2832,86.7,1,27.62,0
alqosh,2025-05-10,40.6,100,6,26.4,8.2,0.0,0.5,-0.866,0.2832,68.8,2,23.57,0
alqosh,2025-05-11,100.0,100,0,29.2,9.7,0.1,0.5,-0.866,0.2832,80.1,0,52.51,0
alqosh,2025-05-12,48.4,100,5,35.4,10.3,0.0,0.5,-0.866,0.2832,68.1,3,82.3,0
alqosh,2025-05-13,57.3,93,2,42.1,12.2,0.2,0.5,-0.866,0.2832,44.3,2,86.58,0
alqosh,2025-05-14,77.7,100,1,51.2,8.6,0.0,0.5,-0.866,0.2832,61.2,3,75.43,0
alqosh,2025-05-15,7.3,42,8,60.0,5.9,0.0,0.5,-0.866,0.2832,8.0,9,48.04,1
alqosh,2025-05-16,3.8,38,9,25.4,7.4,0.0,0.5,-0.866,0.2832,0.0,10,2.86,1
alqosh,2025-05-17,0.0,0,10,26.9,10.1,0.0,0.5,-0.866,0.2832,13.4,8,17.68,1
alqosh,2025-05-18,53.8,75,1,20.7,21.0,0.0,0.5,-0.866,0.2832,43.8,5,30.94,0
alqosh,2025-05-19,8.3,46,9,23.2,8.0,0.0,0.5,-0.866,0.2832,0.2,10,8.42,1
alqosh,2025-05-20,66.3,100,2,20.3,7.1,0.0,0.5,-0.866,0.2832,10.6,9,6.64,1
alqosh,2025-05-21,0.0,0,10,17.9,9.3,0.0,0.5,-0.866,0.2832,0.0,10,20.49,1
alqosh,2025-05-22,44.6,100,5,12.4,8.2,0.0,0.5,-0.866,0.2832,0.3,10,13.18,1
alqosh,2025-05-23,58.1,100,2,17.2,8.5,0.0,0.5,-0.866,0.2832,40.8,5,46.65,0
alqosh,2025-05-24,2.8,24,10,24.8,16.9,0.0,0.5,-0.866,0.2832,0.9,10,21.0,1
alqosh,2025-05-25,21.5,100,7,25.9,11.5,0.0,0.5,-0.866,0.2832,0.1,10,11.28,1
alqosh,2025-05-26,99.3,100,0,19.0,11.4,0.0,0.5,-0.866,0.2832,96.2,0,53.28,0
alqosh,2025-05-27,56.5,88,0,17.2,9.4,0.0,0.5,-0.866,0.2832,16.9,7,56.48,1
alqosh,2025-05-28,0.0,0,10,28.6,13.2,0.0,0.5,-0.866,0.2832,0.0,10,38.66,1
alqosh,2025-05-29,36.5,77,3,31.4,8.9,0.0,0.5,-0.866,0.2832,4.6,9,7.67,1
alqosh,2025-05-30,0.0,0,10,26.9,7.5,0.0,0.5,-0.866,0.2832,0.0,10,16.52,1
alqosh,2025-05-31,0.0,0,10,14.6,6.4,0.0,0.5,-0.866,0.2832,0.0,10,3.78,1
alqosh,2025-06-01,0.0,0,10,19.4,8.2,0.0,0.0,-1.0,0.2832,0.0,10,3.15,1
alqosh,2025-06-02,0.0,0,10,30.6,11.5,0.0,0.0,-1.0,0.2832,0.0,10,3.69,1
alqosh,2025-06-03,22.8,60,5,29.4,4.9,0.0,0.0,-1.0,0.2832,2.7,10,3.52,1
alqosh,2025-06-04,31.6,100,7,32.1,6.9,0.0,0.0,-1.0,0.2832,19.5,8,46.55,1
alqosh,2025-06-05,46.2,67,2,24.0,10.1,0.0,0.0,-1.0,0.2832,0.1,10,5.28,1
alqosh,2025-06-06,51.8,74,2,18.5,9.9,0.0,0.0,-1.0,0.2832,2.8,10,6.68,1
alqosh,2025-06-07,0.4,4,10,20.8,12.7,0.0,0.0,-1.0,0.2832,0.0,10,15.91,1
alqosh,2025-06-08,54.8,100,2,17.4,13.9,0.0,0.0,-1.0,0.2832,12.7,8,7.29,1
alqosh,2025-06-09,12.6,47,8,22.1,10.5,0.0,0.0,-1.0,0.2832,3.7,10,17.19,1
alqosh,2025-06-10,52.2,69,0,18.7,11.7,0.0,0.0,-1.0,0.2832,4.9,10,7.91,1
alqosh,2025-06-11,27.9,100,7,21.6,14.8,0.0,0.0,-1.0,0.2832,10.4,9,22.36,1
alqosh,2025-06-12,33.9,74,4,13.9,9.4,0.0,0.0,-1.0,0.2832,6.6,9,26.43,1
alqosh,2025-06-13,6.0,33,9,16.7,11.9,0.0,0.0,-1.0,0.2832,0.0,10,30.7,1
alqosh,2025-06-14,5.9,31,8,24.4,8.7,0.0,0.0,-1.0,0.2832,0.0,10,5.7,1
alqosh,2025-06-15,2.4,20,10,20.2,12.1,0.0,0.0,-1.0,0.2832,0.0,10,5.05,1
alqosh,2025-06-16,0.0,0,10,16.5,16.0,0.0,0.0,-1.0,0.2832,0.0,10,1.79,1
alqosh,2025-06-17,0.0,0,10,17.2,10.1,0.0,0.0,-1.0,0.2832,0.0,10,1.95,1
alqosh,2025-06-18,0.0,0,10,17.9,8.7,0.0,0.0,-1.0,0.2832,0.0,10,1.29,1
alqosh,2025-06-19,0.0,0,10,17.5,10.8,0.0,0.0,-1.0,0.2832,0.0,10,5.76,1
alqosh,2025-06-20,0.0,0,10,16.2,9.5,0.0,0.0,-1.0,0.2832,0.0,10,5.5,1
alqosh,2025-06-21,0.0,0,10,13.1,9.2,0.0,0.0,-1.0,0.2832,0.0,10,1.33,1
alqosh,2025-06-22,0.0,0,10,18.4,18.0,0.0,0.0,-1.0,0.2832,0.0,10,0.37,1
alqosh,2025-06-23,0.0,0,10,20.6,18.0,0.0,0.0,-1.0,0.2832,0.0,10,1.66,1
alqosh,2025-06-24,0.0,0,10,11.8,8.9,0.0,0.0,-1.0,0.2832,0.0,10,5.37,1
alqosh,2025-06-25,0.0,0,10,13.2,12.7,0.0,0.0,-1.0,0.2832,0.0,10,6.74,1
alqosh,2025-06-26,0.0,0,10,14.2,10.8,0.0,0.0,-1.0,0.2832,0.0,10,1.82,1
alqosh,2025-06-27,3.2,28,9,16.9,12.3,0.0,0.0,-1.0,0.2832,0.0,10,1.84,1
alqosh,2025-06-28,26.9,50,4,13.4,14.1,0.0,0.0,-1.0,0.2832,0.4,10,15.35,1
alqosh,2025-06-29,35.9,67,3,17.1,15.3,0.0,0.0,-1.0,0.2832,3.3,9,21.01,1
alqosh,2025-06-30,0.0,0,10,21.1,23.1,0.0,0.0,-1.0,0.2832,0.0,10,26.88,1
alqosh,2025-07-01,0.6,5,10,18.6,8.7,0.0,-0.5,-0.866,0.2832,0.0,10,11.47,1
alqosh,2025-07-02,0.5,5,10,21.5,9.5,0.0,-0.5,-0.866,0.2832,0.0,10,7.83,1
alqosh,2025-07-03,0.0,0,10,17.0,11.9,0.0,-0.5,-0.866,0.2832,0.0,10,6.09,1
alqosh,2025-07-04,0.0,0,10,20.0,12.2,0.0,-0.5,-0.866,0.2832,0.0,10,2.94,1
alqosh,2025-07-05,0.0,0,10,21.5,8.0,0.0,-0.5,-0.866,0.2832,0.0,10,9.86,1
alqosh,2025-07-06,24.1,61,5,24.0,10.0,0.0,-0.5,-0.866,0.2832,0.5,10,5.96,1
alqosh,2025-07-07,25.5,40,3,22.4,17.1,0.0,-0.5,-0.866,0.2832,0.8,10,5.82,1
alqosh,2025-07-08,30.6,49,2,19.2,8.9,0.0,-0.5,-0.866,0.2832,0.2,10,4.86,1
alqosh,2025-07-09,18.9,64,7,22.6,10.7,0.0,-0.5,-0.866,0.2832,19.7,7,21.22,1
alqosh,2025-07-10,6.3,18,10,19.0,12.1,0.0,-0.5,-0.866,0.2832,1.4,10,13.07,1
alqosh,2025-07-11,1.5,11,10,17.1,8.4,0.0,-0.5,-0.866,0.2832,4.0,10,21.68,1
alqosh,2025-07-12,21.6,66,6,17.3,10.2,0.0,-0.5,-0.866,0.2832,19.6,8,26.27,1
alqosh,2025-07-13,17.9,82,8,19.5,17.6,0.0,-0.5,-0.866,0.2832,37.5,4,21.61,0
alqosh,2025-07-14,22.6,90,8,21.1,8.5,0.0,-0.5,-0.866,0.2832,10.9,9,14.15,1
alqosh,2025-07-15,38.2,84,4,18.0,8.0,0.0,-0.5,-0.866,0.2832,20.4,7,46.16,1
alqosh,2025-07-16,0.0,0,10,21.8,13.7,0.0,-0.5,-0.866,0.2832,0.3,10,8.15,1
alqosh,2025-07-17,8.9,38,9,27.1,15.6,0.0,-0.5,-0.866,0.2832,1.5,10,8.38,1
alqosh,2025-07-18,8.4,32,8,21.2,7.0,0.0,-0.5,-0.866,0.2832,0.0,10,2.25,1
alqosh,2025-07-19,36.0,61,3,19.8,9.7,0.0,-0.5,-0.866,0.2832,0.0,10,4.6,1
alqosh,2025-07-20,0.0,0,10,20.3,9.8,0.0,-0.5,-0.866,0.2832,0.0,10,5.14,1
alqosh,2025-07-21,1.0,9,10,23.8,9.0,0.0,-0.5,-0.866,0.2832,0.0,10,6.5,1
alqosh,2025-07-22,0.0,0,10,15.8,8.2,0.0,-0.5,-0.866,0.2832,0.1,10,4.89,1
alqosh,2025-07-23,3.3,20,10,13.3,8.1,0.0,-0.5,-0.866,0.2832,0.0,10,1.52,1
alqosh,2025-07-24,11.4,28,9,17.2,8.4,0.0,-0.5,-0.866,0.2832,2.9,10,6.32,1
alqosh,2025-07-25,36.3,48,2,13.3,10.0,0.0,-0.5,-0.866,0.2832,19.7,6,19.37,1
alqosh,2025-07-26,79.8,100,0,14.3,22.9,0.0,-0.5,-0.866,0.2832,56.7,3,52.76,0
alqosh,2025-07-27,57.4,94,2,15.4,11.0,0.0,-0.5,-0.866,0.2832,43.4,3,47.02,0
alqosh,2025-07-28,44.3,90,1,13.5,8.2,0.0,-0.5,-0.866,0.2832,14.0,8,36.17,1
alqosh,2025-07-29,28.6,92,6,14.5,8.3,0.0,-0.5,-0.866,0.2832,25.9,6,54.73,1
alqosh,2025-07-30,36.3,73,4,15.1,10.0,0.0,-0.5,-0.866,0.2832,9.8,8,29.35,1
alqosh,2025-07-31,32.5,64,4,23.0,8.2,0.0,-0.5,-0.866,0.2832,18.8,6,10.18,1
alqosh,2025-08-01,3.8,23,10,28.9,12.3,0.0,-0.866,-0.5,0.2832,0.0,10,15.56,1
alqosh,2025-08-02,2.7,20,10,28.4,17.1,0.0,-0.866,-0.5,0.2832,0.0,10,5.75,1
alqosh,2025-08-03,0.0,0,10,19.6,17.7,0.0,-0.866,-0.5,0.2832,0.0,10,1.82,1
alqosh,2025-08-04,0.0,0,10,15.6,19.2,0.0,-0.866,-0.5,0.2832,0.0,10,3.96,1
alqosh,2025-08-05,37.9,67,3,14.6,11.6,0.0,-0.866,-0.5,0.2832,28.1,6,22.93,1
alqosh,2025-08-06,28.3,67,5,29.6,7.3,0.0,-0.866,-0.5,0.2832,4.2,10,36.9,1
alqosh,2025-08-07,0.0,0,10,25.8,7.9,0.0,-0.866,-0.5,0.2832,0.0,10,11.81,1
alqosh,2025-08-08,1.7,7,10,24.5,8.4,0.0,-0.866,-0.5,0.2832,0.0,10,1.98,1
alqosh,2025-08-09,0.2,1,10,16.7,11.6,0.0,-0.866,-0.5,0.2832,0.0,10,1.91,1
alqosh,2025-08-10,1.8,8,10,22.0,15.7,0.0,-0.866,-0.5,0.2832,0.0,10,4.6,1
alqosh,2025-08-11,0.0,0,10,16.1,9.2,0.0,-0.866,-0.5,0.2832,0.0,10,6.62,1
alqosh,2025-08-12,0.0,0,10,14.2,9.4,0.0,-0.866,-0.5,0.2832,0.0,10,5.78,1
alqosh,2025-08-13,0.0,0,10,13.9,9.8,0.0,-0.866,-0.5,0.2832,0.0,10,1.92,1
alqosh,2025-08-14,0.0,0,10,17.0,10.9,0.0,-0.866,-0.5,0.2832,0.0,10,3.07,1
alqosh,2025-08-15,0.0,0,10,8.7,14.8,0.0,-0.866,-0.5,0.2832,0.0,10,5.57,1
alqosh,2025-08-16,0.0,0,10,9.4,15.5,0.0,-0.866,-0.5,0.2832,0.0,10,8.72,1
alqosh,2025-08-17,0.0,0,10,23.7,8.4,0.0,-0.866,-0.5,0.2832,0.0,10,5.87,1
alqosh,2025-08-18,0.0,0,10,18.6,9.3,0.0,-0.866,-0.5,0.2832,0.0,10,1.97,1
alqosh,2025-08-19,0.5,3,10,22.2,8.7,0.0,-0.866,-0.5,0.2832,0.1,10,3.48,1
alqosh,2025-08-20,0.0,0,10,28.1,8.7,0.0,-0.866,-0.5,0.2832,0.0,10,4.12,1
alqosh,2025-08-21,0.0,0,10,25.7,10.2,0.0,-0.866,-0.5,0.2832,0.0,10,6.61,1
alqosh,2025-08-22,0.0,0,10,12.9,8.7,0.0,-0.866,-0.5,0.2832,0.0,10,4.91,1
alqosh,2025-08-23,0.0,0,10,12.9,9.7,0.0,-0.866,-0.5,0.2832,0.0,10,3.87,1
alqosh,2025-08-24,0.0,0,10,14.8,9.6,0.0,-0.866,-0.5,0.2832,0.0,10,1.48,1
alqosh,2025-08-25,0.0,0,10,20.3,8.2,0.0,-0.866,-0.5,0.2832,0.0,10,0.87,1
alqosh,2025-08-26,0.0,0,10,28.4,6.8,0.0,-0.866,-0.5,0.2832,0.0,10,5.01,1
alqosh,2025-08-27,0.0,0,10,29.4,7.8,0.0,-0.866,-0.5,0.2832,0.0,10,10.46,1
alqosh,2025-08-28,0.0,0,10,31.8,7.4,0.0,-0.866,-0.5,0.2832,0.0,10,7.2,1
alqosh,2025-08-29,1.4,11,10,23.5,10.8,0.0,-0.866,-0.5,0.2832,0.0,10,2.46,1
alqosh,2025-08-30,1.8,13,10,19.8,16.8,0.0,-0.866,-0.5,0.2832,0.0,10,2.63,1
alqosh,2025-08-31,0.0,0,10,24.6,8.2,0.0,-0.866,-0.5,0.2832,0.0,10,5.99,1
alqosh,2025-09-01,18.2,33,4,23.1,7.7,0.0,-1.0,-0.0,0.2832,0.0,10,12.45,1
alqosh,2025-09-02,11.7,37,8,25.2,8.4,0.0,-1.0,-0.0,0.2832,0.2,10,5.66,1
alqosh,2025-09-03,13.2,46,7,32.6,9.0,0.0,-1.0,-0.0,0.2832,0.0,10,4.52,1
alqosh,2025-09-04,0.0,0,10,34.0,8.3,0.0,-1.0,-0.0,0.2832,0.0,10,7.39,1
alqosh,2025-09-05,4.4,23,10,25.5,7.6,0.0,-1.0,-0.0,0.2832,0.0,10,3.67,1
alqosh,2025-09-06,0.0,0,10,23.6,7.2,0.0,-1.0,-0.0,0.2832,0.0,10,8.58,1
alqosh,2025-09-07,0.1,1,10,23.1,8.1,0.0,-1.0,-0.0,0.2832,0.0,10,6.47,1
alqosh,2025-09-08,21.6,47,5,24.7,7.6,0.0,-1.0,-0.0,0.2832,0.0,10,2.01,1
alqosh,2025-09-09,0.0,0,10,27.6,7.5,0.0,-1.0,-0.0,0.2832,0.0,10,1.83,1
alqosh,2025-09-10,0.0,0,10,27.1,7.2,0.0,-1.0,-0.0,0.2832,0.0,10,2.66,1
alqosh,2025-09-11,0.0,0,10,22.1,10.2,0.0,-1.0,-0.0,0.2832,0.0,10,2.79,1
alqosh,2025-09-12,0.0,0,10,22.0,8.2,0.0,-1.0,-0.0,0.2832,0.0,10,9.71,1
alqosh,2025-09-13,0.0,0,10,20.9,8.1,0.0,-1.0,-0.0,0.2832,0.0,10,5.63,1
alqosh,2025-09-14,0.0,0,10,20.1,8.1,0.0,-1.0,-0.0,0.2832,0.0,10,2.48,1
alqosh,2025-09-15,0.0,0,10,22.2,8.2,0.0,-1.0,-0.0,0.2832,0.0,10,3.72,1
alqosh,2025-09-16,6.3,32,9,22.1,7.6,0.0,-1.0,-0.0,0.2832,0.0,10,4.06,1
alqosh,2025-09-17,0.0,0,10,20.6,7.0,0.0,-1.0,-0.0,0.2832,0.0,10,9.81,1
alqosh,2025-09-18,6.3,19,10,25.0,11.5,0.0,-1.0,-0.0,0.2832,0.0,10,4.13,1
alqosh,2025-09-19,0.0,0,10,23.5,8.2,0.0,-1.0,-0.0,0.2832,0.0,10,14.81,1
alqosh,2025-09-20,0.0,0,10,23.6,6.8,0.0,-1.0,-0.0,0.2832,0.0,10,8.27,1
alqosh,2025-09-21,0.0,0,10,24.6,9.4,0.0,-1.0,-0.0,0.2832,0.0,10,5.64,1
alqosh,2025-09-22,0.9,5,10,25.7,7.7,0.0,-1.0,-0.0,0.2832,0.0,10,9.0,1
alqosh,2025-09-23,0.0,0,10,20.7,7.7,0.0,-1.0,-0.0,0.2832,0.0,10,10.83,1
alqosh,2025-09-24,0.0,0,10,20.2,8.0,0.0,-1.0,-0.0,0.2832,0.0,10,3.17,1
alqosh,2025-09-25,80.1,97,0,15.2,7.7,0.0,-1.0,-0.0,0.2832,28.2,7,13.54,1
alqosh,2025-09-26,0.5,3,10,16.9,8.1,0.0,-1.0,-0.0,0.2832,0.0,10,30.43,1
alqosh,2025-09-27,4.6,24,10,21.7,7.1,0.0,-1.0,-0.0,0.2832,9.7,8,8.48,1
alqosh,2025-09-28,1.5,12,10,27.3,8.6,0.0,-1.0,-0.0,0.2832,0.0,10,8.11,1
alqosh,2025-09-29,0.0,0,10,27.7,7.9,0.0,-1.0,-0.0,0.2832,0.0,10,7.59,1
alqosh,2025-09-30,2.2,9,10,48.7,6.3,0.0,-1.0,-0.0,0.2832,0.3,10,3.22,1
alqosh,2025-10-01,0.1,1,10,36.5,7.0,0.0,-0.866,0.5,0.2832,0.0,10,5.63,1
alqosh,2025-10-02,0.0,0,10,32.7,7.0,0.0,-0.866,0.5,0.2832,0.0,10,2.23,1
alqosh,2025-10-03,0.0,0,10,30.5,7.4,0.0,-0.866,0.5,0.2832,0.0,10,6.91,1
alqosh,2025-10-04,0.0,0,10,23.3,7.6,0.0,-0.866,0.5,0.2832,0.0,10,4.51,1
alqosh,2025-10-05,0.0,0,10,21.9,13.5,0.0,-0.866,0.5,0.2832,0.0,10,3.51,1
alqosh,2025-10-06,0.0,0,10,34.9,10.2,0.0,-0.866,0.5,0.2832,0.0,10,2.58,1
alqosh,2025-10-07,0.0,0,10,27.5,7.9,0.0,-0.866,0.5,0.2832,0.0,10,5.25,1
alqosh,2025-10-08,0.0,0,10,27.0,7.2,0.0,-0.866,0.5,0.2832,0.0,10,3.34,1
alqosh,2025-10-09,35.5,75,3,38.9,12.1,0.0,-0.866,0.5,0.2832,8.1,9,8.62,1
alqosh,2025-10-10,0.5,5,10,33.7,5.5,0.0,-0.866,0.5,0.2832,0.0,10,5.05,1
alqosh,2025-10-11,0.0,0,10,36.3,6.2,0.0,-0.866,0.5,0.2832,0.0,10,1.38,1
alqosh,2025-10-12,81.9,100,0,32.3,17.7,0.1,-0.866,0.5,0.2832,26.6,6,19.27,1
alqosh,2025-10-13,0.1,1,10,54.8,7.0,0.0,-0.866,0.5,0.2832,0.0,10,17.86,1
alqosh,2025-10-14,0.0,0,10,38.6,7.3,0.0,-0.866,0.5,0.2832,0.0,10,4.74,1
alqosh,2025-10-15,0.0,0,10,34.1,7.7,0.0,-0.866,0.5,0.2832,0.0,10,2.7,1
alqosh,2025-10-16,0.0,0,10,30.0,7.8,0.0,-0.866,0.5,0.2832,0.0,10,2.45,1
alqosh,2025-10-17,0.0,0,10,28.8,8.4,0.0,-0.866,0.5,0.2832,0.9,10,1.4,1
alqosh,2025-10-18,2.6,14,10,27.9,8.3,0.0,-0.866,0.5,0.2832,0.6,10,11.59,1
alqosh,2025-10-19,0.0,0,10,32.1,7.6,0.0,-0.866,0.5,0.2832,24.0,6,6.27,1
alqosh,2025-10-20,67.0,95,1,42.7,8.4,0.0,-0.866,0.5,0.2832,47.1,2,18.0,0
alqosh,2025-10-21,97.6,100,0,68.7,8.7,3.6,-0.866,0.5,0.2832,80.4,1,68.78,0
alqosh,2025-10-22,49.4,99,3,59.1,8.0,0.0,-0.866,0.5,0.2832,33.4,4,37.42,0
alqosh,2025-10-23,58.5,100,4,47.1,7.2,0.0,-0.866,0.5,0.2832,27.0,6,6.16,1
alqosh,2025-10-24,76.3,100,0,33.3,12.4,0.0,-0.866,0.5,0.2832,53.3,2,56.06,0
alqosh,2025-10-25,38.7,100,4,42.5,7.0,0.0,-0.866,0.5,0.2832,25.6,5,23.38,0
alqosh,2025-10-26,61.5,74,0,60.5,6.9,0.0,-0.866,0.5,0.2832,34.8,6,33.09,1
alqosh,2025-10-27,0.3,3,10,55.0,7.1,0.0,-0.866,0.5,0.2832,0.0,10,8.52,1
alqosh,2025-10-28,0.0,0,10,48.9,7.8,0.0,-0.866,0.5,0.2832,0.0,10,4.3,1
alqosh,2025-10-29,6.7,39,8,46.7,7.7,0.0,-0.866,0.5,0.2832,0.1,10,24.07,1
alqosh,2025-10-30,0.0,0,10,34.3,6.9,0.0,-0.866,0.5,0.2832,0.0,10,3.72,1
alqosh,2025-10-31,0.0,0,10,35.6,7.4,0.0,-0.866,0.5,0.2832,0.0,10,2.01,1
alqosh,2025-11-01,15.1,78,8,28.0,8.3,0.0,-0.5,0.866,0.2832,5.9,9,1.79,1
alqosh,2025-11-02,0.0,0,10,25.8,7.7,0.0,-0.5,0.866,0.2832,0.0,10,1.7,1
alqosh,2025-11-03,90.2,100,0,26.1,6.9,0.0,-0.5,0.866,0.2832,44.6,3,6.6,0
alqosh,2025-11-04,39.0,93,4,22.9,8.4,0.0,-0.5,0.866,0.2832,4.4,9,8.82,1
alqosh,2025-11-05,12.1,48,7,23.6,8.6,0.0,-0.5,0.866,0.2832,7.2,10,3.6,1
alqosh,2025-11-06,15.2,41,7,26.7,7.5,0.0,-0.5,0.866,0.2832,5.2,10,2.01,1
alqosh,2025-11-07,1.3,12,10,30.5,7.4,0.0,-0.5,0.866,0.2832,0.1,10,3.46,1
alqosh,2025-11-08,0.0,0,10,26.3,8.0,0.0,-0.5,0.866,0.2832,0.0,10,8.66,1
alqosh,2025-11-09,4.8,48,9,23.8,7.9,0.0,-0.5,0.866,0.2832,1.7,10,2.23,1
alqosh,2025-11-10,0.0,0,10,24.2,8.0,0.0,-0.5,0.866,0.2832,3.5,9,2.0,1
alqosh,2025-11-11,73.5,100,1,25.7,8.2,0.0,-0.5,0.866,0.2832,31.9,4,26.45,0
alqosh,2025-11-12,50.5,100,2,26.1,9.2,0.0,-0.5,0.866,0.2832,33.7,7,35.34,1
alqosh,2025-11-13,19.1,100,8,23.8,11.1,0.0,-0.5,0.866,0.2832,0.0,10,52.28,1
alqosh,2025-11-14,99.7,100,0,39.3,28.0,1.6,-0.5,0.866,0.2832,99.4,0,42.45,0
alqosh,2025-11-15,100.0,100,0,88.8,22.0,18.8,-0.5,0.866,0.2832,97.2,0,90.22,0
alqosh,2025-11-16,57.1,100,2,87.6,5.4,1.4,-0.5,0.866,0.2832,62.9,3,97.6,0
alqosh,2025-11-17,4.3,10,10,77.7,4.9,0.0,-0.5,0.866,0.2832,0.6,10,9.39,1
alqosh,2025-11-18,9.8,85,9,62.8,5.8,0.0,-0.5,0.866,0.2832,3.2,10,1.84,1
alqosh,2025-11-19,0.0,0,10,58.9,6.6,0.0,-0.5,0.866,0.2832,0.0,10,2.15,1
alqosh,2025-11-20,0.0,0,10,42.3,8.2,0.0,-0.5,0.866,0.2832,0.2,10,2.31,1
alqosh,2025-11-21,0.0,0,10,44.7,8.2,0.0,-0.5,0.866,0.2832,0.1,10,2.64,1
alqosh,2025-11-22,0.0,0,10,46.9,8.2,0.0,-0.5,0.866,0.2832,0.2,10,3.12,1
alqosh,2025-11-23,0.0,0,10,40.3,8.7,0.0,-0.5,0.866,0.2832,0.0,10,1.38,1
alqosh,2025-11-24,51.1,100,4,43.7,8.9,0.0,-0.5,0.866,0.2832,53.7,4,1.44,0
alqosh,2025-11-25,99.7,100,0,40.9,8.5,0.0,-0.5,0.866,0.2832,79.7,2,59.52,0
alqosh,2025-11-26,5.6,31,8,55.2,7.4,0.0,-0.5,0.866,0.2832,2.5,10,63.94,1
alqosh,2025-11-27,0.0,0,10,48.3,7.7,0.0,-0.5,0.866,0.2832,1.3,10,0.66,1
alqosh,2025-11-28,75.2,100,2,50.0,7.6,0.0,-0.5,0.866,0.2832,60.5,3,3.4,0
alqosh,2025-11-29,89.7,100,0,46.9,8.4,0.0,-0.5,0.866,0.2832,3.4,10,56.3,1
alqosh,2025-11-30,74.0,90,0,38.0,13.1,0.3,-0.5,0.866,0.2832,59.4,0,34.04,0
alqosh,2025-12-01,0.7,7,10,61.7,6.4,0.0,-0.0,1.0,0.2832,0.0,10,30.32,1
alqosh,2025-12-02,0.0,0,10,64.9,6.8,0.0,-0.0,1.0,0.2832,0.0,10,4.78,1
alqosh,2025-12-03,16.6,90,8,50.0,7.1,0.0,-0.0,1.0,0.2832,0.0,10,11.35,1
alqosh,2025-12-04,87.6,100,0,46.4,7.1,0.0,-0.0,1.0,0.2832,80.9,1,48.66,0
alqosh,2025-12-05,76.0,100,0,38.6,7.8,0.0,-0.0,1.0,0.2832,8.5,10,52.54,1
alqosh,2025-12-06,100.0,100,0,43.1,21.3,0.4,-0.0,1.0,0.2832,100.0,0,93.18,0
alqosh,2025-12-07,99.6,100,0,84.3,21.8,10.5,-0.0,1.0,0.2832,95.9,0,99.93,0
alqosh,2025-12-08,98.1,100,0,91.2,12.7,6.9,-0.0,1.0,0.2832,92.9,0,99.38,0
alqosh,2025-12-09,97.7,100,0,92.7,6.6,0.6,-0.0,1.0,0.2832,88.1,0,93.12,0
alqosh,2025-12-10,84.7,100,0,89.8,8.4,0.7,-0.0,1.0,0.2832,53.5,0,78.02,0
alqosh,2025-12-11,97.8,100,0,78.7,8.8,0.0,-0.0,1.0,0.2832,90.3,0,75.12,0
alqosh,2025-12-12,97.6,100,0,80.9,14.3,5.3,-0.0,1.0,0.2832,92.8,0,99.1,0
alqosh,2025-12-13,45.2,100,3,88.5,5.3,0.0,-0.0,1.0,0.2832,39.0,4,87.19,0
alqosh,2025-12-14,11.7,56,8,88.8,6.1,0.0,-0.0,1.0,0.2832,2.6,10,44.98,1
alqosh,2025-12-15,86.5,100,1,88.4,4.8,0.1,-0.0,1.0,0.2832,82.1,0,39.26,0
alqosh,2025-12-16,100.0,100,0,75.9,6.8,0.0,-0.0,1.0,0.2832,97.1,0,91.37,0
alqosh,2025-12-17,0.0,0,10,56.5,7.5,0.0,-0.0,1.0,0.2832,0.1,10,60.37,1
alqosh,2025-12-18,0.0,0,10,57.5,7.4,0.0,-0.0,1.0,0.2832,0.0,10,2.15,1
alqosh,2025-12-19,10.8,71,8,54.3,8.2,0.0,-0.0,1.0,0.2832,23.1,7,2.8,1
alqosh,2025-12-20,0.0,0,10,59.0,7.8,0.0,-0.0,1.0,0.2832,0.6,10,23.03,1
alqosh,2025-12-21,99.1,100,0,45.7,8.4,0.0,-0.0,1.0,0.2832,100.0,0,59.49,0
alqosh,2025-12-22,80.0,100,2,53.8,9.7,0.0,-0.0,1.0,0.2832,89.8,1,57.51,0
alqosh,2025-12-23,64.4,100,1,52.5,7.8,0.0,-0.0,1.0,0.2832,66.0,3,92.32,0
alqosh,2025-12-24,2.1,19,10,82.9,6.8,0.0,-0.0,1.0,0.2832,0.0,10,18.65,1
alqosh,2025-12-25,78.9,100,2,77.8,6.6,0.0,-0.0,1.0,0.2832,19.4,8,25.74,1
alqosh,2025-12-26,95.5,100,0,78.1,11.1,0.4,-0.0,1.0,0.2832,98.0,0,65.45,0
alqosh,2025-12-27,100.0,100,0,92.6,23.7,11.4,-0.0,1.0,0.2832,99.0,0,99.93,0
alqosh,2025-12-28,9.0,43,8,71.7,7.2,0.0,-0.0,1.0,0.2832,0.4,10,66.43,1
alqosh,2025-12-29,69.7,98,0,92.6,17.7,1.0,-0.0,1.0,0.2832,24.2,7,63.87,1
alqosh,2025-12-30,53.0,100,4,78.8,7.0,0.0,-0.0,1.0,0.2832,75.1,1,31.95,0
alqosh,2025-12-31,100.0,100,0,69.9,31.1,17.0,-0.0,1.0,0.2832,100.0,0,90.34,0
alqosh,2026-01-01,99.3,100,0,82.1,18.4,7.0,0.5,0.866,0.2832,100.0,0,99.87,0
alqosh,2026-01-02,56.6,78,1,86.4,4.0,0.1,0.5,0.866,0.2832,56.0,1,78.12,0
alqosh,2026-01-03,2.0,10,10,84.6,4.6,0.0,0.5,0.866,0.2832,0.2,10,10.83,1
alqosh,2026-01-04,2.7,11,10,72.4,5.6,0.0,0.5,0.866,0.2832,32.9,6,2.4,1
alqosh,2026-01-05,0.3,3,10,72.5,7.4,0.0,0.5,0.866,0.2832,41.1,5,10.82,0
alqosh,2026-01-06,50.0,100,5,65.2,7.6,0.0,0.5,0.866,0.2832,56.2,4,46.09,0
alqosh,2026-01-07,8.8,47,8,74.7,6.8,0.0,0.5,0.866,0.2832,8.6,9,20.9,1
alqosh,2026-01-08,60.4,100,2,55.4,13.4,0.0,0.5,0.866,0.2832,94.6,0,28.6,0
alqosh,2026-01-09,97.8,100,0,80.7,23.8,3.2,0.5,0.866,0.2832,100.0,0,98.74,0
alqosh,2026-01-10,47.5,69,0,89.2,7.2,0.0,0.5,0.866,0.2832,12.4,8,81.3,1
alqosh,2026-01-11,12.3,38,8,59.9,13.0,0.0,0.5,0.866,0.2832,1.5,10,17.45,1
alqosh,2026-01-12,94.4,100,0,66.2,29.0,0.9,0.5,0.866,0.2832,77.3,0,65.08,0
alqosh,2026-01-13,100.0,100,0,90.1,10.6,6.0,0.5,0.866,0.2832,99.9,0,84.39,0
alqosh,2026-01-14,79.1,100,0,86.7,10.1,2.4,0.5,0.866,0.2832,87.0,0,91.86,0
alqosh,2026-01-15,18.5,58,7,79.8,6.6,0.0,0.5,0.866,0.2832,6.5,9,42.24,1
alqosh,2026-01-16,83.4,100,1,63.9,7.2,0.0,0.5,0.866,0.2832,69.0,3,41.63,0
alqosh,2026-01-17,97.9,100,0,67.0,6.9,0.0,0.5,0.866,0.2832,90.1,0,59.97,0
alqosh,2026-01-18,95.6,100,0,73.2,20.2,4.2,0.5,0.866,0.2832,100.0,0,99.41,0
alqosh,2026-01-19,32.4,82,5,66.3,14.5,0.9,0.5,0.866,0.2832,41.4,4,83.3,0
alqosh,2026-01-20,0.0,0,10,67.9,7.6,0.0,0.5,0.866,0.2832,0.2,10,47.15,1
alqosh,2026-01-21,5.1,22,10,72.9,7.9,0.0,0.5,0.866,0.2832,51.2,3,19.76,0
alqosh,2026-01-22,100.0,100,0,60.7,16.6,0.5,0.5,0.866,0.2832,100.0,0,97.79,0
alqosh,2026-01-23,95.2,100,0,62.5,16.1,0.0,0.5,0.866,0.2832,80.9,1,98.7,0
alqosh,2026-01-24,53.8,100,4,56.0,8.1,0.0,0.5,0.866,0.2832,30.6,5,78.13,0
alqosh,2026-01-25,0.0,0,10,79.6,8.7,0.0,0.5,0.866,0.2832,0.2,10,10.18,1
alqosh,2026-01-26,91.6,100,0,63.4,10.4,0.0,0.5,0.866,0.2832,93.3,0,27.8,0
alqosh,2026-01-27,87.7,100,0,52.3,20.6,0.0,0.5,0.866,0.2832,95.1,0,66.72,0
alqosh,2026-01-28,97.9,100,0,83.9,23.4,2.6,0.5,0.866,0.2832,99.8,0,90.64,0
alqosh,2026-01-29,67.6,100,0,89.4,7.4,0.0,0.5,0.866,0.2832,46.3,3,74.57,0
alqosh,2026-01-30,96.8,100,0,77.4,18.4,1.7,0.5,0.866,0.2832,99.7,0,91.31,0
alqosh,2026-01-31,100.0,100,0,80.3,15.8,6.9,0.5,0.866,0.2832,100.0,0,99.53,0
alqosh,2026-02-01,94.0,100,0,71.5,14.5,0.7,0.866,0.5,0.2832,95.2,0,96.65,0
alqosh,2026-02-02,98.6,100,0,71.7,26.0,4.7,0.866,0.5,0.2832,98.2,0,98.11,0
alqosh,2026-02-03,95.7,100,0,95.3,9.2,0.9,0.866,0.5,0.2832,30.8,7,89.82,1
alqosh,2026-02-04,12.6,40,8,85.6,5.8,0.0,0.866,0.5,0.2832,13.2,9,35.9,1
alqosh,2026-02-05,67.4,100,2,68.4,8.2,0.0,0.866,0.5,0.2832,60.8,3,38.83,0
alqosh,2026-02-06,98.4,100,0,57.7,18.7,1.5,0.866,0.5,0.2832,100.0,0,83.82,0
alqosh,2026-02-07,100.0,100,0,89.0,10.1,14.2,0.866,0.5,0.2832,99.5,0,99.55,0
alqosh,2026-02-08,89.2,100,0,83.9,13.4,2.4,0.866,0.5,0.2832,82.2,0,89.15,0
alqosh,2026-02-09,89.1,100,0,86.9,8.7,0.3,0.866,0.5,0.2832,71.1,1,72.27,0
alqosh,2026-02-10,100.0,100,0,92.3,6.2,10.9,0.866,0.5,0.2832,98.0,0,98.79,0
alqosh,2026-02-11,99.1,100,0,83.4,13.2,5.2,0.866,0.5,0.2832,97.4,0,87.8,0
alqosh,2026-02-12,94.2,100,0,77.8,13.4,0.2,0.866,0.5,0.2832,94.0,0,90.2,0
alqosh,2026-02-13,100.0,100,0,54.1,27.0,0.3,0.866,0.5,0.2832,99.6,0,92.26,0
alqosh,2026-02-14,49.9,77,2,88.9,4.9,0.0,0.866,0.5,0.2832,2.7,10,79.86,1
alqosh,2026-02-15,0.0,0,10,81.0,6.1,0.0,0.866,0.5,0.2832,0.0,10,10.47,1
alqosh,2026-02-16,43.2,96,5,73.1,7.3,0.0,0.866,0.5,0.2832,18.5,8,4.18,1
alqosh,2026-02-17,90.8,100,0,57.5,22.4,5.6,0.866,0.5,0.2832,79.7,1,57.52,0
alqosh,2026-02-18,49.0,93,3,55.0,15.1,0.3,0.866,0.5,0.2832,14.2,9,54.23,1
alqosh,2026-02-19,8.4,49,8,71.0,7.4,0.0,0.866,0.5,0.2832,0.5,10,21.72,1
alqosh,2026-02-20,0.0,0,10,60.8,6.8,0.0,0.866,0.5,0.2832,0.0,10,1.8,1
alqosh,2026-02-21,0.0,0,10,45.9,10.1,0.0,0.866,0.5,0.2832,0.0,10,1.19,1
alqosh,2026-02-22,0.0,0,10,59.3,7.2,0.0,0.866,0.5,0.2832,0.0,10,23.13,1
alqosh,2026-02-23,9.5,31,8,60.8,7.3,0.0,0.866,0.5,0.2832,0.6,10,3.21,1
alqosh,2026-02-24,0.7,6,10,78.5,7.1,0.0,0.866,0.5,0.2832,0.2,10,53.13,1
alqosh,2026-02-25,84.2,95,0,59.5,19.5,0.3,0.866,0.5,0.2832,9.2,9,14.49,1
alqosh,2026-02-26,99.6,100,0,84.5,13.3,19.6,0.866,0.5,0.2832,88.5,0,81.61,0
alqosh,2026-02-27,61.4,94,0,72.7,10.5,0.2,0.866,0.5,0.2832,36.6,4,80.53,0
alqosh,2026-02-28,70.2,100,1,77.3,7.0,0.0,0.866,0.5,0.2832,86.7,0,69.61,0
alqosh,2026-03-01,20.1,77,8,65.6,7.6,0.0,1.0,0.0,0.2832,23.7,7,38.6,1
alqosh,2026-03-02,0.0,0,10,49.4,8.0,0.0,1.0,0.0,0.2832,0.1,10,23.23,1
alqosh,2026-03-03,22.6,81,7,53.9,7.9,0.0,1.0,0.0,0.2832,0.7,10,3.89,1
alqosh,2026-03-04,98.7,100,0,55.3,23.3,1.0,1.0,0.0,0.2832,99.7,0,55.21,0
alqosh,2026-03-05,6.5,26,9,68.5,7.6,0.0,1.0,0.0,0.2832,2.3,10,60.82,1
alqosh,2026-03-06,99.4,100,0,63.3,8.1,0.1,1.0,0.0,0.2832,78.8,1,68.34,0
alqosh,2026-03-07,99.4,100,0,69.1,18.1,1.6,1.0,0.0,0.2832,86.0,0,78.83,0
alqosh,2026-03-08,42.2,75,2,86.6,5.8,0.0,1.0,0.0,0.2832,8.6,8,89.36,1
alqosh,2026-03-09,61.6,83,1,72.5,7.9,0.0,1.0,0.0,0.2832,0.4,10,46.28,1
alqosh,2026-03-10,27.5,55,5,37.5,9.3,0.0,1.0,0.0,0.2832,0.0,10,5.95,1
alqosh,2026-03-11,60.6,81,1,47.3,8.7,0.0,1.0,0.0,0.2832,5.0,10,38.28,1
alqosh,2026-03-12,56.5,85,1,44.7,9.2,0.0,1.0,0.0,0.2832,42.9,5,14.02,0
alqosh,2026-03-13,50.7,78,2,52.1,10.0,0.0,1.0,0.0,0.2832,47.5,4,45.19,0
alqosh,2026-03-14,100.0,100,0,79.5,24.5,11.4,1.0,0.0,0.2832,100.0,0,91.91,0
alqosh,2026-03-15,98.2,100,0,97.1,15.7,15.7,1.0,0.0,0.2832,87.8,0,98.82,0
alqosh,2026-03-16,85.4,99,0,77.2,4.9,0.0,1.0,0.0,0.2832,41.4,4,66.55,0
alqosh,2026-03-17,2.5,10,10,81.6,7.4,0.0,1.0,0.0,0.2832,0.4,10,62.4,1
alqosh,2026-03-18,13.9,40,7,70.7,9.7,0.0,1.0,0.0,0.2832,41.9,4,5.44,0
alqosh,2026-03-19,100.0,100,0,82.6,21.0,19.6,1.0,0.0,0.2832,100.0,0,95.13,0
alqosh,2026-03-20,99.3,100,0,88.2,17.3,8.5,1.0,0.0,0.2832,82.9,0,97.23,0
alqosh,2026-03-21,98.0,100,0,76.0,21.1,0.3,1.0,0.0,0.2832,96.8,0,95.25,0
alqosh,2026-03-22,64.9,92,1,87.9,10.9,9.1,1.0,0.0,0.2832,52.3,2,97.46,0
alqosh,2026-03-23,98.0,100,0,67.5,7.6,0.0,1.0,0.0,0.2832,95.7,0,64.84,0
alqosh,2026-03-24,100.0,100,0,82.9,8.0,8.0,1.0,0.0,0.2832,100.0,0,96.42,0
alqosh,2026-03-25,98.1,100,0,87.3,16.2,2.0,1.0,0.0,0.2832,95.8,0,96.32,0
alqosh,2026-03-26,100.0,100,0,81.5,23.9,18.9,1.0,0.0,0.2832,100.0,0,99.7,0
alqosh,2026-03-27,99.6,100,0,88.5,6.5,2.9,1.0,0.0,0.2832,100.0,0,99.86,0
alqosh,2026-03-28,69.5,94,0,87.0,6.9,0.0,1.0,0.0,0.2832,43.0,4,86.5,0
alqosh,2026-03-29,99.4,100,0,90.8,16.0,10.5,1.0,0.0,0.2832,99.8,0,93.29,0
alqosh,2026-03-30,91.0,100,0,89.0,4.6,1.0,1.0,0.0,0.2832,77.9,0,76.33,0
alqosh,2026-03-31,22.7,100,6,81.2,6.7,0.0,1.0,0.0,0.2832,2.0,10,59.48,1
alqosh,2026-04-01,42.0,100,6,73.3,7.2,0.0,0.866,-0.5,0.2832,75.8,2,14.53,0
alqosh,2026-04-02,98.6,100,0,74.8,11.3,3.2,0.866,-0.5,0.2832,92.0,1,89.38,0
alqosh,2026-04-03,89.8,100,0,93.2,19.2,7.2,0.866,-0.5,0.2832,43.6,4,82.76,0
alqosh,2026-04-04,40.0,89,4,82.7,7.2,0.2,0.866,-0.5,0.2832,13.6,7,33.6,1
alqosh,2026-04-05,35.0,93,4,87.9,7.7,0.0,0.866,-0.5,0.2832,5.1,9,50.13,1
alqosh,2026-04-06,69.0,100,2,88.4,7.1,0.0,0.866,-0.5,0.2832,24.1,7,39.55,1
alqosh,2026-04-07,87.7,100,0,91.8,6.8,2.2,0.866,-0.5,0.2832,65.5,2,69.24,0
alqosh,2026-04-08,75.2,98,1,82.5,9.9,2.3,0.866,-0.5,0.2832,46.1,2,55.63,0
alqosh,2026-04-09,97.2,100,0,74.0,25.3,0.5,0.866,-0.5,0.2832,51.1,2,73.76,0
alqosh,2026-04-10,95.4,100,0,62.6,9.5,0.2,0.866,-0.5,0.2832,61.8,2,60.12,0
alqosh,2026-04-11,90.4,100,0,84.5,26.0,2.8,0.866,-0.5,0.2832,71.8,1,82.84,0
alqosh,2026-04-12,96.4,100,0,89.6,10.0,11.8,0.866,-0.5,0.2832,66.1,0,81.3,0
alqosh,2026-04-13,12.2,33,8,85.8,6.9,0.0,0.866,-0.5,0.2832,1.2,10,64.64,1
alqosh,2026-04-14,45.6,100,4,64.4,7.9,0.0,0.866,-0.5,0.2832,25.3,7,11.57,1
alqosh,2026-04-15,0.3,2,10,66.2,8.0,0.0,0.866,-0.5,0.2832,0.4,10,24.16,1
alqosh,2026-04-16,4.2,36,9,61.3,8.1,0.0,0.866,-0.5,0.2832,34.2,6,54.89,1
alqosh,2026-04-17,79.2,100,1,55.5,9.7,0.0,0.866,-0.5,0.2832,85.6,1,37.54,0
alqosh,2026-04-18,98.6,100,0,81.8,22.7,14.3,0.866,-0.5,0.2832,88.8,0,99.16,0
alqosh,2026-04-19,87.4,100,0,90.9,6.4,8.9,0.866,-0.5,0.2832,52.6,2,63.47,0
alqosh,2026-04-20,70.5,100,1,92.2,7.8,6.1,0.866,-0.5,0.2832,31.1,7,75.95,1
alqosh,2026-04-21,26.8,99,7,84.1,6.7,0.0,0.866,-0.5,0.2832,6.2,10,55.02,1
alqosh,2026-04-22,0.7,7,10,67.4,8.2,0.0,0.866,-0.5,0.2832,6.0,9,15.54,1
alqosh,2026-04-23,20.6,45,4,52.9,14.0,0.0,0.866,-0.5,0.2832,1.1,10,10.59,1
alqosh,2026-04-24,92.7,100,0,69.3,14.5,0.6,0.866,-0.5,0.2832,76.6,0,36.38,0
alqosh,2026-04-25,99.1,100,0,57.3,10.0,0.1,0.866,-0.5,0.2832,76.5,1,80.51,0
alqosh,2026-04-26,93.1,100,0,82.4,6.7,14.0,0.866,-0.5,0.2832,77.8,1,66.41,0
alqosh,2026-04-27,100.0,100,0,76.1,7.0,0.0,0.866,-0.5,0.2832,60.8,3,62.34,0
alqosh,2026-04-28,58.4,100,1,77.8,7.8,1.3,0.866,-0.5,0.2832,33.7,4,91.63,0
alqosh,2026-04-29,51.5,100,1,81.5,7.3,0.0,0.866,-0.5,0.2832,9.8,9,72.71,1
alqosh,2026-04-30,0.0,0,10,67.7,7.7,0.0,0.866,-0.5,0.2832,1.4,10,5.44,1
alqosh,2026-05-01,92.3,100,1,55.7,7.1,0.8,0.5,-0.866,0.2832,98.7,0,25.93,0
alqosh,2026-05-02,100.0,100,0,50.7,10.4,0.0,0.5,-0.866,0.2832,98.5,0,75.05,0
alqosh,2026-05-03,77.6,100,0,46.0,24.1,0.1,0.5,-0.866,0.2832,46.0,4,88.07,0
alqosh,2026-05-04,33.5,65,4,59.1,15.9,0.1,0.5,-0.866,0.2832,8.5,8,34.03,1
alqosh,2026-05-05,70.1,100,0,64.9,21.4,0.3,0.5,-0.866,0.2832,22.2,6,8.83,1
alqosh,2026-05-06,5.4,41,9,63.6,7.4,0.0,0.5,-0.866,0.2832,0.8,10,31.6,1
alqosh,2026-05-07,0.0,0,10,61.0,7.6,0.0,0.5,-0.866,0.2832,1.6,10,7.34,1
alqosh,2026-05-08,0.0,0,10,53.7,8.9,0.0,0.5,-0.866,0.2832,0.0,10,3.73,1
alqosh,2026-05-09,34.9,71,3,50.3,9.3,0.0,0.5,-0.866,0.2832,7.9,7,7.26,1
alqosh,2026-05-10,21.2,49,5,52.2,9.0,0.0,0.5,-0.866,0.2832,21.3,8,14.31,1
alqosh,2026-05-11,72.9,100,0,37.7,12.0,0.1,0.5,-0.866,0.2832,34.3,5,54.05,0
alqosh,2026-05-12,37.3,100,5,56.8,7.9,0.0,0.5,-0.866,0.2832,4.1,10,53.01,1
alqosh,2026-05-13,3.3,32,9,48.3,9.0,0.0,0.5,-0.866,0.2832,0.4,10,12.48,1
alqosh,2026-05-14,78.2,100,0,49.6,8.9,0.5,0.5,-0.866,0.2832,45.8,4,49.22,0
alqosh,2026-05-15,69.1,100,2,65.0,8.2,0.0,0.5,-0.866,0.2832,13.7,9,59.2,1
alqosh,2026-05-16,29.5,100,6,76.0,7.7,0.2,0.5,-0.866,0.2832,2.5,10,36.05,1
alqosh,2026-05-17,50.1,77,2,47.4,10.9,0.0,0.5,-0.866,0.2832,4.4,10,11.74,1
alqosh,2026-05-18,27.8,62,5,61.1,7.4,0.0,0.5,-0.866,0.2832,1.9,10,40.56,1
alqosh,2026-05-19,0.4,4,10,54.6,8.9,0.0,0.5,-0.866,0.2832,5.3,10,32.75,1
alqosh,2026-05-20,68.8,100,1,52.5,17.3,0.7,0.5,-0.866,0.2832,69.0,2,52.96,0
alqosh,2026-05-21,17.4,51,8,74.8,10.5,0.0,0.5,-0.866,0.2832,6.8,10,43.69,1
alqosh,2026-05-22,22.7,61,7,55.9,8.2,0.0,0.5,-0.866,0.2832,2.7,10,24.28,1
alqosh,2026-05-23,56.2,90,1,39.1,10.2,0.0,0.5,-0.866,0.2832,33.6,6,15.8,1
alqosh,2026-05-24,6.4,39,8,60.9,13.8,0.0,0.5,-0.866,0.2832,0.4,10,42.0,1
alqosh,2026-05-25,5.1,28,9,48.5,8.6,0.0,0.5,-0.866,0.2832,4.8,9,8.17,1
alqosh,2026-05-26,3.2,32,9,45.6,9.2,0.0,0.5,-0.866,0.2832,1.4,10,9.7,1
alqosh,2026-05-27,2.5,18,10,37.5,9.1,0.0,0.5,-0.866,0.2832,5.8,10,5.89,1
alqosh,2026-05-28,98.1,100,0,26.3,18.0,0.0,0.5,-0.866,0.2832,66.9,2,42.86,0
alqosh,2026-05-29,36.6,63,3,48.3,13.5,0.0,0.5,-0.866,0.2832,6.8,8,62.82,1
alqosh,2026-05-30,5.0,45,9,34.3,10.2,0.0,0.5,-0.866,0.2832,0.1,10,21.68,1
alqosh,2026-05-31,33.7,97,6,27.8,6.8,0.0,0.5,-0.866,0.2832,7.5,10,5.52,1
alqosh,2026-06-01,13.2,38,8,29.0,7.3,0.0,0.0,-1.0,0.2832,6.2,8,3.85,1
alqosh,2026-06-02,23.9,97,7,26.8,7.3,0.0,0.0,-1.0,0.2832,2.9,10,4.82,1
alqosh,2026-06-03,0.1,1,10,27.0,12.4,0.0,0.0,-1.0,0.2832,15.6,7,28.04,1
alqosh,2026-06-04,0.7,4,10,24.3,10.5,0.0,0.0,-1.0,0.2832,3.1,10,14.46,1
alqosh,2026-06-05,0.0,0,10,26.8,7.4,0.0,0.0,-1.0,0.2832,0.0,10,3.8,1
alqosh,2026-06-06,3.8,37,9,19.2,9.7,0.0,0.0,-1.0,0.2832,4.9,9,7.86,1
alqosh,2026-06-07,0.0,0,10,20.8,6.9,0.0,0.0,-1.0,0.2832,0.0,10,18.05,1
alqosh,2026-06-08,5.2,28,9,21.0,7.4,0.0,0.0,-1.0,0.2832,0.0,10,1.48,1
alqosh,2026-06-09,18.1,49,5,22.6,15.9,0.0,0.0,-1.0,0.2832,1.1,10,9.38,1
alqosh,2026-06-10,24.1,50,6,18.3,9.4,0.0,0.0,-1.0,0.2832,22.8,7,16.83,1
alqosh,2026-06-11,19.3,67,7,26.9,11.5,0.0,0.0,-1.0,0.2832,3.7,9,11.4,1
alqosh,2026-06-12,20.0,63,7,29.4,10.4,0.0,0.0,-1.0,0.2832,0.9,10,14.27,1
alqosh,2026-06-13,37.5,50,2,29.4,9.8,0.0,0.0,-1.0,0.2832,3.7,10,7.95,1
alqosh,2026-06-14,2.3,11,10,31.5,13.4,0.0,0.0,-1.0,0.2832,1.2,10,9.96,1
alqosh,2026-06-15,9.0,25,9,35.1,7.6,0.0,0.0,-1.0,0.2832,2.0,10,3.91,1
alqosh,2026-06-16,0.3,2,10,26.0,7.1,0.0,0.0,-1.0,0.2832,0.6,10,4.04,1
alqosh,2026-06-17,33.2,56,4,22.2,7.1,0.0,0.0,-1.0,0.2832,0.0,10,2.49,1
alqosh,2026-06-18,2.3,9,10,18.1,12.0,0.0,0.0,-1.0,0.2832,0.9,10,2.84,1
alqosh,2026-06-19,4.7,35,9,19.7,7.3,0.0,0.0,-1.0,0.2832,0.0,10,5.45,1
alqosh,2026-06-20,0.0,0,10,18.0,9.8,0.0,0.0,-1.0,0.2832,0.0,10,4.97,1
alqosh,2026-06-21,0.0,0,10,15.2,13.3,0.0,0.0,-1.0,0.2832,0.0,10,2.01,1
alqosh,2026-06-22,0.0,0,10,15.4,8.1,0.0,0.0,-1.0,0.2832,0.0,10,11.4,1
alqosh,2026-06-23,1.7,11,10,23.2,16.7,0.0,0.0,-1.0,0.2832,0.0,10,12.51,1
alqosh,2026-06-24,1.7,8,10,23.1,9.8,0.0,0.0,-1.0,0.2832,0.0,10,9.3,1
alqosh,2026-06-25,12.9,26,8,25.3,6.9,0.0,0.0,-1.0,0.2832,3.1,10,5.45,1
alqosh,2026-06-26,0.0,0,10,24.1,9.6,0.0,0.0,-1.0,0.2832,1.6,10,12.16,1
alqosh,2026-06-27,40.2,70,2,24.5,11.2,0.0,0.0,-1.0,0.2832,9.3,9,17.06,1
alqosh,2026-06-28,0.0,0,10,17.7,14.8,0.0,0.0,-1.0,0.2832,0.0,10,9.6,1
alqosh,2026-06-29,0.0,0,10,16.8,7.2,0.0,0.0,-1.0,0.2832,0.0,10,10.46,1
alqosh,2026-06-30,0.0,0,10,18.7,7.3,0.0,0.0,-1.0,0.2832,0.0,10,,1
alqosh,2026-07-01,0.0,0,10,23.0,9.0,0.0,-0.5,-0.866,0.2832,0.0,10,,1
alqosh,2026-07-02,0.0,0,10,20.3,8.4,0.0,-0.5,-0.866,0.2832,0.0,10,,1
alqosh,2026-07-03,0.8,7,10,23.3,9.2,0.0,-0.5,-0.866,0.2832,0.0,10,,1
alqosh,2026-07-04,38.7,79,3,27.5,8.4,0.0,-0.5,-0.866,0.2832,3.5,10,,1
alqosh,2026-07-05,0.1,1,10,21.2,13.1,0.0,-0.5,-0.866,0.2832,1.0,10,,1
alqosh,2026-07-06,0.0,0,10,22.7,14.8,0.0,-0.5,-0.866,0.2832,0.9,10,,1
alqosh,2026-07-07,16.2,43,7,21.6,9.3,0.0,-0.5,-0.866,0.2832,0.5,10,,1
alqosh,2026-07-08,28.0,55,3,25.7,8.2,0.0,-0.5,-0.866,0.2832,0.4,10,,1
alqosh,2026-07-09,0.0,0,10,25.0,7.4,0.0,-0.5,-0.866,0.2832,0.0,10,,1
alqosh,2026-07-10,0.0,0,10,20.7,10.1,0.0,-0.5,-0.866,0.2832,0.0,10,,1
alqosh,2026-07-11,0.0,0,10,21.2,8.7,0.0,-0.5,-0.866,0.2832,0.0,10,,1
alqosh,2026-07-12,0.0,0,10,16.6,8.7,0.0,-0.5,-0.866,0.2832,0.0,10,,1
alqosh,2026-07-13,0.0,0,10,16.8,9.4,0.0,-0.5,-0.866,0.2832,0.0,10,,1
alqosh,2026-07-14,0.0,0,10,21.4,12.9,0.0,-0.5,-0.866,0.2832,0.0,10,,1
alqosh,2026-07-15,0.0,0,10,19.5,10.0,0.0,-0.5,-0.866,0.2832,0.0,10,,1
alqosh,2026-07-16,0.0,0,10,18.7,9.7,0.0,-0.5,-0.866,0.2832,0.0,10,,1
alqosh,2026-07-17,22.3,48,5,23.6,8.9,0.0,-0.5,-0.866,0.2832,0.0,10,,1
alqosh,2026-07-18,0.1,1,10,18.7,12.9,0.0,-0.5,-0.866,0.2832,0.1,10,,1
alqosh,2026-07-19,0.0,0,10,20.6,11.5,0.0,-0.5,-0.866,0.2832,0.0,10,,1
alqosh,2026-07-20,3.5,20,10,17.7,8.6,0.0,-0.5,-0.866,0.2832,0.0,10,,1
alqosh,2026-07-21,16.2,41,6,18.2,9.8,0.0,-0.5,-0.866,0.2832,0.0,10,,1
alqosh,2026-07-22,29.7,49,5,17.4,8.4,0.0,-0.5,-0.866,0.2832,0.0,10,,1
alqosh,2026-07-23,0.1,1,10,18.2,9.5,0.0,-0.5,-0.866,0.2832,0.0,10,,1
alqosh,2026-07-24,0.0,0,10,17.7,9.8,0.0,-0.5,-0.866,0.2832,0.0,10,,1
alqosh,2026-07-25,6.2,37,8,29.0,15.4,0.0,-0.5,-0.866,0.2832,0.0,10,,1
alqosh,2026-07-26,0.0,0,10,28.4,15.7,0.0,-0.5,-0.866,0.2832,0.0,10,,1
alqosh,2026-07-27,0.0,0,10,18.2,6.6,0.0,-0.5,-0.866,0.2832,0.0,10,,1
alqosh,2026-07-28,0.0,0,10,15.4,7.2,0.0,-0.5,-0.866,0.2832,0.0,10,,1
alqosh,2026-07-29,21.2,47,5,15.2,7.3,0.0,-0.5,-0.866,0.2832,1.7,10,,1
alqosh,2026-07-30,1.2,6,10,13.6,16.9,0.0,-0.5,-0.866,0.2832,0.0,10,,1
alqosh,2026-07-31,34.3,52,1,17.9,8.2,0.0,-0.5,-0.866,0.2832,0.9,10,,1
alqosh,2026-08-01,39.2,69,2,17.6,9.5,0.0,-0.866,-0.5,0.2832,7.5,9,,1
alqosh,2026-08-02,11.8,33,8,13.8,15.2,0.0,-0.866,-0.5,0.2832,1.4,10,,1
alqosh,2026-08-03,0.0,0,10,12.5,15.0,0.0,-0.866,-0.5,0.2832,0.0,10,,1
alqosh,2026-08-04,0.0,0,10,16.4,12.1,0.0,-0.866,-0.5,0.2832,0.0,10,,1
alqosh,2026-08-05,0.0,0,10,18.0,20.9,0.0,-0.866,-0.5,0.2832,0.0,10,,1
alqosh,2026-08-06,0.0,0,10,19.8,7.9,0.0,-0.866,-0.5,0.2832,0.0,10,,1
alqosh,2026-08-07,0.0,0,10,27.7,9.2,0.0,-0.866,-0.5,0.2832,0.0,10,,1
alqosh,2026-08-08,0.0,0,10,25.3,8.2,0.0,-0.866,-0.5,0.2832,0.0,10,,1
alqosh,2026-08-09,27.5,57,3,29.0,10.5,0.0,-0.866,-0.5,0.2832,0.7,10,,1
alqosh,2026-08-10,17.0,38,6,20.0,14.4,0.0,-0.866,-0.5,0.2832,6.3,10,,1
alqosh,2026-08-11,5.9,22,10,19.7,12.5,0.0,-0.866,-0.5,0.2832,20.0,8,,1
alqosh,2026-08-12,7.9,46,9,19.9,7.1,0.0,-0.866,-0.5,0.2832,2.3,10,,1
alqosh,2026-08-13,0.1,1,10,20.6,9.7,0.0,-0.866,-0.5,0.2832,0.1,10,,1
alqosh,2026-08-14,26.5,50,4,21.3,8.9,0.0,-0.866,-0.5,0.2832,0.0,10,,1
alqosh,2026-08-15,0.6,3,10,33.9,11.2,0.0,-0.866,-0.5,0.2832,0.0,10,,1
alqosh,2026-08-16,9.2,31,8,25.0,9.8,0.0,-0.866,-0.5,0.2832,0.2,10,,1
alqosh,2026-08-17,9.0,33,9,27.7,7.8,0.0,-0.866,-0.5,0.2832,0.0,10,,1
alqosh,2026-08-18,5.6,22,10,29.9,6.4,0.0,-0.866,-0.5,0.2832,0.0,10,,1
alqosh,2026-08-19,0.0,0,10,27.5,6.8,0.0,-0.866,-0.5,0.2832,0.0,10,,1
alqosh,2026-08-20,0.0,0,10,18.2,9.9,0.0,-0.866,-0.5,0.2832,0.0,10,,1
alqosh,2026-08-21,0.6,4,10,19.0,9.5,0.0,-0.866,-0.5,0.2832,0.0,10,,1
alqosh,2026-08-22,0.0,0,10,18.5,8.7,0.0,-0.866,-0.5,0.2832,0.0,10,,1
alqosh,2026-08-23,0.0,0,10,19.9,9.7,0.0,-0.866,-0.5,0.2832,0.0,10,,1
alqosh,2026-08-24,0.0,0,10,24.1,7.8,0.0,-0.866,-0.5,0.2832,0.0,10,,1
alqosh,2026-08-25,0.0,0,10,24.7,9.4,0.0,-0.866,-0.5,0.2832,0.0,10,,1
alqosh,2026-08-26,0.0,0,10,23.8,9.2,0.0,-0.866,-0.5,0.2832,0.0,10,,1
alqosh,2026-08-27,0.1,1,10,30.0,7.5,0.0,-0.866,-0.5,0.2832,0.0,10,,1
alqosh,2026-08-28,25.2,72,6,24.3,10.7,0.0,-0.866,-0.5,0.2832,5.1,9,,1
alqosh,2026-08-29,25.1,63,5,26.4,9.0,0.0,-0.866,-0.5,0.2832,0.0,10,,1
alqosh,2026-08-30,5.8,26,9,36.9,17.3,0.0,-0.866,-0.5,0.2832,0.0,10,,1
alqosh,2026-08-31,9.8,35,9,32.3,7.1,0.0,-0.866,-0.5,0.2832,1.2,10,,1
alqosh,2026-09-01,31.9,60,4,30.0,6.6,0.0,-1.0,-0.0,0.2832,0.7,10,,1
alqosh,2026-09-02,6.5,22,10,23.9,8.4,0.0,-1.0,-0.0,0.2832,0.0,10,,1
alqosh,2026-09-03,15.7,31,6,25.5,8.3,0.0,-1.0,-0.0,0.2832,0.0,10,,1
alqosh,2026-09-04,0.0,0,10,21.2,8.6,0.0,-1.0,-0.0,0.2832,0.0,10,,1
alqosh,2026-09-05,23.5,85,6,20.5,9.1,0.0,-1.0,-0.0,0.2832,0.4,10,,1
alqosh,2026-09-06,40.4,100,4,21.5,13.6,0.0,-1.0,-0.0,0.2832,30.2,6,,1
alqosh,2026-09-07,0.0,0,10,21.6,7.6,0.0,-1.0,-0.0,0.2832,0.0,10,,1
alqosh,2026-09-08,0.0,0,10,23.3,8.0,0.0,-1.0,-0.0,0.2832,0.0,10,,1
alqosh,2026-09-09,0.0,0,10,19.1,8.4,0.0,-1.0,-0.0,0.2832,0.0,10,,1
alqosh,2026-09-10,13.1,63,8,17.7,8.9,0.0,-1.0,-0.0,0.2832,4.1,10,,1
alqosh,2026-09-11,0.0,0,10,21.0,8.1,0.0,-1.0,-0.0,0.2832,0.2,10,,1
alqosh,2026-09-12,3.5,26,9,19.0,9.7,0.0,-1.0,-0.0,0.2832,0.0,10,,1
alqosh,2026-09-13,3.7,33,9,19.6,8.2,0.0,-1.0,-0.0,0.2832,0.0,10,,1
alqosh,2026-09-14,0.0,0,10,21.7,7.1,0.0,-1.0,-0.0,0.2832,0.0,10,,1
alqosh,2026-09-15,19.7,100,8,24.8,7.6,0.0,-1.0,-0.0,0.2832,10.0,9,,1
alqosh,2026-09-16,0.0,0,10,26.1,8.0,0.0,-1.0,-0.0,0.2832,0.0,10,,1
alqosh,2026-09-17,21.2,50,5,19.1,9.7,0.0,-1.0,-0.0,0.2832,17.0,7,,1
alqosh,2026-09-18,51.6,72,1,23.5,9.7,0.0,-1.0,-0.0,0.2832,0.9,10,,1
hammam,2024-02-01,95.1,100,0,64.6,7.1,0.0,0.866,0.5,0.25,86.6,0,28.16,0
hammam,2024-02-02,11.5,43,8,71.4,4.3,0.0,0.866,0.5,0.25,1.2,10,25.52,1
hammam,2024-02-03,53.5,100,4,70.8,7.1,0.8,0.866,0.5,0.25,55.2,1,48.77,0
hammam,2024-02-04,96.6,100,0,87.6,12.3,1.3,0.866,0.5,0.25,81.0,0,85.8,0
hammam,2024-02-05,91.6,100,0,90.5,5.3,4.0,0.866,0.5,0.25,96.1,0,99.38,0
hammam,2024-02-06,87.4,98,0,79.2,4.0,0.0,0.866,0.5,0.25,65.7,3,76.69,0
hammam,2024-02-07,57.4,73,0,82.9,3.0,0.0,0.866,0.5,0.25,9.5,9,60.54,1
hammam,2024-02-08,57.1,100,2,84.9,2.8,0.0,0.866,0.5,0.25,42.3,3,50.76,0
hammam,2024-02-09,85.0,100,0,75.8,4.3,0.7,0.866,0.5,0.25,87.6,0,64.08,0
hammam,2024-02-10,81.7,100,0,73.9,11.4,0.0,0.866,0.5,0.25,1.4,10,69.13,1
hammam,2024-02-11,0.0,0,10,68.6,7.1,0.0,0.866,0.5,0.25,0.0,10,3.32,1
hammam,2024-02-12,98.7,100,0,76.1,4.7,0.0,0.866,0.5,0.25,100.0,0,53.62,0
hammam,2024-02-13,100.0,100,0,60.3,9.0,0.0,0.866,0.5,0.25,100.0,0,98.77,0
hammam,2024-02-14,100.0,100,0,87.4,22.7,16.2,0.866,0.5,0.25,100.0,0,99.63,0
hammam,2024-02-15,88.9,100,0,92.9,6.2,0.5,0.866,0.5,0.25,39.5,5,74.21,0
hammam,2024-02-16,99.2,100,0,89.1,11.5,6.6,0.866,0.5,0.25,99.7,0,84.05,0
hammam,2024-02-17,80.8,100,0,91.1,6.6,3.2,0.866,0.5,0.25,74.2,1,98.36,0
hammam,2024-02-18,30.4,84,5,86.9,3.1,0.0,0.866,0.5,0.25,5.4,9,52.47,1
hammam,2024-02-19,51.2,99,2,80.6,4.1,0.0,0.866,0.5,0.25,34.9,5,53.01,0
hammam,2024-02-20,21.8,46,5,90.2,5.1,0.0,0.866,0.5,0.25,5.6,10,48.14,1
hammam,2024-02-21,0.0,0,10,83.7,5.6,0.0,0.866,0.5,0.25,2.3,10,27.98,1
hammam,2024-02-22,51.5,87,2,75.7,5.1,0.0,0.866,0.5,0.25,37.9,6,15.19,1
hammam,2024-02-23,91.3,100,0,73.2,5.7,0.0,0.866,0.5,0.25,100.0,0,94.42,0
hammam,2024-02-24,30.7,100,6,74.1,5.0,0.0,0.866,0.5,0.25,33.6,7,82.98,1
hammam,2024-02-25,60.8,97,1,35.9,27.2,0.0,0.866,0.5,0.25,56.8,3,12.8,0
hammam,2024-02-26,12.7,54,8,37.1,14.0,0.0,0.866,0.5,0.25,42.9,4,2.86,0
hammam,2024-02-27,1.4,5,10,23.6,17.0,0.0,0.866,0.5,0.25,0.0,10,14.43,1
hammam,2024-02-28,0.0,0,10,49.4,4.7,0.0,0.866,0.5,0.25,0.0,10,4.12,1
hammam,2024-02-29,0.0,0,10,53.8,2.9,0.0,0.866,0.5,0.25,0.0,10,1.76,1
hammam,2024-03-01,6.9,46,9,64.5,3.9,0.0,1.0,0.0,0.25,48.9,4,19.86,0
hammam,2024-03-02,54.9,100,4,48.6,3.9,0.0,1.0,0.0,0.25,33.5,6,29.57,1
hammam,2024-03-03,54.7,98,1,52.5,8.4,0.0,1.0,0.0,0.25,83.8,1,68.8,0
hammam,2024-03-04,0.0,0,10,62.1,5.5,0.0,1.0,0.0,0.25,0.0,10,32.85,1
hammam,2024-03-05,0.0,0,10,60.5,3.3,0.0,1.0,0.0,0.25,0.0,10,10.87,1
hammam,2024-03-06,73.8,100,2,67.3,15.9,1.4,1.0,0.0,0.25,51.3,1,55.3,0
hammam,2024-03-07,30.4,70,4,81.7,4.1,0.0,1.0,0.0,0.25,1.5,10,49.44,1
hammam,2024-03-08,55.2,95,2,66.4,6.2,0.0,1.0,0.0,0.25,27.1,7,21.21,1
hammam,2024-03-09,53.8,77,0,75.4,9.7,0.0,1.0,0.0,0.25,32.5,5,67.48,0
hammam,2024-03-10,14.8,69,8,77.6,12.2,0.0,1.0,0.0,0.25,41.0,6,38.69,1
hammam,2024-03-11,0.2,2,10,63.2,5.4,0.0,1.0,0.0,0.25,0.4,10,16.99,1
hammam,2024-03-12,16.7,100,8,69.6,3.3,0.0,1.0,0.0,0.25,24.8,7,7.46,1
hammam,2024-03-13,75.8,100,1,66.9,4.0,0.0,1.0,0.0,0.25,97.8,0,35.56,0
hammam,2024-03-14,36.8,75,4,51.4,9.6,0.0,1.0,0.0,0.25,29.2,6,43.77,1
hammam,2024-03-15,7.0,60,9,61.6,20.0,0.0,1.0,0.0,0.25,0.0,10,18.77,1
hammam,2024-03-16,43.4,100,3,66.2,4.8,0.0,1.0,0.0,0.25,16.1,8,12.37,1
hammam,2024-03-17,93.5,100,0,51.8,16.9,1.2,1.0,0.0,0.25,97.7,0,67.97,0
hammam,2024-03-18,100.0,100,0,87.8,19.1,1.6,1.0,0.0,0.25,100.0,0,99.95,0
hammam,2024-03-19,99.9,100,0,87.3,20.5,2.3,1.0,0.0,0.25,92.5,0,99.68,0
hammam,2024-03-20,58.6,82,0,80.8,10.2,0.0,1.0,0.0,0.25,22.7,5,95.38,0
hammam,2024-03-21,86.4,100,1,74.8,11.0,0.8,1.0,0.0,0.25,60.2,0,97.8,0
hammam,2024-03-22,55.5,90,1,92.7,7.9,0.0,1.0,0.0,0.25,61.4,2,90.87,0
hammam,2024-03-23,100.0,100,0,82.8,5.7,0.0,1.0,0.0,0.25,97.2,0,80.69,0
hammam,2024-03-24,100.0,100,0,71.9,13.8,3.4,1.0,0.0,0.25,99.8,0,99.27,0
hammam,2024-03-25,33.4,92,6,64.0,5.1,0.0,1.0,0.0,0.25,19.1,7,46.67,1
hammam,2024-03-26,79.0,100,1,81.6,8.4,0.7,1.0,0.0,0.25,83.9,1,95.09,0
hammam,2024-03-27,84.7,100,0,66.0,4.5,0.0,1.0,0.0,0.25,86.6,0,83.33,0
hammam,2024-03-28,0.0,0,10,80.7,3.7,0.0,1.0,0.0,0.25,0.0,10,31.02,1
hammam,2024-03-29,40.8,100,5,65.8,5.5,0.0,1.0,0.0,0.25,69.8,1,35.04,0
hammam,2024-03-30,0.0,0,10,72.5,4.8,0.0,1.0,0.0,0.25,0.0,10,31.15,1
hammam,2024-03-31,0.0,0,10,75.0,4.0,0.0,1.0,0.0,0.25,0.0,10,19.32,1
hammam,2024-04-01,8.2,73,9,75.2,5.2,0.0,0.866,-0.5,0.25,3.6,10,1.35,1
hammam,2024-04-02,26.5,96,6,59.8,5.8,0.0,0.866,-0.5,0.25,19.4,8,7.86,1
hammam,2024-04-03,3.5,16,10,59.3,5.6,0.0,0.866,-0.5,0.25,21.7,8,10.63,1
hammam,2024-04-04,60.4,99,2,56.7,5.2,0.0,0.866,-0.5,0.25,29.3,5,15.0,0
hammam,2024-04-05,73.7,100,2,60.2,5.9,0.0,0.866,-0.5,0.25,42.0,5,20.45,0
hammam,2024-04-06,100.0,100,0,38.8,21.7,1.9,0.866,-0.5,0.25,92.2,0,73.15,0
hammam,2024-04-07,84.3,100,0,75.0,25.5,0.8,0.866,-0.5,0.25,80.9,1,94.82,0
hammam,2024-04-08,90.8,100,0,55.9,12.4,0.0,0.866,-0.5,0.25,39.8,6,85.92,1
hammam,2024-04-09,99.7,100,0,83.6,26.3,17.0,0.866,-0.5,0.25,84.3,0,69.69,0
hammam,2024-04-10,80.0,100,2,89.0,3.3,0.0,0.866,-0.5,0.25,55.3,4,89.03,0
hammam,2024-04-11,56.2,100,4,74.7,4.8,0.0,0.866,-0.5,0.25,40.5,4,64.65,0
hammam,2024-04-12,62.3,100,1,62.1,12.9,0.0,0.866,-0.5,0.25,17.5,8,15.54,1
hammam,2024-04-13,0.0,0,10,63.5,4.9,0.0,0.866,-0.5,0.25,0.0,10,1.2,1
hammam,2024-04-14,86.1,100,0,55.8,15.1,0.0,0.866,-0.5,0.25,94.3,0,24.56,0
hammam,2024-04-15,33.0,100,7,68.1,15.0,0.0,0.866,-0.5,0.25,4.3,9,74.2,1
hammam,2024-04-16,0.0,0,10,48.1,9.7,0.0,0.866,-0.5,0.25,0.0,10,1.35,1
hammam,2024-04-17,9.7,43,9,52.0,4.8,0.0,0.866,-0.5,0.25,10.8,9,1.0,1
hammam,2024-04-18,35.4,97,4,42.8,4.8,0.0,0.866,-0.5,0.25,0.4,10,2.98,1
hammam,2024-04-19,3.2,29,9,47.2,5.6,0.0,0.866,-0.5,0.25,1.9,10,10.58,1
hammam,2024-04-20,100.0,100,0,37.5,11.5,0.0,0.866,-0.5,0.25,99.9,0,49.77,0
hammam,2024-04-21,17.7,64,6,69.7,3.8,0.0,0.866,-0.5,0.25,0.9,10,76.18,1
hammam,2024-04-22,29.0,100,6,34.4,7.6,0.0,0.866,-0.5,0.25,0.2,10,2.36,1
hammam,2024-04-23,6.9,36,8,38.8,5.1,0.0,0.866,-0.5,0.25,3.3,10,58.21,1
hammam,2024-04-24,7.8,42,9,45.6,6.1,0.0,0.866,-0.5,0.25,0.7,10,51.97,1
hammam,2024-04-25,0.4,2,10,51.5,4.2,0.0,0.866,-0.5,0.25,0.0,10,1.5,1
hammam,2024-04-26,7.0,41,9,44.1,5.5,0.0,0.866,-0.5,0.25,0.5,10,2.01,1
hammam,2024-04-27,77.7,100,2,27.2,11.4,0.0,0.866,-0.5,0.25,1.0,10,4.09,1
hammam,2024-04-28,17.4,46,7,27.6,11.0,0.0,0.866,-0.5,0.25,3.3,10,1.95,1
hammam,2024-04-29,79.9,100,2,39.0,14.6,0.1,0.866,-0.5,0.25,91.9,0,32.59,0
hammam,2024-04-30,98.7,100,0,69.5,17.4,0.6,0.866,-0.5,0.25,98.9,0,96.49,0
hammam,2024-05-01,95.0,100,0,91.1,13.4,5.4,0.5,-0.866,0.25,81.6,0,90.62,0
hammam,2024-05-02,95.5,100,0,89.6,9.5,11.4,0.5,-0.866,0.25,72.8,1,90.83,0
hammam,2024-05-03,93.5,100,0,89.4,16.4,22.8,0.5,-0.866,0.25,32.2,7,95.12,1
hammam,2024-05-04,55.9,76,0,79.3,20.4,0.0,0.5,-0.866,0.25,11.1,8,71.52,1
hammam,2024-05-05,90.0,100,1,49.9,15.5,0.1,0.5,-0.866,0.25,90.2,0,44.23,0
hammam,2024-05-06,58.5,77,0,76.9,18.8,0.0,0.5,-0.866,0.25,23.2,6,71.54,1
hammam,2024-05-07,41.3,100,6,84.6,6.5,0.0,0.5,-0.866,0.25,18.1,7,71.94,1
hammam,2024-05-08,0.6,6,10,66.0,8.8,0.0,0.5,-0.866,0.25,4.7,9,46.31,1
hammam,2024-05-09,59.2,100,2,55.4,3.4,0.0,0.5,-0.866,0.25,50.4,4,40.62,0
hammam,2024-05-10,92.4,100,0,42.1,6.5,0.0,0.5,-0.866,0.25,69.4,2,23.59,0
hammam,2024-05-11,77.5,100,1,36.4,20.5,0.0,0.5,-0.866,0.25,37.6,4,86.01,0
hammam,2024-05-12,20.7,91,7,39.7,14.5,0.0,0.5,-0.866,0.25,3.8,9,44.88,1
hammam,2024-05-13,42.2,76,3,52.9,12.0,0.0,0.5,-0.866,0.25,12.4,8,43.57,1
hammam,2024-05-14,15.0,40,6,54.3,12.2,0.0,0.5,-0.866,0.25,6.0,8,43.3,1
hammam,2024-05-15,58.2,81,0,40.3,15.9,0.0,0.5,-0.866,0.25,29.1,7,35.74,1
hammam,2024-05-16,38.2,69,4,36.6,8.4,0.0,0.5,-0.866,0.25,5.3,9,54.19,1
hammam,2024-05-17,28.1,77,5,30.2,20.4,0.0,0.5,-0.866,0.25,9.1,8,12.76,1
hammam,2024-05-18,55.7,98,2,31.3,14.6,0.0,0.5,-0.866,0.25,32.0,6,8.31,1
hammam,2024-05-19,97.8,100,0,35.7,5.5,0.0,0.5,-0.866,0.25,96.1,0,52.51,0
hammam,2024-05-20,6.5,29,9,45.2,17.1,0.0,0.5,-0.866,0.25,1.3,10,47.28,1
hammam,2024-05-21,87.0,100,0,36.1,16.9,0.0,0.5,-0.866,0.25,59.8,2,44.71,0
hammam,2024-05-22,1.2,6,10,46.1,5.7,0.0,0.5,-0.866,0.25,3.2,10,46.71,1
hammam,2024-05-23,62.9,97,1,37.0,10.8,0.0,0.5,-0.866,0.25,67.0,1,50.94,0
hammam,2024-05-24,0.0,0,10,26.6,13.8,0.0,0.5,-0.866,0.25,0.0,10,41.3,1
hammam,2024-05-25,9.3,53,8,35.4,15.2,0.0,0.5,-0.866,0.25,0.4,10,5.47,1
hammam,2024-05-26,0.9,7,10,35.7,10.8,0.0,0.5,-0.866,0.25,0.1,10,24.43,1
hammam,2024-05-27,16.5,89,8,32.8,7.6,0.0,0.5,-0.866,0.25,10.1,9,3.52,1
hammam,2024-05-28,72.8,100,2,21.9,24.0,0.0,0.5,-0.866,0.25,80.0,0,46.34,0
hammam,2024-05-29,25.3,54,5,28.9,12.1,0.0,0.5,-0.866,0.25,13.7,8,64.26,1
hammam,2024-05-30,33.7,52,2,20.4,21.7,0.0,0.5,-0.866,0.25,6.9,9,31.28,1
hammam,2024-05-31,0.0,0,10,22.6,20.0,0.0,0.5,-0.866,0.25,0.0,10,9.87,1
hammam,2024-06-01,0.2,2,10,26.2,13.4,0.0,0.0,-1.0,0.25,0.0,10,0.88,1
hammam,2024-06-02,0.0,0,10,26.5,4.7,0.0,0.0,-1.0,0.25,0.0,10,0.27,1
hammam,2024-06-03,0.1,1,10,19.8,5.0,0.0,0.0,-1.0,0.25,0.0,10,1.0,1
hammam,2024-06-04,5.4,34,9,13.9,18.7,0.0,0.0,-1.0,0.25,0.0,10,0.56,1
hammam,2024-06-05,8.0,30,8,14.1,9.9,0.0,0.0,-1.0,0.25,0.0,10,1.43,1
hammam,2024-06-06,0.0,0,10,18.9,5.6,0.0,0.0,-1.0,0.25,0.0,10,1.56,1
hammam,2024-06-07,1.5,12,10,23.3,7.6,0.0,0.0,-1.0,0.25,0.0,10,1.36,1
hammam,2024-06-08,89.8,100,0,22.6,14.1,0.1,0.0,-1.0,0.25,20.7,6,12.26,1
hammam,2024-06-09,10.6,25,9,18.9,16.5,0.0,0.0,-1.0,0.25,2.2,10,38.32,1
hammam,2024-06-10,73.2,100,0,27.8,24.1,0.0,0.0,-1.0,0.25,22.3,7,72.39,1
hammam,2024-06-11,0.0,0,10,22.0,11.4,0.0,0.0,-1.0,0.25,0.0,10,14.21,1
hammam,2024-06-12,0.0,0,10,25.4,10.3,0.0,0.0,-1.0,0.25,2.5,10,2.83,1
hammam,2024-06-13,4.4,31,9,24.9,11.4,0.0,0.0,-1.0,0.25,0.2,10,2.82,1
hammam,2024-06-14,0.0,0,10,19.1,10.1,0.0,0.0,-1.0,0.25,0.0,10,1.19,1
hammam,2024-06-15,0.0,0,10,21.5,7.6,0.0,0.0,-1.0,0.25,0.0,10,3.38,1
hammam,2024-06-16,1.5,11,10,16.5,12.9,0.0,0.0,-1.0,0.25,3.8,10,23.93,1
hammam,2024-06-17,40.3,96,5,12.5,10.1,0.0,0.0,-1.0,0.25,4.2,9,6.08,1
hammam,2024-06-18,0.0,0,10,18.9,19.7,0.0,0.0,-1.0,0.25,0.0,10,5.02,1
hammam,2024-06-19,0.0,0,10,15.6,16.6,0.0,0.0,-1.0,0.25,0.0,10,10.52,1
hammam,2024-06-20,49.1,100,2,18.4,7.8,0.0,0.0,-1.0,0.25,3.4,10,4.55,1
hammam,2024-06-21,2.4,16,10,15.0,20.3,0.0,0.0,-1.0,0.25,0.0,10,34.32,1
hammam,2024-06-22,47.4,68,1,20.4,14.7,0.0,0.0,-1.0,0.25,14.0,8,25.4,1
hammam,2024-06-23,22.4,100,7,17.5,15.3,0.0,0.0,-1.0,0.25,19.7,6,21.23,1
hammam,2024-06-24,3.2,32,9,26.6,10.3,0.0,0.0,-1.0,0.25,0.0,10,37.6,1
hammam,2024-06-25,31.9,54,3,22.5,9.8,0.0,0.0,-1.0,0.25,9.9,8,4.71,1
hammam,2024-06-26,0.0,0,10,14.7,18.6,0.0,0.0,-1.0,0.25,0.2,10,13.95,1
hammam,2024-06-27,0.0,0,10,17.7,7.2,0.0,0.0,-1.0,0.25,0.0,10,8.94,1
hammam,2024-06-28,0.0,0,10,12.8,12.5,0.0,0.0,-1.0,0.25,0.0,10,4.83,1
hammam,2024-06-29,0.0,0,10,17.3,15.6,0.0,0.0,-1.0,0.25,0.0,10,8.03,1
hammam,2024-06-30,5.8,24,10,16.4,12.3,0.0,0.0,-1.0,0.25,0.0,10,5.0,1
hammam,2024-07-01,19.9,50,6,24.9,19.1,0.0,-0.5,-0.866,0.25,0.0,10,40.51,1
hammam,2024-07-02,24.1,52,4,20.1,22.4,0.0,-0.5,-0.866,0.25,0.0,10,7.32,1
hammam,2024-07-03,0.0,0,10,22.1,15.0,0.0,-0.5,-0.866,0.25,0.0,10,7.36,1
hammam,2024-07-04,0.0,0,10,16.8,11.9,0.0,-0.5,-0.866,0.25,0.0,10,2.23,1
hammam,2024-07-05,0.0,0,10,13.4,22.5,0.0,-0.5,-0.866,0.25,0.0,10,3.75,1
hammam,2024-07-06,0.0,0,10,24.8,19.9,0.0,-0.5,-0.866,0.25,0.0,10,7.05,1
hammam,2024-07-07,8.5,38,9,30.0,9.8,0.0,-0.5,-0.866,0.25,0.0,10,7.09,1
hammam,2024-07-08,38.1,65,2,28.7,13.0,0.0,-0.5,-0.866,0.25,0.0,10,7.21,1
hammam,2024-07-09,35.1,72,3,25.4,6.5,0.0,-0.5,-0.866,0.25,0.5,10,15.91,1
hammam,2024-07-10,1.3,7,10,17.4,11.7,0.0,-0.5,-0.866,0.25,14.8,8,30.41,1
hammam,2024-07-11,4.4,16,10,16.3,13.6,0.0,-0.5,-0.866,0.25,1.9,10,15.64,1
hammam,2024-07-12,0.0,0,10,16.7,14.4,0.0,-0.5,-0.866,0.25,0.0,10,6.61,1
hammam,2024-07-13,0.0,0,10,21.3,13.0,0.0,-0.5,-0.866,0.25,0.0,10,10.57,1
hammam,2024-07-14,21.8,34,4,29.4,11.7,0.0,-0.5,-0.866,0.25,0.0,10,8.12,1
hammam,2024-07-15,11.6,32,8,27.2,12.2,0.0,-0.5,-0.866,0.25,0.0,10,13.72,1
hammam,2024-07-16,6.8,30,9,21.9,11.6,0.0,-0.5,-0.866,0.25,0.0,10,7.54,1
hammam,2024-07-17,0.0,0,10,18.0,14.0,0.0,-0.5,-0.866,0.25,0.0,10,3.6,1
hammam,2024-07-18,3.7,19,10,33.7,8.3,0.0,-0.5,-0.866,0.25,0.3,10,7.22,1
hammam,2024-07-19,60.3,80,0,19.6,13.0,0.0,-0.5,-0.866,0.25,0.9,10,7.44,1
hammam,2024-07-20,10.4,38,8,19.2,18.3,0.0,-0.5,-0.866,0.25,0.0,10,14.06,1
hammam,2024-07-21,1.3,13,10,19.8,13.0,0.0,-0.5,-0.866,0.25,0.3,10,2.6,1
hammam,2024-07-22,0.1,1,10,20.6,11.2,0.0,-0.5,-0.866,0.25,0.0,10,6.42,1
hammam,2024-07-23,0.2,2,10,18.2,15.0,0.0,-0.5,-0.866,0.25,0.0,10,4.37,1
hammam,2024-07-24,2.6,18,10,15.7,8.7,0.0,-0.5,-0.866,0.25,0.1,10,4.4,1
hammam,2024-07-25,0.0,0,10,18.1,16.5,0.0,-0.5,-0.866,0.25,0.0,10,5.18,1
hammam,2024-07-26,3.1,21,10,24.8,16.8,0.0,-0.5,-0.866,0.25,0.0,10,2.89,1
hammam,2024-07-27,3.9,23,10,24.8,7.5,0.0,-0.5,-0.866,0.25,0.0,10,4.39,1
hammam,2024-07-28,1.1,4,10,19.2,9.2,0.0,-0.5,-0.866,0.25,0.0,10,7.03,1
hammam,2024-07-29,1.3,7,10,21.5,25.8,0.0,-0.5,-0.866,0.25,0.0,10,10.14,1
hammam,2024-07-30,0.0,0,10,19.4,8.8,0.0,-0.5,-0.866,0.25,0.0,10,6.24,1
hammam,2024-07-31,0.0,0,10,26.7,11.0,0.0,-0.5,-0.866,0.25,0.0,10,2.87,1
hammam,2024-08-01,4.0,20,10,21.4,9.3,0.0,-0.866,-0.5,0.25,0.0,10,4.2,1
hammam,2024-08-02,22.7,38,4,19.9,12.1,0.0,-0.866,-0.5,0.25,0.0,10,4.18,1
hammam,2024-08-03,25.1,47,4,15.4,13.4,0.0,-0.866,-0.5,0.25,0.0,10,3.38,1
hammam,2024-08-04,0.2,2,10,16.8,10.1,0.0,-0.866,-0.5,0.25,0.0,10,8.13,1
hammam,2024-08-05,0.0,0,10,18.9,11.2,0.0,-0.866,-0.5,0.25,0.0,10,3.29,1
hammam,2024-08-06,0.0,0,10,19.0,6.4,0.0,-0.866,-0.5,0.25,0.0,10,2.82,1
hammam,2024-08-07,0.0,0,10,18.5,6.5,0.0,-0.866,-0.5,0.25,0.0,10,2.38,1
hammam,2024-08-08,0.0,0,10,15.6,10.9,0.0,-0.866,-0.5,0.25,0.0,10,9.78,1
hammam,2024-08-09,0.0,0,10,17.1,13.0,0.0,-0.866,-0.5,0.25,0.0,10,15.94,1
hammam,2024-08-10,0.0,0,10,21.1,12.4,0.0,-0.866,-0.5,0.25,0.0,10,7.98,1
hammam,2024-08-11,0.5,5,10,15.5,10.0,0.0,-0.866,-0.5,0.25,0.0,10,4.96,1
hammam,2024-08-12,7.3,37,9,18.1,18.5,0.0,-0.866,-0.5,0.25,0.0,10,5.49,1
hammam,2024-08-13,1.6,6,10,24.8,11.2,0.0,-0.866,-0.5,0.25,0.0,10,4.45,1
hammam,2024-08-14,17.1,45,6,21.5,7.7,0.0,-0.866,-0.5,0.25,0.0,10,10.15,1
hammam,2024-08-15,0.4,2,10,16.6,12.3,0.0,-0.866,-0.5,0.25,0.0,10,2.79,1
hammam,2024-08-16,2.1,20,10,23.0,16.2,0.0,-0.866,-0.5,0.25,0.1,10,7.41,1
hammam,2024-08-17,4.7,22,10,26.5,12.8,0.0,-0.866,-0.5,0.25,0.0,10,9.81,1
hammam,2024-08-18,28.8,44,3,27.4,7.8,0.0,-0.866,-0.5,0.25,0.4,10,13.95,1
hammam,2024-08-19,8.0,38,9,25.9,7.4,0.0,-0.866,-0.5,0.25,0.0,10,5.09,1
hammam,2024-08-20,0.0,0,10,16.5,16.4,0.0,-0.866,-0.5,0.25,0.0,10,4.59,1
hammam,2024-08-21,10.6,35,7,20.0,14.1,0.0,-0.866,-0.5,0.25,0.0,10,3.69,1
hammam,2024-08-22,0.4,3,10,19.6,10.1,0.0,-0.866,-0.5,0.25,0.0,10,6.36,1
hammam,2024-08-23,0.0,0,10,25.4,6.6,0.0,-0.866,-0.5,0.25,0.0,10,3.92,1
hammam,2024-08-24,1.5,8,10,17.4,10.5,0.0,-0.866,-0.5,0.25,0.1,10,13.5,1
hammam,2024-08-25,0.0,0,10,29.7,15.0,0.0,-0.866,-0.5,0.25,0.0,10,18.46,1
hammam,2024-08-26,0.7,7,10,26.1,11.2,0.0,-0.866,-0.5,0.25,0.0,10,2.87,1
hammam,2024-08-27,3.6,25,9,21.3,10.4,0.0,-0.866,-0.5,0.25,7.8,9,22.93,1
hammam,2024-08-28,0.0,0,10,23.1,15.9,0.0,-0.866,-0.5,0.25,0.0,10,4.55,1
hammam,2024-08-29,12.9,35,8,24.1,15.8,0.0,-0.866,-0.5,0.25,0.0,10,8.66,1
hammam,2024-08-30,0.0,0,10,27.4,16.0,0.0,-0.866,-0.5,0.25,0.0,10,6.58,1
hammam,2024-08-31,0.0,0,10,32.9,4.6,0.0,-0.866,-0.5,0.25,0.0,10,10.1,1
hammam,2024-09-01,0.0,0,10,30.4,9.7,0.0,-1.0,-0.0,0.25,0.0,10,5.08,1
hammam,2024-09-02,0.0,0,10,27.1,13.1,0.0,-1.0,-0.0,0.25,0.0,10,6.14,1
hammam,2024-09-03,0.0,0,10,26.2,12.8,0.0,-1.0,-0.0,0.25,0.0,10,5.42,1
hammam,2024-09-04,0.0,0,10,32.9,7.9,0.0,-1.0,-0.0,0.25,0.0,10,10.87,1
hammam,2024-09-05,32.2,47,2,35.0,4.9,0.0,-1.0,-0.0,0.25,0.0,10,5.23,1
hammam,2024-09-06,0.0,0,10,33.5,5.6,0.0,-1.0,-0.0,0.25,0.1,10,3.21,1
hammam,2024-09-07,0.0,0,10,27.1,4.8,0.0,-1.0,-0.0,0.25,0.5,10,4.93,1
hammam,2024-09-08,43.8,76,2,32.0,5.0,0.0,-1.0,-0.0,0.25,10.6,7,6.74,1
hammam,2024-09-09,15.7,45,6,25.5,4.6,0.0,-1.0,-0.0,0.25,7.0,9,25.81,1
hammam,2024-09-10,0.1,1,10,21.5,16.6,0.0,-1.0,-0.0,0.25,0.0,10,18.85,1
hammam,2024-09-11,0.7,6,10,22.0,17.4,0.0,-1.0,-0.0,0.25,0.1,10,7.96,1
hammam,2024-09-12,32.0,54,2,27.5,10.0,0.0,-1.0,-0.0,0.25,0.0,10,4.62,1
hammam,2024-09-13,2.4,13,10,34.4,5.2,0.0,-1.0,-0.0,0.25,0.0,10,4.82,1
hammam,2024-09-14,0.1,1,10,33.9,5.8,0.0,-1.0,-0.0,0.25,0.0,10,7.58,1
hammam,2024-09-15,0.3,3,10,27.5,9.4,0.0,-1.0,-0.0,0.25,0.0,10,10.02,1
hammam,2024-09-16,3.7,20,10,37.3,11.7,0.0,-1.0,-0.0,0.25,0.0,10,8.14,1
hammam,2024-09-17,9.4,41,9,38.7,12.2,0.0,-1.0,-0.0,0.25,0.0,10,7.7,1
hammam,2024-09-18,80.7,100,1,38.0,8.4,0.0,-1.0,-0.0,0.25,69.0,3,24.25,0
hammam,2024-09-19,64.8,100,3,37.5,3.6,0.0,-1.0,-0.0,0.25,27.3,5,64.65,0
hammam,2024-09-20,74.9,100,2,51.5,7.9,0.0,-1.0,-0.0,0.25,49.5,4,61.78,0
hammam,2024-09-21,63.8,84,0,40.2,15.5,0.0,-1.0,-0.0,0.25,44.9,2,63.99,0
hammam,2024-09-22,96.9,100,0,38.0,8.9,0.0,-1.0,-0.0,0.25,83.6,1,61.34,0
hammam,2024-09-23,14.0,100,9,36.1,10.5,0.0,-1.0,-0.0,0.25,0.4,10,43.01,1
hammam,2024-09-24,11.0,92,9,33.1,8.0,0.0,-1.0,-0.0,0.25,1.7,10,9.36,1
hammam,2024-09-25,0.0,0,10,33.1,6.9,0.0,-1.0,-0.0,0.25,0.0,10,3.38,1
hammam,2024-09-26,0.0,0,10,33.0,5.2,0.0,-1.0,-0.0,0.25,0.0,10,6.13,1
hammam,2024-09-27,13.7,73,8,27.7,9.6,0.0,-1.0,-0.0,0.25,0.0,10,3.56,1
hammam,2024-09-28,4.8,30,9,23.7,16.4,0.0,-1.0,-0.0,0.25,0.0,10,1.55,1
hammam,2024-09-29,0.0,0,10,17.7,9.5,0.0,-1.0,-0.0,0.25,0.0,10,2.67,1
hammam,2024-09-30,0.0,0,10,30.2,3.4,0.0,-1.0,-0.0,0.25,0.0,10,2.56,1
hammam,2024-10-01,27.7,72,6,33.4,11.1,0.0,-0.866,0.5,0.25,12.4,7,23.44,1
hammam,2024-10-02,5.4,41,9,37.0,9.7,0.0,-0.866,0.5,0.25,0.1,10,28.74,1
hammam,2024-10-03,0.0,0,10,38.5,4.6,0.0,-0.866,0.5,0.25,0.0,10,1.7,1
hammam,2024-10-04,0.0,0,10,34.8,4.2,0.0,-0.866,0.5,0.25,0.0,10,4.03,1
hammam,2024-10-05,0.0,0,10,31.9,4.7,0.0,-0.866,0.5,0.25,0.0,10,3.57,1
hammam,2024-10-06,31.4,88,5,31.7,5.4,0.0,-0.866,0.5,0.25,8.6,9,7.87,1
hammam,2024-10-07,0.0,0,10,33.4,4.3,0.0,-0.866,0.5,0.25,0.0,10,6.63,1
hammam,2024-10-08,52.9,72,1,30.2,4.3,0.0,-0.866,0.5,0.25,4.1,9,13.44,1
hammam,2024-10-09,0.0,0,10,28.3,4.3,0.0,-0.866,0.5,0.25,0.0,10,6.51,1
hammam,2024-10-10,30.2,67,5,32.5,4.5,0.0,-0.866,0.5,0.25,50.8,5,3.61,0
hammam,2024-10-11,86.5,100,0,27.9,6.6,0.0,-0.866,0.5,0.25,82.6,0,51.04,0
hammam,2024-10-12,34.8,69,2,37.6,5.4,0.0,-0.866,0.5,0.25,25.2,7,79.29,1
hammam,2024-10-13,0.0,0,10,38.0,4.3,0.0,-0.866,0.5,0.25,14.3,7,11.4,1
hammam,2024-10-14,32.3,100,6,35.2,4.6,0.0,-0.866,0.5,0.25,36.7,4,23.36,0
hammam,2024-10-15,10.3,56,8,46.3,3.8,0.0,-0.866,0.5,0.25,1.7,10,3.19,1
hammam,2024-10-16,85.4,100,0,43.8,6.4,0.1,-0.866,0.5,0.25,52.1,2,38.73,0
hammam,2024-10-17,65.5,100,2,37.4,11.2,0.0,-0.866,0.5,0.25,57.5,1,79.92,0
hammam,2024-10-18,59.6,100,3,27.0,13.0,0.0,-0.866,0.5,0.25,48.9,4,73.83,0
hammam,2024-10-19,11.4,45,7,27.9,10.9,0.0,-0.866,0.5,0.25,0.0,10,23.19,1
hammam,2024-10-20,74.9,100,2,25.8,7.4,0.0,-0.866,0.5,0.25,38.9,5,2.81,0
hammam,2024-10-21,5.0,38,9,44.0,3.8,0.0,-0.866,0.5,0.25,0.0,10,12.57,1
hammam,2024-10-22,40.3,99,4,44.4,13.4,0.0,-0.866,0.5,0.25,20.0,8,65.02,1
hammam,2024-10-23,0.0,0,10,35.2,15.0,0.0,-0.866,0.5,0.25,0.3,10,36.99,1
hammam,2024-10-24,0.0,0,10,37.2,6.8,0.0,-0.866,0.5,0.25,0.0,10,5.31,1
hammam,2024-10-25,45.2,98,4,42.3,4.0,0.0,-0.866,0.5,0.25,26.8,7,1.22,1
hammam,2024-10-26,3.0,28,9,35.6,4.8,0.0,-0.866,0.5,0.25,0.0,10,2.12,1
hammam,2024-10-27,0.0,0,10,36.3,5.5,0.0,-0.866,0.5,0.25,0.0,10,1.68,1
hammam,2024-10-28,18.4,95,7,35.4,4.6,0.0,-0.866,0.5,0.25,0.5,10,2.2,1
hammam,2024-10-29,87.5,100,0,40.8,3.9,0.0,-0.866,0.5,0.25,99.1,0,8.85,0
hammam,2024-10-30,88.9,100,0,37.0,3.6,0.0,-0.866,0.5,0.25,33.2,6,20.23,1
hammam,2024-10-31,32.7,72,4,44.6,5.6,0.0,-0.866,0.5,0.25,5.3,9,25.02,1
hammam,2024-11-01,80.6,100,0,56.2,2.9,0.0,-0.5,0.866,0.25,29.2,6,48.39,1
hammam,2024-11-02,99.7,100,0,85.5,8.0,8.4,-0.5,0.866,0.25,88.1,1,65.81,0
hammam,2024-11-03,86.3,98,0,91.2,4.8,1.1,-0.5,0.866,0.25,32.2,4,71.31,0
hammam,2024-11-04,47.4,74,3,93.9,2.9,0.0,-0.5,0.866,0.25,20.1,9,64.13,1
hammam,2024-11-05,41.1,69,2,87.1,3.4,0.0,-0.5,0.866,0.25,0.2,10,42.73,1
hammam,2024-11-06,0.0,0,10,68.7,5.4,0.0,-0.5,0.866,0.25,0.1,10,4.96,1
hammam,2024-11-07,0.0,0,10,63.4,5.6,0.0,-0.5,0.866,0.25,0.0,10,1.69,1
hammam,2024-11-08,3.5,35,9,59.5,5.0,0.0,-0.5,0.866,0.25,10.5,9,0.94,1
hammam,2024-11-09,45.0,100,4,62.1,5.4,0.0,-0.5,0.866,0.25,44.4,5,13.53,0
hammam,2024-11-10,82.2,100,0,56.9,5.1,0.3,-0.5,0.866,0.25,62.6,2,32.76,0
hammam,2024-11-11,71.4,94,0,84.9,13.5,0.0,-0.5,0.866,0.25,54.7,2,87.93,0
hammam,2024-11-12,24.9,100,7,78.7,4.3,0.0,-0.5,0.866,0.25,49.6,5,36.01,0
hammam,2024-11-13,24.8,89,6,72.9,5.7,0.0,-0.5,0.866,0.25,41.0,6,2.67,1
hammam,2024-11-14,64.5,98,2,61.8,2.4,0.0,-0.5,0.866,0.25,49.5,5,17.12,0
hammam,2024-11-15,5.1,51,9,68.2,2.3,0.0,-0.5,0.866,0.25,0.1,10,17.27,1
hammam,2024-11-16,67.2,100,0,73.7,3.5,0.0,-0.5,0.866,0.25,24.1,6,36.19,1
hammam,2024-11-17,52.2,82,3,72.2,4.3,0.0,-0.5,0.866,0.25,37.5,5,61.66,0
hammam,2024-11-18,46.9,86,2,68.2,3.3,0.0,-0.5,0.866,0.25,18.2,7,61.11,1
hammam,2024-11-19,78.2,100,0,73.3,4.4,0.0,-0.5,0.866,0.25,42.2,5,60.39,0
hammam,2024-11-20,0.0,0,10,75.7,5.6,0.0,-0.5,0.866,0.25,3.9,10,41.16,1
hammam,2024-11-21,14.4,54,7,72.5,3.8,0.0,-0.5,0.866,0.25,2.1,10,27.02,1
hammam,2024-11-22,0.0,0,10,70.1,4.3,0.0,-0.5,0.866,0.25,0.0,10,16.23,1
hammam,2024-11-23,1.5,15,10,70.1,2.9,0.0,-0.5,0.866,0.25,10.3,8,5.15,1
hammam,2024-11-24,88.2,100,0,64.9,17.2,0.8,-0.5,0.866,0.25,76.1,1,49.32,0
hammam,2024-11-25,0.0,0,10,58.4,4.0,0.0,-0.5,0.866,0.25,0.0,10,65.27,1
hammam,2024-11-26,71.2,100,0,82.9,6.6,2.0,-0.5,0.866,0.25,82.9,0,65.04,0
hammam,2024-11-27,11.7,100,9,70.8,6.2,0.0,-0.5,0.866,0.25,0.6,10,73.87,1
hammam,2024-11-28,0.0,0,10,82.9,3.1,0.0,-0.5,0.866,0.25,6.8,9,25.8,1
hammam,2024-11-29,0.6,5,10,80.6,3.9,0.0,-0.5,0.866,0.25,0.0,10,6.01,1
hammam,2024-11-30,0.0,0,10,76.2,4.5,0.0,-0.5,0.866,0.25,0.0,10,1.35,1
hammam,2024-12-01,0.0,0,10,68.6,6.0,0.0,-0.0,1.0,0.25,0.0,10,8.58,1
hammam,2024-12-02,0.0,0,10,68.6,4.4,0.0,-0.0,1.0,0.25,0.0,10,1.42,1
hammam,2024-12-03,1.4,14,10,78.4,3.1,0.0,-0.0,1.0,0.25,0.0,10,2.35,1
hammam,2024-12-04,33.0,97,5,73.4,4.3,0.0,-0.0,1.0,0.25,1.3,10,1.32,1
hammam,2024-12-05,35.0,79,4,66.0,4.4,0.0,-0.0,1.0,0.25,1.1,10,54.84,1
hammam,2024-12-06,66.1,100,2,74.1,4.6,0.0,-0.0,1.0,0.25,64.8,2,14.53,0
hammam,2024-12-07,100.0,100,0,73.2,4.3,0.0,-0.0,1.0,0.25,100.0,0,72.46,0
hammam,2024-12-08,66.8,99,0,69.6,6.9,0.4,-0.0,1.0,0.25,92.5,0,98.04,0
hammam,2024-12-09,0.0,0,10,67.2,5.4,0.0,-0.0,1.0,0.25,3.9,9,16.31,1
hammam,2024-12-10,6.3,47,9,67.6,4.7,0.0,-0.0,1.0,0.25,2.5,10,3.23,1
hammam,2024-12-11,94.1,100,0,58.7,2.5,0.0,-0.0,1.0,0.25,99.6,0,61.74,0
hammam,2024-12-12,95.1,100,0,67.6,4.4,1.9,-0.0,1.0,0.25,83.5,0,93.59,0
hammam,2024-12-13,6.6,38,8,57.2,8.0,0.0,-0.0,1.0,0.25,0.0,10,43.31,1
hammam,2024-12-14,0.8,8,10,36.5,10.2,0.0,-0.0,1.0,0.25,0.0,10,3.34,1
hammam,2024-12-15,47.3,100,5,50.4,4.4,0.0,-0.0,1.0,0.25,60.5,4,41.65,0
hammam,2024-12-16,99.6,100,0,52.1,4.1,0.0,-0.0,1.0,0.25,100.0,0,81.4,0
hammam,2024-12-17,0.0,0,10,69.6,4.0,0.0,-0.0,1.0,0.25,0.0,10,39.82,1
hammam,2024-12-18,0.0,0,10,69.9,3.3,0.0,-0.0,1.0,0.25,0.0,10,1.22,1
hammam,2024-12-19,81.8,100,1,76.9,4.9,0.0,-0.0,1.0,0.25,42.7,2,6.71,0
hammam,2024-12-20,96.2,100,0,86.3,8.2,3.0,-0.0,1.0,0.25,91.5,0,88.73,0
hammam,2024-12-21,14.9,70,8,79.8,4.0,0.0,-0.0,1.0,0.25,0.0,10,35.85,1
hammam,2024-12-22,88.9,96,0,83.5,4.1,0.0,-0.0,1.0,0.25,96.4,0,43.42,0
hammam,2024-12-23,99.0,100,0,80.5,3.3,0.0,-0.0,1.0,0.25,99.0,0,79.07,0
hammam,2024-12-24,10.6,46,8,87.8,4.1,0.0,-0.0,1.0,0.25,0.1,10,61.16,1
hammam,2024-12-25,19.4,58,7,90.2,4.6,0.0,-0.0,1.0,0.25,0.0,10,0.91,1
hammam,2024-12-26,97.8,100,0,59.8,7.7,1.2,-0.0,1.0,0.25,99.3,0,26.9,0
hammam,2024-12-27,66.9,100,1,78.5,21.5,0.1,-0.0,1.0,0.25,11.1,8,96.94,1
hammam,2024-12-28,70.9,94,1,76.3,3.6,0.0,-0.0,1.0,0.25,51.5,4,61.87,0
hammam,2024-12-29,19.0,81,7,80.2,3.3,0.0,-0.0,1.0,0.25,8.4,9,44.22,1
hammam,2024-12-30,99.9,100,0,80.4,4.8,0.0,-0.0,1.0,0.25,97.9,0,94.25,0
hammam,2024-12-31,0.1,1,10,73.2,5.2,0.0,-0.0,1.0,0.25,7.4,9,76.48,1
hammam,2025-01-01,0.0,0,10,52.0,8.2,0.0,0.5,0.866,0.25,0.0,10,1.98,1
hammam,2025-01-02,0.0,0,10,49.4,6.3,0.0,0.5,0.866,0.25,0.0,10,1.99,1
hammam,2025-01-03,0.2,2,10,58.7,3.7,0.0,0.5,0.866,0.25,0.0,10,1.67,1
hammam,2025-01-04,82.3,100,0,59.1,2.9,0.0,0.5,0.866,0.25,77.9,1,30.32,0
hammam,2025-01-05,95.7,100,0,67.9,5.8,1.1,0.5,0.866,0.25,100.0,0,74.75,0
hammam,2025-01-06,10.3,42,8,68.2,6.2,0.0,0.5,0.866,0.25,0.1,10,63.22,1
hammam,2025-01-07,0.0,0,10,67.0,5.7,0.0,0.5,0.866,0.25,0.0,10,1.33,1
hammam,2025-01-08,0.0,0,10,63.0,5.5,0.0,0.5,0.866,0.25,0.0,10,1.29,1
hammam,2025-01-09,0.0,0,10,64.6,4.7,0.0,0.5,0.866,0.25,0.0,10,0.55,1
hammam,2025-01-10,0.0,0,10,57.7,2.9,0.0,0.5,0.866,0.25,0.0,10,1.63,1
hammam,2025-01-11,98.4,100,0,89.1,6.5,0.3,0.5,0.866,0.25,100.0,0,72.76,0
hammam,2025-01-12,4.2,22,10,91.6,3.1,0.0,0.5,0.866,0.25,0.0,10,63.7,1
hammam,2025-01-13,3.2,9,10,87.9,4.5,0.0,0.5,0.866,0.25,0.8,10,4.16,1
hammam,2025-01-14,98.7,100,0,79.8,3.9,0.0,0.5,0.866,0.25,72.3,2,34.79,0
hammam,2025-01-15,1.2,7,10,77.9,3.3,0.0,0.5,0.866,0.25,1.1,10,15.09,1
hammam,2025-01-16,5.8,18,10,85.4,3.3,0.0,0.5,0.866,0.25,0.0,10,12.52,1
hammam,2025-01-17,0.0,0,10,82.7,3.8,0.0,0.5,0.866,0.25,0.0,10,3.28,1
hammam,2025-01-18,44.3,100,4,68.4,3.8,0.0,0.5,0.866,0.25,21.0,6,27.03,1
hammam,2025-01-19,89.7,100,0,69.0,5.6,0.0,0.5,0.866,0.25,97.1,0,45.72,0
hammam,2025-01-20,22.3,78,6,72.5,10.5,0.0,0.5,0.866,0.25,0.1,10,68.44,1
hammam,2025-01-21,0.0,0,10,75.4,4.6,0.0,0.5,0.866,0.25,0.0,10,2.54,1
hammam,2025-01-22,100.0,100,0,60.2,3.3,0.0,0.5,0.866,0.25,96.5,0,39.93,0
hammam,2025-01-23,91.9,100,0,70.4,5.4,0.0,0.5,0.866,0.25,65.2,2,90.6,0
hammam,2025-01-24,50.7,74,1,61.1,7.5,0.0,0.5,0.866,0.25,0.4,10,60.61,1
hammam,2025-01-25,33.8,70,4,66.8,4.4,0.0,0.5,0.866,0.25,1.4,10,34.01,1
hammam,2025-01-26,17.4,95,8,53.6,5.8,0.0,0.5,0.866,0.25,8.1,8,32.03,1
hammam,2025-01-27,5.2,18,10,56.6,6.6,0.0,0.5,0.866,0.25,4.0,10,3.29,1
hammam,2025-01-28,0.0,0,10,58.5,4.8,0.0,0.5,0.866,0.25,0.0,10,1.68,1
hammam,2025-01-29,0.0,0,10,45.3,5.2,0.0,0.5,0.866,0.25,0.0,10,2.28,1
hammam,2025-01-30,0.2,2,10,53.4,4.5,0.0,0.5,0.866,0.25,4.8,9,0.54,1
hammam,2025-01-31,21.0,100,8,58.9,3.9,0.0,0.5,0.866,0.25,0.0,10,34.4,1
hammam,2025-02-01,0.0,0,10,51.2,4.1,0.0,0.866,0.5,0.25,0.0,10,6.71,1
hammam,2025-02-02,0.9,9,10,47.4,4.9,0.0,0.866,0.5,0.25,7.8,9,1.25,1
hammam,2025-02-03,0.0,0,10,49.7,2.6,0.0,0.866,0.5,0.25,26.4,7,1.48,1
hammam,2025-02-04,27.7,100,6,50.2,8.7,0.0,0.866,0.5,0.25,34.4,7,22.79,1
hammam,2025-02-05,96.6,100,0,61.5,23.9,1.8,0.866,0.5,0.25,65.5,1,88.54,0
hammam,2025-02-06,97.9,100,0,88.2,10.1,0.9,0.866,0.5,0.25,75.1,1,99.08,0
hammam,2025-02-07,92.3,100,0,84.2,7.6,1.9,0.866,0.5,0.25,60.5,1,94.48,0
hammam,2025-02-08,18.5,66,7,64.8,7.2,0.0,0.866,0.5,0.25,26.7,6,89.64,1
hammam,2025-02-09,3.5,25,9,69.0,5.4,0.0,0.866,0.5,0.25,0.0,10,5.25,1
hammam,2025-02-10,2.5,24,10,64.3,4.7,0.0,0.866,0.5,0.25,11.5,7,10.86,1
hammam,2025-02-11,47.8,93,3,63.6,5.7,0.0,0.866,0.5,0.25,49.2,4,39.82,0
hammam,2025-02-12,52.1,99,3,67.8,5.4,0.0,0.866,0.5,0.25,39.1,4,12.94,0
hammam,2025-02-13,80.2,100,0,70.3,20.2,2.9,0.866,0.5,0.25,61.9,3,58.09,0
hammam,2025-02-14,0.9,9,10,76.5,3.8,0.0,0.866,0.5,0.25,3.3,9,66.56,1
hammam,2025-02-15,19.1,87,8,69.4,4.9,0.0,0.866,0.5,0.25,7.3,9,8.96,1
hammam,2025-02-16,99.3,100,0,64.0,5.1,0.0,0.866,0.5,0.25,98.8,0,59.69,0
hammam,2025-02-17,31.5,100,6,60.0,2.9,0.0,0.866,0.5,0.25,22.0,7,24.98,1
hammam,2025-02-18,79.2,100,0,60.6,3.4,0.0,0.866,0.5,0.25,46.8,5,29.2,0
hammam,2025-02-19,100.0,100,0,60.2,13.4,1.3,0.866,0.5,0.25,99.9,0,90.12,0
hammam,2025-02-20,86.3,100,0,88.7,14.8,7.9,0.866,0.5,0.25,52.6,2,99.86,0
hammam,2025-02-21,78.1,100,0,54.3,8.5,0.0,0.866,0.5,0.25,59.6,2,89.08,0
hammam,2025-02-22,82.6,100,1,52.6,7.2,0.0,0.866,0.5,0.25,98.8,0,52.39,0
hammam,2025-02-23,18.0,47,5,48.7,13.9,0.0,0.866,0.5,0.25,13.0,7,68.7,1
hammam,2025-02-24,1.5,15,10,42.3,7.2,0.0,0.866,0.5,0.25,0.0,10,25.88,1
hammam,2025-02-25,76.6,100,2,51.9,3.0,0.0,0.866,0.5,0.25,98.6,0,25.22,0
hammam,2025-02-26,2.2,22,10,61.2,3.1,0.0,0.866,0.5,0.25,0.0,10,26.12,1
hammam,2025-02-27,0.5,3,10,56.9,4.6,0.0,0.866,0.5,0.25,0.0,10,11.56,1
hammam,2025-02-28,72.4,84,0,54.4,4.1,0.0,0.866,0.5,0.25,56.2,2,30.53,0
hammam,2025-03-01,11.6,49,8,53.6,8.5,0.0,1.0,0.0,0.25,6.9,9,60.74,1
hammam,2025-03-02,0.1,1,10,54.5,4.7,0.0,1.0,0.0,0.25,25.8,7,4.01,1
hammam,2025-03-03,99.9,100,0,39.4,7.6,0.0,1.0,0.0,0.25,100.0,0,80.64,0
hammam,2025-03-04,96.2,100,0,38.7,5.4,0.0,1.0,0.0,0.25,100.0,0,93.49,0
hammam,2025-03-05,80.8,100,1,54.1,6.1,0.0,1.0,0.0,0.25,98.7,0,94.74,0
hammam,2025-03-06,0.0,0,10,46.3,4.8,0.0,1.0,0.0,0.25,0.0,10,26.78,1
hammam,2025-03-07,100.0,100,0,63.8,16.8,2.3,1.0,0.0,0.25,94.5,0,61.81,0
hammam,2025-03-08,46.7,97,3,88.3,4.7,0.0,1.0,0.0,0.25,53.7,3,90.31,0
hammam,2025-03-09,70.6,94,0,73.7,5.1,0.0,1.0,0.0,0.25,69.3,1,85.86,0
hammam,2025-03-10,82.9,100,0,87.7,5.2,0.4,1.0,0.0,0.25,41.7,4,96.9,0
hammam,2025-03-11,0.0,0,10,85.2,7.3,0.0,1.0,0.0,0.25,0.0,10,64.88,1
hammam,2025-03-12,0.0,0,10,64.9,5.0,0.0,1.0,0.0,0.25,0.0,10,4.61,1
hammam,2025-03-13,14.0,87,8,48.7,5.0,0.0,1.0,0.0,0.25,25.0,7,5.25,1
hammam,2025-03-14,95.9,100,0,44.8,4.9,0.0,1.0,0.0,0.25,100.0,0,28.13,0
hammam,2025-03-15,2.5,25,9,45.9,6.1,0.0,1.0,0.0,0.25,0.0,10,39.65,1
hammam,2025-03-16,9.0,35,8,41.1,4.6,0.0,1.0,0.0,0.25,4.3,10,2.82,1
hammam,2025-03-17,83.5,100,0,38.0,3.4,0.0,1.0,0.0,0.25,88.4,1,28.59,0
hammam,2025-03-18,98.8,100,0,44.8,12.6,0.0,1.0,0.0,0.25,91.0,0,78.13,0
hammam,2025-03-19,25.2,100,6,45.5,11.5,0.0,1.0,0.0,0.25,0.0,10,64.7,1
hammam,2025-03-20,48.4,81,1,44.1,13.2,0.0,1.0,0.0,0.25,56.0,2,30.76,0
hammam,2025-03-21,44.9,73,1,36.1,13.8,0.0,1.0,0.0,0.25,26.8,5,66.53,0
hammam,2025-03-22,5.9,29,9,45.6,11.0,0.0,1.0,0.0,0.25,0.2,10,49.76,1
hammam,2025-03-23,1.1,11,10,34.8,8.7,0.0,1.0,0.0,0.25,0.1,10,10.11,1
hammam,2025-03-24,0.0,0,10,40.2,5.9,0.0,1.0,0.0,0.25,0.0,10,8.05,1
hammam,2025-03-25,35.6,98,5,35.1,5.6,0.0,1.0,0.0,0.25,51.4,3,7.63,0
hammam,2025-03-26,33.7,100,7,35.3,3.7,0.0,1.0,0.0,0.25,28.8,6,82.84,1
hammam,2025-03-27,84.5,100,0,42.8,4.7,0.0,1.0,0.0,0.25,64.7,4,45.25,0
hammam,2025-03-28,59.7,100,4,41.1,4.7,0.0,1.0,0.0,0.25,14.1,9,35.76,1
hammam,2025-03-29,69.8,100,0,35.3,10.1,0.0,1.0,0.0,0.25,34.4,5,48.91,0
hammam,2025-03-30,98.7,100,0,55.2,29.9,3.7,1.0,0.0,0.25,91.5,0,90.72,0
hammam,2025-03-31,31.3,93,6,74.6,4.8,0.0,1.0,0.0,0.25,58.5,4,65.02,0
hammam,2025-04-01,98.2,100,0,47.0,7.2,0.0,0.866,-0.5,0.25,94.4,0,45.37,0
hammam,2025-04-02,53.0,100,3,54.5,19.9,0.0,0.866,-0.5,0.25,40.4,5,64.53,0
hammam,2025-04-03,2.9,20,10,40.4,12.9,0.0,0.866,-0.5,0.25,0.0,10,58.51,1
hammam,2025-04-04,40.5,95,3,37.5,15.7,0.0,0.866,-0.5,0.25,12.8,9,4.56,1
hammam,2025-04-05,57.7,81,0,86.9,11.2,0.0,0.866,-0.5,0.25,1.2,10,72.8,1
hammam,2025-04-06,7.0,53,9,45.5,9.7,0.0,0.866,-0.5,0.25,28.9,7,8.09,1
hammam,2025-04-07,67.7,100,2,38.0,8.0,0.0,0.866,-0.5,0.25,78.9,0,34.56,0
hammam,2025-04-08,86.5,100,0,53.1,24.2,0.3,0.866,-0.5,0.25,96.0,0,94.56,0
hammam,2025-04-09,77.0,100,2,57.3,12.4,0.0,0.866,-0.5,0.25,91.8,0,98.0,0
hammam,2025-04-10,27.3,70,5,29.8,19.5,0.0,0.866,-0.5,0.25,1.4,10,68.75,1
hammam,2025-04-11,93.0,100,0,33.5,3.6,0.0,0.866,-0.5,0.25,88.5,1,50.46,0
hammam,2025-04-12,62.7,94,0,49.7,17.1,0.0,0.866,-0.5,0.25,19.5,6,75.65,1
hammam,2025-04-13,80.4,100,1,42.2,14.8,2.4,0.866,-0.5,0.25,89.1,0,87.63,0
hammam,2025-04-14,88.2,100,0,74.5,25.0,2.1,0.866,-0.5,0.25,57.8,1,98.77,0
hammam,2025-04-15,64.8,100,1,80.5,5.1,0.0,0.866,-0.5,0.25,66.8,2,91.8,0
hammam,2025-04-16,49.0,100,2,72.5,5.5,0.0,0.866,-0.5,0.25,8.4,9,61.23,1
hammam,2025-04-17,5.7,24,10,63.5,5.8,0.0,0.866,-0.5,0.25,1.9,10,16.08,1
hammam,2025-04-18,2.4,13,10,50.7,4.8,0.0,0.866,-0.5,0.25,0.0,10,1.3,1
hammam,2025-04-19,0.0,0,10,49.5,3.2,0.0,0.866,-0.5,0.25,0.0,10,1.87,1
hammam,2025-04-20,97.1,100,0,36.5,7.7,0.0,0.866,-0.5,0.25,67.3,2,35.11,0
hammam,2025-04-21,82.5,100,0,33.0,8.5,0.0,0.866,-0.5,0.25,49.1,4,78.06,0
hammam,2025-04-22,44.6,64,1,31.2,10.5,0.0,0.866,-0.5,0.25,21.9,7,50.21,1
hammam,2025-04-23,98.5,100,0,27.8,15.3,0.0,0.866,-0.5,0.25,100.0,0,64.45,0
hammam,2025-04-24,82.5,100,0,28.6,9.7,0.0,0.866,-0.5,0.25,58.8,2,92.99,0
hammam,2025-04-25,77.1,100,2,37.0,14.0,0.0,0.866,-0.5,0.25,92.4,0,77.07,0
hammam,2025-04-26,35.7,60,2,71.6,23.2,0.3,0.866,-0.5,0.25,14.6,7,85.64,1
hammam,2025-04-27,62.2,100,3,39.9,5.5,0.0,0.866,-0.5,0.25,89.2,0,45.5,0
hammam,2025-04-28,17.4,100,8,33.9,4.1,0.0,0.866,-0.5,0.25,12.0,8,58.69,1
hammam,2025-04-29,33.9,100,5,30.3,10.2,0.0,0.866,-0.5,0.25,22.5,6,17.68,1
hammam,2025-04-30,17.5,100,7,30.7,9.1,0.0,0.866,-0.5,0.25,0.0,10,44.63,1
hammam,2025-05-01,98.6,100,0,47.4,30.0,1.0,0.5,-0.866,0.25,87.6,0,47.79,0
hammam,2025-05-02,90.4,100,0,46.3,22.1,0.0,0.5,-0.866,0.25,51.7,3,89.02,0
hammam,2025-05-03,39.0,57,0,32.2,19.1,0.0,0.5,-0.866,0.25,2.9,10,62.43,1
hammam,2025-05-04,77.8,100,0,65.6,19.5,0.2,0.5,-0.866,0.25,43.6,4,61.43,0
hammam,2025-05-05,56.7,96,1,58.0,14.3,0.1,0.5,-0.866,0.25,44.3,4,50.55,0
hammam,2025-05-06,4.6,31,9,51.7,7.6,0.0,0.5,-0.866,0.25,2.0,10,53.7,1
hammam,2025-05-07,0.8,7,10,26.5,8.4,0.0,0.5,-0.866,0.25,0.0,10,3.59,1
hammam,2025-05-08,23.4,92,7,34.5,8.4,0.0,0.5,-0.866,0.25,69.0,3,26.21,0
hammam,2025-05-09,20.7,70,7,27.1,7.4,0.0,0.5,-0.866,0.25,34.7,5,27.62,0
hammam,2025-05-10,70.0,100,2,26.8,6.6,0.0,0.5,-0.866,0.25,66.1,3,23.57,0
hammam,2025-05-11,100.0,100,0,24.8,18.1,0.0,0.5,-0.866,0.25,95.1,0,52.51,0
hammam,2025-05-12,71.9,100,2,31.0,18.9,0.0,0.5,-0.866,0.25,68.3,3,82.3,0
hammam,2025-05-13,61.5,100,2,33.2,21.2,0.1,0.5,-0.866,0.25,44.8,3,86.58,0
hammam,2025-05-14,75.0,100,0,41.9,12.2,0.0,0.5,-0.866,0.25,51.9,3,75.43,0
hammam,2025-05-15,5.0,29,9,54.2,12.1,0.0,0.5,-0.866,0.25,9.8,9,48.04,1
hammam,2025-05-16,0.7,6,10,29.7,6.6,0.0,0.5,-0.866,0.25,0.2,10,2.86,1
hammam,2025-05-17,0.0,0,10,23.8,11.1,0.0,0.5,-0.866,0.25,17.6,8,17.68,1
hammam,2025-05-18,54.8,100,2,19.2,16.3,0.0,0.5,-0.866,0.25,39.0,4,30.94,0
hammam,2025-05-19,0.0,0,10,18.9,14.8,0.0,0.5,-0.866,0.25,0.0,10,8.42,1
hammam,2025-05-20,34.5,100,5,22.0,8.5,0.0,0.5,-0.866,0.25,1.4,10,6.64,1
hammam,2025-05-21,0.0,0,10,22.6,8.0,0.0,0.5,-0.866,0.25,0.3,10,20.49,1
hammam,2025-05-22,0.1,1,10,18.5,6.6,0.0,0.5,-0.866,0.25,0.0,10,13.18,1
hammam,2025-05-23,53.3,100,3,17.0,18.6,0.0,0.5,-0.866,0.25,31.9,6,46.65,1
hammam,2025-05-24,0.0,0,10,18.0,17.3,0.0,0.5,-0.866,0.25,0.0,10,21.0,1
hammam,2025-05-25,9.2,38,8,17.4,12.6,0.0,0.5,-0.866,0.25,3.1,10,11.28,1
hammam,2025-05-26,100.0,100,0,20.3,8.3,0.0,0.5,-0.866,0.25,88.9,0,53.28,0
hammam,2025-05-27,61.1,86,0,17.4,7.0,0.0,0.5,-0.866,0.25,15.1,7,56.48,1
hammam,2025-05-28,8.6,45,8,21.7,17.0,0.0,0.5,-0.866,0.25,0.0,10,38.66,1
hammam,2025-05-29,20.8,64,6,28.0,13.7,0.0,0.5,-0.866,0.25,8.1,8,7.67,1
hammam,2025-05-30,0.0,0,10,22.2,11.4,0.0,0.5,-0.866,0.25,0.0,10,16.52,1
hammam,2025-05-31,0.0,0,10,19.6,9.4,0.0,0.5,-0.866,0.25,0.0,10,3.78,1
hammam,2025-06-01,0.0,0,10,15.6,21.2,0.0,0.0,-1.0,0.25,0.0,10,3.15,1
hammam,2025-06-02,0.0,0,10,25.5,15.0,0.0,0.0,-1.0,0.25,0.0,10,3.69,1
hammam,2025-06-03,46.7,66,1,23.9,12.9,0.0,0.0,-1.0,0.25,0.2,10,3.52,1
hammam,2025-06-04,24.2,100,7,31.7,10.5,0.0,0.0,-1.0,0.25,21.7,8,46.55,1
hammam,2025-06-05,33.4,55,2,22.3,9.4,0.0,0.0,-1.0,0.25,0.2,10,5.28,1
hammam,2025-06-06,41.5,75,4,21.4,15.1,0.0,0.0,-1.0,0.25,0.4,10,6.68,1
hammam,2025-06-07,0.3,3,10,20.6,12.8,0.0,0.0,-1.0,0.25,0.0,10,15.91,1
hammam,2025-06-08,56.1,100,2,17.0,10.1,0.0,0.0,-1.0,0.25,19.0,8,7.29,1
hammam,2025-06-09,1.9,15,10,18.6,15.4,0.0,0.0,-1.0,0.25,3.0,9,17.19,1
hammam,2025-06-10,23.0,52,5,18.3,10.2,0.0,0.0,-1.0,0.25,0.0,10,7.91,1
hammam,2025-06-11,12.7,61,7,18.2,19.9,0.0,0.0,-1.0,0.25,20.9,6,22.36,1
hammam,2025-06-12,22.8,58,6,14.8,6.0,0.0,0.0,-1.0,0.25,0.4,10,26.43,1
hammam,2025-06-13,1.6,15,10,13.4,17.7,0.0,0.0,-1.0,0.25,0.0,10,30.7,1
hammam,2025-06-14,0.1,1,10,19.6,17.4,0.0,0.0,-1.0,0.25,0.0,10,5.7,1
hammam,2025-06-15,8.9,37,8,16.9,15.3,0.0,0.0,-1.0,0.25,0.0,10,5.05,1
hammam,2025-06-16,0.0,0,10,11.5,19.8,0.0,0.0,-1.0,0.25,0.0,10,1.79,1
hammam,2025-06-17,0.0,0,10,16.2,19.1,0.0,0.0,-1.0,0.25,0.0,10,1.95,1
hammam,2025-06-18,0.0,0,10,16.6,10.8,0.0,0.0,-1.0,0.25,0.0,10,1.29,1
hammam,2025-06-19,0.0,0,10,17.8,13.1,0.0,0.0,-1.0,0.25,0.0,10,5.76,1
hammam,2025-06-20,0.0,0,10,15.6,12.5,0.0,0.0,-1.0,0.25,0.0,10,5.5,1
hammam,2025-06-21,0.0,0,10,13.6,15.5,0.0,0.0,-1.0,0.25,0.0,10,1.33,1
hammam,2025-06-22,0.0,0,10,13.6,17.7,0.0,0.0,-1.0,0.25,0.0,10,0.37,1
hammam,2025-06-23,0.0,0,10,13.3,25.6,0.0,0.0,-1.0,0.25,0.0,10,1.66,1
hammam,2025-06-24,0.0,0,10,11.4,13.8,0.0,0.0,-1.0,0.25,0.0,10,5.37,1
hammam,2025-06-25,0.0,0,10,12.7,19.0,0.0,0.0,-1.0,0.25,0.0,10,6.74,1
hammam,2025-06-26,0.0,0,10,15.2,13.7,0.0,0.0,-1.0,0.25,0.0,10,1.82,1
hammam,2025-06-27,7.8,34,9,13.0,17.3,0.0,0.0,-1.0,0.25,0.0,10,1.84,1
hammam,2025-06-28,22.4,42,5,11.1,16.9,0.0,0.0,-1.0,0.25,0.1,10,15.35,1
hammam,2025-06-29,43.3,74,1,11.0,18.6,0.0,0.0,-1.0,0.25,4.7,9,21.01,1
hammam,2025-06-30,0.0,0,10,17.2,27.3,0.0,0.0,-1.0,0.25,0.0,10,26.88,1
hammam,2025-07-01,0.0,0,10,17.8,4.1,0.0,-0.5,-0.866,0.25,0.0,10,11.47,1
hammam,2025-07-02,4.0,20,10,15.7,19.4,0.0,-0.5,-0.866,0.25,0.0,10,7.83,1
hammam,2025-07-03,0.0,0,10,10.8,19.8,0.0,-0.5,-0.866,0.25,0.0,10,6.09,1
hammam,2025-07-04,0.0,0,10,16.2,16.8,0.0,-0.5,-0.866,0.25,0.0,10,2.94,1
hammam,2025-07-05,0.0,0,10,19.6,14.0,0.0,-0.5,-0.866,0.25,0.0,10,9.86,1
hammam,2025-07-06,8.0,47,8,21.0,24.8,0.0,-0.5,-0.866,0.25,0.0,10,5.96,1
hammam,2025-07-07,0.1,1,10,20.3,30.7,0.0,-0.5,-0.866,0.25,0.0,10,5.82,1
hammam,2025-07-08,26.2,44,4,18.0,15.1,0.0,-0.5,-0.866,0.25,0.0,10,4.86,1
hammam,2025-07-09,1.8,8,10,21.1,15.8,0.0,-0.5,-0.866,0.25,1.8,10,21.22,1
hammam,2025-07-10,2.9,17,10,18.6,13.1,0.0,-0.5,-0.866,0.25,0.5,10,13.07,1
hammam,2025-07-11,4.1,17,10,14.9,11.0,0.0,-0.5,-0.866,0.25,1.7,10,21.68,1
hammam,2025-07-12,28.9,59,4,15.6,15.1,0.0,-0.5,-0.866,0.25,14.1,8,26.27,1
hammam,2025-07-13,22.4,44,4,16.5,17.6,0.0,-0.5,-0.866,0.25,21.8,7,21.61,1
hammam,2025-07-14,37.6,66,2,16.7,10.7,0.0,-0.5,-0.866,0.25,12.7,8,14.15,1
hammam,2025-07-15,34.9,75,3,13.3,13.6,0.0,-0.5,-0.866,0.25,12.8,7,46.16,1
hammam,2025-07-16,0.0,0,10,21.4,15.8,0.0,-0.5,-0.866,0.25,0.3,10,8.15,1
hammam,2025-07-17,17.8,90,8,25.4,11.3,0.0,-0.5,-0.866,0.25,0.3,10,8.38,1
hammam,2025-07-18,4.5,20,10,20.3,14.3,0.0,-0.5,-0.866,0.25,0.0,10,2.25,1
hammam,2025-07-19,16.9,44,6,20.0,16.2,0.0,-0.5,-0.866,0.25,0.0,10,4.6,1
hammam,2025-07-20,0.0,0,10,25.5,11.2,0.0,-0.5,-0.866,0.25,0.0,10,5.14,1
hammam,2025-07-21,0.2,2,10,24.9,13.9,0.0,-0.5,-0.866,0.25,0.0,10,6.5,1
hammam,2025-07-22,0.0,0,10,17.2,8.5,0.0,-0.5,-0.866,0.25,0.0,10,4.89,1
hammam,2025-07-23,2.5,17,10,11.9,17.7,0.0,-0.5,-0.866,0.25,0.0,10,1.52,1
hammam,2025-07-24,1.3,8,10,14.8,11.5,0.0,-0.5,-0.866,0.25,0.0,10,6.32,1
hammam,2025-07-25,50.5,94,2,16.8,7.3,0.0,-0.5,-0.866,0.25,34.8,5,19.37,0
hammam,2025-07-26,61.2,100,2,15.1,10.9,0.0,-0.5,-0.866,0.25,62.7,3,52.76,0
hammam,2025-07-27,78.6,100,0,13.8,26.8,0.0,-0.5,-0.866,0.25,60.2,1,47.02,0
hammam,2025-07-28,43.8,69,2,16.6,5.3,0.0,-0.5,-0.866,0.25,24.0,6,36.17,1
hammam,2025-07-29,31.5,60,3,17.9,13.7,0.0,-0.5,-0.866,0.25,17.9,8,54.73,1
hammam,2025-07-30,28.9,70,5,18.2,6.8,0.0,-0.5,-0.866,0.25,0.0,10,29.35,1
hammam,2025-07-31,14.0,40,6,20.3,17.9,0.0,-0.5,-0.866,0.25,9.2,9,10.18,1
hammam,2025-08-01,0.0,0,10,25.4,16.0,0.0,-0.866,-0.5,0.25,0.0,10,15.56,1
hammam,2025-08-02,0.9,9,10,22.1,22.4,0.0,-0.866,-0.5,0.25,0.0,10,5.75,1
hammam,2025-08-03,0.0,0,10,16.0,20.5,0.0,-0.866,-0.5,0.25,0.0,10,1.82,1
hammam,2025-08-04,0.0,0,10,16.4,22.5,0.0,-0.866,-0.5,0.25,0.0,10,3.96,1
hammam,2025-08-05,34.0,73,5,17.3,19.3,0.0,-0.866,-0.5,0.25,33.5,4,22.93,0
hammam,2025-08-06,22.6,41,5,18.3,12.7,0.0,-0.866,-0.5,0.25,0.0,10,36.9,1
hammam,2025-08-07,0.0,0,10,26.9,14.1,0.0,-0.866,-0.5,0.25,0.0,10,11.81,1
hammam,2025-08-08,0.0,0,10,18.6,15.3,0.0,-0.866,-0.5,0.25,0.0,10,1.98,1
hammam,2025-08-09,0.0,0,10,15.6,13.4,0.0,-0.866,-0.5,0.25,0.0,10,1.91,1
hammam,2025-08-10,0.0,0,10,15.8,22.1,0.0,-0.866,-0.5,0.25,0.0,10,4.6,1
hammam,2025-08-11,0.0,0,10,21.4,8.4,0.0,-0.866,-0.5,0.25,0.0,10,6.62,1
hammam,2025-08-12,0.0,0,10,11.9,13.1,0.0,-0.866,-0.5,0.25,0.0,10,5.78,1
hammam,2025-08-13,0.0,0,10,17.5,10.5,0.0,-0.866,-0.5,0.25,0.0,10,1.92,1
hammam,2025-08-14,0.0,0,10,14.2,15.0,0.0,-0.866,-0.5,0.25,0.0,10,3.07,1
hammam,2025-08-15,0.0,0,10,8.4,12.5,0.0,-0.866,-0.5,0.25,0.0,10,5.57,1
hammam,2025-08-16,0.0,0,10,10.5,16.9,0.0,-0.866,-0.5,0.25,0.0,10,8.72,1
hammam,2025-08-17,0.0,0,10,22.8,16.6,0.0,-0.866,-0.5,0.25,0.0,10,5.87,1
hammam,2025-08-18,0.0,0,10,21.9,9.5,0.0,-0.866,-0.5,0.25,0.0,10,1.97,1
hammam,2025-08-19,0.1,1,10,22.3,18.5,0.0,-0.866,-0.5,0.25,0.0,10,3.48,1
hammam,2025-08-20,0.0,0,10,33.5,9.4,0.0,-0.866,-0.5,0.25,0.0,10,4.12,1
hammam,2025-08-21,0.0,0,10,35.2,8.6,0.0,-0.866,-0.5,0.25,0.0,10,6.61,1
hammam,2025-08-22,0.0,0,10,12.9,12.7,0.0,-0.866,-0.5,0.25,0.0,10,4.91,1
hammam,2025-08-23,0.1,1,10,13.8,8.7,0.0,-0.866,-0.5,0.25,0.0,10,3.87,1
hammam,2025-08-24,0.0,0,10,16.4,16.2,0.0,-0.866,-0.5,0.25,0.0,10,1.48,1
hammam,2025-08-25,0.0,0,10,26.1,13.5,0.0,-0.866,-0.5,0.25,0.0,10,0.87,1
hammam,2025-08-26,0.0,0,10,25.2,14.9,0.0,-0.866,-0.5,0.25,0.0,10,5.01,1
hammam,2025-08-27,0.0,0,10,30.5,10.2,0.0,-0.866,-0.5,0.25,0.0,10,10.46,1
hammam,2025-08-28,0.0,0,10,29.9,10.2,0.0,-0.866,-0.5,0.25,0.0,10,7.2,1
hammam,2025-08-29,0.0,0,10,23.5,19.1,0.0,-0.866,-0.5,0.25,0.0,10,2.46,1
hammam,2025-08-30,2.0,13,10,21.9,21.0,0.0,-0.866,-0.5,0.25,0.0,10,2.63,1
hammam,2025-08-31,0.0,0,10,28.5,15.0,0.0,-0.866,-0.5,0.25,0.0,10,5.99,1
hammam,2025-09-01,0.8,3,10,33.1,11.6,0.0,-1.0,-0.0,0.25,0.0,10,12.45,1
hammam,2025-09-02,14.5,32,8,32.3,10.3,0.0,-1.0,-0.0,0.25,0.0,10,5.66,1
hammam,2025-09-03,1.1,6,10,37.7,11.7,0.0,-1.0,-0.0,0.25,0.0,10,4.52,1
hammam,2025-09-04,0.0,0,10,30.2,10.1,0.0,-1.0,-0.0,0.25,0.0,10,7.39,1
hammam,2025-09-05,25.8,42,4,22.6,10.5,0.0,-1.0,-0.0,0.25,0.0,10,3.67,1
hammam,2025-09-06,0.0,0,10,22.4,11.7,0.0,-1.0,-0.0,0.25,0.0,10,8.58,1
hammam,2025-09-07,4.8,23,10,23.4,8.7,0.0,-1.0,-0.0,0.25,0.0,10,6.47,1
hammam,2025-09-08,7.0,33,9,21.6,15.5,0.0,-1.0,-0.0,0.25,0.0,10,2.01,1
hammam,2025-09-09,0.0,0,10,25.4,10.5,0.0,-1.0,-0.0,0.25,0.0,10,1.83,1
hammam,2025-09-10,0.0,0,10,22.6,9.7,0.0,-1.0,-0.0,0.25,0.0,10,2.66,1
hammam,2025-09-11,0.0,0,10,20.3,13.5,0.0,-1.0,-0.0,0.25,0.0,10,2.79,1
hammam,2025-09-12,0.0,0,10,29.4,4.1,0.0,-1.0,-0.0,0.25,0.0,10,9.71,1
hammam,2025-09-13,0.0,0,10,25.3,5.9,0.0,-1.0,-0.0,0.25,0.0,10,5.63,1
hammam,2025-09-14,0.0,0,10,28.7,7.2,0.0,-1.0,-0.0,0.25,0.0,10,2.48,1
hammam,2025-09-15,0.0,0,10,22.9,6.9,0.0,-1.0,-0.0,0.25,0.0,10,3.72,1
hammam,2025-09-16,6.1,31,9,27.4,11.9,0.0,-1.0,-0.0,0.25,0.0,10,4.06,1
hammam,2025-09-17,0.0,0,10,31.3,4.3,0.0,-1.0,-0.0,0.25,0.0,10,9.81,1
hammam,2025-09-18,10.3,41,8,26.8,12.8,0.0,-1.0,-0.0,0.25,0.0,10,4.13,1
hammam,2025-09-19,0.0,0,10,20.0,14.6,0.0,-1.0,-0.0,0.25,0.0,10,14.81,1
hammam,2025-09-20,0.0,0,10,31.4,3.1,0.0,-1.0,-0.0,0.25,0.0,10,8.27,1
hammam,2025-09-21,0.0,0,10,21.4,8.0,0.0,-1.0,-0.0,0.25,0.0,10,5.64,1
hammam,2025-09-22,0.0,0,10,23.2,14.8,0.0,-1.0,-0.0,0.25,0.0,10,9.0,1
hammam,2025-09-23,0.0,0,10,25.6,4.7,0.0,-1.0,-0.0,0.25,0.0,10,10.83,1
hammam,2025-09-24,0.0,0,10,26.6,4.6,0.0,-1.0,-0.0,0.25,0.0,10,3.17,1
hammam,2025-09-25,78.6,100,0,25.4,5.6,0.0,-1.0,-0.0,0.25,23.9,5,13.54,0
hammam,2025-09-26,2.6,10,10,22.8,6.9,0.0,-1.0,-0.0,0.25,0.0,10,30.43,1
hammam,2025-09-27,1.4,14,10,22.6,7.2,0.0,-1.0,-0.0,0.25,0.3,10,8.48,1
hammam,2025-09-28,0.0,0,10,39.7,4.0,0.0,-1.0,-0.0,0.25,0.0,10,8.11,1
hammam,2025-09-29,0.0,0,10,32.8,4.9,0.0,-1.0,-0.0,0.25,0.0,10,7.59,1
hammam,2025-09-30,2.1,20,10,41.5,13.5,0.0,-1.0,-0.0,0.25,0.0,10,3.22,1
hammam,2025-10-01,0.0,0,10,45.6,4.5,0.0,-0.866,0.5,0.25,0.0,10,5.63,1
hammam,2025-10-02,0.0,0,10,35.3,10.4,0.0,-0.866,0.5,0.25,0.0,10,2.23,1
hammam,2025-10-03,0.0,0,10,29.0,9.0,0.0,-0.866,0.5,0.25,0.0,10,6.91,1
hammam,2025-10-04,0.0,0,10,23.9,6.6,0.0,-0.866,0.5,0.25,0.0,10,4.51,1
hammam,2025-10-05,0.0,0,10,21.2,15.2,0.0,-0.866,0.5,0.25,0.0,10,3.51,1
hammam,2025-10-06,0.0,0,10,28.5,11.8,0.0,-0.866,0.5,0.25,0.0,10,2.58,1
hammam,2025-10-07,0.0,0,10,31.3,3.6,0.0,-0.866,0.5,0.25,0.0,10,5.25,1
hammam,2025-10-08,0.0,0,10,30.3,12.0,0.0,-0.866,0.5,0.25,0.0,10,3.34,1
hammam,2025-10-09,21.8,64,6,35.8,18.7,0.0,-0.866,0.5,0.25,1.5,10,8.62,1
hammam,2025-10-10,0.0,0,10,28.7,8.7,0.0,-0.866,0.5,0.25,0.0,10,5.05,1
hammam,2025-10-11,0.0,0,10,40.8,3.7,0.0,-0.866,0.5,0.25,0.0,10,1.38,1
hammam,2025-10-12,70.2,100,0,32.8,8.0,0.1,-0.866,0.5,0.25,9.6,9,19.27,1
hammam,2025-10-13,8.0,31,8,54.1,5.1,0.0,-0.866,0.5,0.25,0.0,10,17.86,1
hammam,2025-10-14,0.0,0,10,42.2,4.6,0.0,-0.866,0.5,0.25,0.0,10,4.74,1
hammam,2025-10-15,0.0,0,10,37.7,4.0,0.0,-0.866,0.5,0.25,0.0,10,2.7,1
hammam,2025-10-16,0.0,0,10,39.2,3.9,0.0,-0.866,0.5,0.25,0.0,10,2.45,1
hammam,2025-10-17,0.0,0,10,36.0,4.8,0.0,-0.866,0.5,0.25,0.0,10,1.4,1
hammam,2025-10-18,3.9,20,10,36.2,4.7,0.0,-0.866,0.5,0.25,1.7,10,11.59,1
hammam,2025-10-19,0.0,0,10,32.7,10.3,0.0,-0.866,0.5,0.25,5.5,10,6.27,1
hammam,2025-10-20,27.6,52,4,56.3,6.3,0.0,-0.866,0.5,0.25,27.8,6,18.0,1
hammam,2025-10-21,70.2,100,2,59.3,11.3,0.0,-0.866,0.5,0.25,43.2,3,68.78,0
hammam,2025-10-22,3.9,17,10,56.9,8.6,0.0,-0.866,0.5,0.25,5.5,9,37.42,1
hammam,2025-10-23,59.1,100,4,47.4,4.7,0.0,-0.866,0.5,0.25,10.2,9,6.16,1
hammam,2025-10-24,67.4,100,0,31.7,5.5,0.0,-0.866,0.5,0.25,54.7,2,56.06,0
hammam,2025-10-25,30.9,100,6,33.3,9.1,0.0,-0.866,0.5,0.25,18.4,7,23.38,1
hammam,2025-10-26,32.7,80,5,51.2,4.9,0.0,-0.866,0.5,0.25,47.8,5,33.09,0
hammam,2025-10-27,0.2,1,10,56.7,4.0,0.0,-0.866,0.5,0.25,0.2,10,8.52,1
hammam,2025-10-28,0.0,0,10,52.5,3.8,0.0,-0.866,0.5,0.25,0.0,10,4.3,1
hammam,2025-10-29,0.0,0,10,48.2,5.8,0.0,-0.866,0.5,0.25,0.0,10,24.07,1
hammam,2025-10-30,0.0,0,10,39.4,5.5,0.0,-0.866,0.5,0.25,0.0,10,3.72,1
hammam,2025-10-31,0.0,0,10,40.3,4.8,0.0,-0.866,0.5,0.25,0.0,10,2.01,1
hammam,2025-11-01,14.3,67,8,38.2,4.0,0.0,-0.5,0.866,0.25,3.7,10,1.79,1
hammam,2025-11-02,0.0,0,10,37.6,4.3,0.0,-0.5,0.866,0.25,1.8,10,1.7,1
hammam,2025-11-03,79.2,100,1,35.5,6.0,0.0,-0.5,0.866,0.25,6.5,8,6.6,1
hammam,2025-11-04,22.8,98,7,43.3,3.9,0.0,-0.5,0.866,0.25,0.3,10,8.82,1
hammam,2025-11-05,3.7,14,10,45.8,4.5,0.0,-0.5,0.866,0.25,0.3,10,3.6,1
hammam,2025-11-06,10.4,39,8,49.9,4.0,0.0,-0.5,0.866,0.25,5.2,9,2.01,1
hammam,2025-11-07,0.0,0,10,52.1,4.2,0.0,-0.5,0.866,0.25,0.0,10,3.46,1
hammam,2025-11-08,0.0,0,10,51.5,5.6,0.0,-0.5,0.866,0.25,0.0,10,8.66,1
hammam,2025-11-09,48.6,99,4,39.3,6.3,0.0,-0.5,0.866,0.25,16.3,6,2.23,1
hammam,2025-11-10,0.0,0,10,40.4,5.7,0.0,-0.5,0.866,0.25,2.0,10,2.0,1
hammam,2025-11-11,68.8,100,1,53.3,3.0,0.0,-0.5,0.866,0.25,20.0,6,26.45,1
hammam,2025-11-12,44.2,100,3,50.4,3.4,0.0,-0.5,0.866,0.25,53.3,5,35.34,0
hammam,2025-11-13,17.4,90,8,48.4,3.6,0.0,-0.5,0.866,0.25,0.2,10,52.28,1
hammam,2025-11-14,90.9,100,0,46.7,22.8,3.1,-0.5,0.866,0.25,94.5,0,42.45,0
hammam,2025-11-15,92.4,100,0,88.8,17.2,11.3,-0.5,0.866,0.25,62.5,4,90.22,0
hammam,2025-11-16,45.7,100,3,91.6,13.7,1.8,-0.5,0.866,0.25,36.2,4,97.6,0
hammam,2025-11-17,19.3,61,7,80.1,5.2,0.0,-0.5,0.866,0.25,0.9,10,9.39,1
hammam,2025-11-18,27.2,86,6,72.5,6.6,0.0,-0.5,0.866,0.25,33.4,6,1.84,1
hammam,2025-11-19,0.0,0,10,75.6,4.9,0.0,-0.5,0.866,0.25,0.0,10,2.15,1
hammam,2025-11-20,0.0,0,10,74.4,5.0,0.0,-0.5,0.866,0.25,1.0,10,2.31,1
hammam,2025-11-21,0.0,0,10,70.5,4.7,0.0,-0.5,0.866,0.25,0.4,10,2.64,1
hammam,2025-11-22,0.0,0,10,70.3,4.1,0.0,-0.5,0.866,0.25,0.1,10,3.12,1
hammam,2025-11-23,0.0,0,10,70.2,3.4,0.0,-0.5,0.866,0.25,0.0,10,1.38,1
hammam,2025-11-24,39.4,100,5,68.7,4.0,0.0,-0.5,0.866,0.25,54.3,4,1.44,0
hammam,2025-11-25,97.2,100,0,74.0,3.4,0.0,-0.5,0.866,0.25,89.2,1,59.52,0
hammam,2025-11-26,5.1,34,9,71.7,5.2,0.0,-0.5,0.866,0.25,0.0,10,63.94,1
hammam,2025-11-27,2.3,12,10,69.6,5.4,0.0,-0.5,0.866,0.25,0.1,10,0.66,1
hammam,2025-11-28,72.6,100,2,69.9,4.3,0.0,-0.5,0.866,0.25,54.0,4,3.4,0
hammam,2025-11-29,75.8,100,0,71.8,4.0,0.0,-0.5,0.866,0.25,3.3,10,56.3,1
hammam,2025-11-30,69.9,81,0,57.1,6.6,0.0,-0.5,0.866,0.25,38.3,0,34.04,0
hammam,2025-12-01,0.0,0,10,69.8,7.0,0.0,-0.0,1.0,0.25,0.0,10,30.32,1
hammam,2025-12-02,17.4,42,6,82.3,4.0,0.0,-0.0,1.0,0.25,0.0,10,4.78,1
hammam,2025-12-03,1.3,13,10,69.7,5.0,0.0,-0.0,1.0,0.25,0.4,10,11.35,1
hammam,2025-12-04,90.0,100,0,61.5,4.8,0.0,-0.0,1.0,0.25,83.0,1,48.66,0
hammam,2025-12-05,62.6,93,0,69.4,4.7,0.0,-0.0,1.0,0.25,29.7,7,52.54,1
hammam,2025-12-06,100.0,100,0,43.3,12.4,0.0,-0.0,1.0,0.25,100.0,0,93.18,0
hammam,2025-12-07,97.7,100,0,88.5,14.9,8.3,-0.0,1.0,0.25,91.2,1,99.93,0
hammam,2025-12-08,99.3,100,0,89.8,14.4,4.2,-0.0,1.0,0.25,87.4,0,99.38,0
hammam,2025-12-09,99.7,100,0,89.9,7.4,1.2,-0.0,1.0,0.25,91.2,0,93.12,0
hammam,2025-12-10,71.1,100,0,87.5,4.7,0.0,-0.0,1.0,0.25,48.7,2,78.02,0
hammam,2025-12-11,98.4,100,0,84.8,3.1,0.0,-0.0,1.0,0.25,98.2,0,75.12,0
hammam,2025-12-12,97.4,100,0,90.7,13.8,1.8,-0.0,1.0,0.25,94.2,0,99.1,0
hammam,2025-12-13,57.6,98,1,91.9,3.1,0.0,-0.0,1.0,0.25,37.9,6,87.19,1
hammam,2025-12-14,30.4,69,4,94.0,3.3,0.0,-0.0,1.0,0.25,70.4,3,44.98,0
hammam,2025-12-15,79.1,100,1,92.0,2.9,0.0,-0.0,1.0,0.25,79.3,1,39.26,0
hammam,2025-12-16,99.8,100,0,83.2,10.3,0.3,-0.0,1.0,0.25,99.7,0,91.37,0
hammam,2025-12-17,6.1,31,9,75.4,6.0,0.0,-0.0,1.0,0.25,1.3,10,60.37,1
hammam,2025-12-18,0.0,0,10,73.8,7.9,0.0,-0.0,1.0,0.25,0.2,10,2.15,1
hammam,2025-12-19,1.3,9,10,79.4,4.6,0.0,-0.0,1.0,0.25,9.8,8,2.8,1
hammam,2025-12-20,0.0,0,10,81.9,4.0,0.0,-0.0,1.0,0.25,0.0,10,23.03,1
hammam,2025-12-21,86.2,100,0,69.7,3.3,0.0,-0.0,1.0,0.25,97.8,0,59.49,0
hammam,2025-12-22,85.0,100,1,71.4,3.8,0.0,-0.0,1.0,0.25,89.8,1,57.51,0
hammam,2025-12-23,70.6,100,2,74.5,4.3,0.0,-0.0,1.0,0.25,76.6,1,92.32,0
hammam,2025-12-24,0.0,0,10,86.2,3.7,0.0,-0.0,1.0,0.25,0.0,10,18.65,1
hammam,2025-12-25,49.9,100,5,83.3,4.1,0.0,-0.0,1.0,0.25,17.9,8,25.74,1
hammam,2025-12-26,100.0,100,0,80.3,4.9,0.0,-0.0,1.0,0.25,99.9,0,65.45,0
hammam,2025-12-27,100.0,100,0,89.0,27.2,8.3,-0.0,1.0,0.25,98.1,0,99.93,0
hammam,2025-12-28,2.9,29,9,72.9,4.4,0.0,-0.0,1.0,0.25,0.0,10,66.43,1
hammam,2025-12-29,17.8,77,7,81.9,24.1,0.1,-0.0,1.0,0.25,15.1,8,63.87,1
hammam,2025-12-30,47.7,100,5,86.5,3.9,0.0,-0.0,1.0,0.25,75.2,2,31.95,0
hammam,2025-12-31,99.6,100,0,69.5,17.9,3.0,-0.0,1.0,0.25,78.4,0,90.34,0
hammam,2026-01-01,100.0,100,0,88.8,11.7,5.2,0.5,0.866,0.25,100.0,0,99.87,0
hammam,2026-01-02,19.2,59,6,72.7,7.8,0.0,0.5,0.866,0.25,0.5,10,78.12,1
hammam,2026-01-03,0.4,2,10,81.3,3.6,0.0,0.5,0.866,0.25,0.8,10,10.83,1
hammam,2026-01-04,1.3,13,10,74.5,6.3,0.0,0.5,0.866,0.25,25.9,8,2.4,1
hammam,2026-01-05,56.5,100,4,83.8,4.6,0.0,0.5,0.866,0.25,55.4,4,10.82,0
hammam,2026-01-06,51.5,100,3,84.9,4.1,0.0,0.5,0.866,0.25,59.1,4,46.09,0
hammam,2026-01-07,0.1,1,10,82.4,4.0,0.0,0.5,0.866,0.25,13.7,8,20.9,1
hammam,2026-01-08,51.2,100,3,71.6,4.1,0.0,0.5,0.866,0.25,75.3,1,28.6,0
hammam,2026-01-09,99.2,100,0,91.7,5.8,4.1,0.5,0.866,0.25,99.4,0,98.74,0
hammam,2026-01-10,35.6,47,0,89.0,5.4,0.0,0.5,0.866,0.25,5.4,10,81.3,1
hammam,2026-01-11,3.1,11,10,76.0,3.8,0.0,0.5,0.866,0.25,0.4,10,17.45,1
hammam,2026-01-12,78.0,100,1,72.9,15.0,0.0,0.5,0.866,0.25,51.0,5,65.08,0
hammam,2026-01-13,98.2,100,0,91.7,11.7,7.5,0.5,0.866,0.25,98.9,0,84.39,0
hammam,2026-01-14,44.8,90,4,70.5,9.6,0.0,0.5,0.866,0.25,34.9,6,91.86,1
hammam,2026-01-15,16.5,50,7,77.8,5.8,0.0,0.5,0.866,0.25,0.2,10,42.24,1
hammam,2026-01-16,77.1,100,2,80.9,3.4,0.0,0.5,0.866,0.25,58.9,2,41.63,0
hammam,2026-01-17,93.6,100,0,72.3,3.6,0.0,0.5,0.866,0.25,89.3,1,59.97,0
hammam,2026-01-18,98.8,100,0,73.6,18.6,0.7,0.5,0.866,0.25,96.1,0,99.41,0
hammam,2026-01-19,0.0,0,10,57.6,18.4,0.0,0.5,0.866,0.25,15.9,7,83.3,1
hammam,2026-01-20,11.7,34,8,71.8,3.9,0.0,0.5,0.866,0.25,0.0,10,47.15,1
hammam,2026-01-21,11.9,99,9,80.2,4.7,0.0,0.5,0.866,0.25,33.4,3,19.76,0
hammam,2026-01-22,100.0,100,0,70.6,12.9,0.9,0.5,0.866,0.25,100.0,0,97.79,0
hammam,2026-01-23,80.7,100,0,73.6,15.8,0.0,0.5,0.866,0.25,62.9,0,98.7,0
hammam,2026-01-24,45.3,100,5,70.6,8.0,0.0,0.5,0.866,0.25,54.7,4,78.13,0
hammam,2026-01-25,0.0,0,10,81.6,7.7,0.0,0.5,0.866,0.25,0.4,10,10.18,1
hammam,2026-01-26,93.7,100,0,79.8,3.6,0.0,0.5,0.866,0.25,71.9,2,27.8,0
hammam,2026-01-27,88.8,100,1,74.3,9.7,0.0,0.5,0.866,0.25,48.1,3,66.72,0
hammam,2026-01-28,97.7,100,0,89.4,10.4,1.4,0.5,0.866,0.25,84.7,0,90.64,0
hammam,2026-01-29,56.3,100,2,91.4,3.7,0.0,0.5,0.866,0.25,57.3,4,74.57,0
hammam,2026-01-30,95.2,100,0,88.1,14.1,1.4,0.5,0.866,0.25,90.3,0,91.31,0
hammam,2026-01-31,98.4,100,0,83.5,12.6,1.7,0.5,0.866,0.25,90.4,0,99.53,0
hammam,2026-02-01,92.4,100,0,76.6,12.6,0.0,0.866,0.5,0.25,99.1,0,96.65,0
hammam,2026-02-02,98.3,100,0,81.3,18.7,2.6,0.866,0.5,0.25,78.5,0,98.11,0
hammam,2026-02-03,86.3,100,1,86.9,8.1,0.0,0.866,0.5,0.25,17.8,7,89.82,1
hammam,2026-02-04,33.1,77,5,64.0,5.3,0.0,0.866,0.5,0.25,12.9,9,35.9,1
hammam,2026-02-05,67.2,100,2,73.2,3.0,0.0,0.866,0.5,0.25,80.6,1,38.83,0
hammam,2026-02-06,98.8,100,0,67.3,17.3,1.9,0.866,0.5,0.25,100.0,0,83.82,0
hammam,2026-02-07,98.4,100,0,93.1,19.2,8.1,0.866,0.5,0.25,93.4,0,99.55,0
hammam,2026-02-08,79.2,100,0,82.3,7.6,0.9,0.866,0.5,0.25,67.2,2,89.15,0
hammam,2026-02-09,85.3,100,0,85.7,5.5,0.0,0.866,0.5,0.25,67.1,2,72.27,0
hammam,2026-02-10,99.7,100,0,90.6,5.0,0.0,0.866,0.5,0.25,100.0,0,98.79,0
hammam,2026-02-11,99.9,100,0,87.5,9.3,0.4,0.866,0.5,0.25,96.4,0,87.8,0
hammam,2026-02-12,85.6,100,1,81.5,7.4,0.0,0.866,0.5,0.25,95.9,0,90.2,0
hammam,2026-02-13,83.0,100,0,64.2,14.8,0.0,0.866,0.5,0.25,99.9,0,92.26,0
hammam,2026-02-14,54.1,83,2,80.4,3.6,0.0,0.866,0.5,0.25,2.0,10,79.86,1
hammam,2026-02-15,0.0,0,10,80.3,4.1,0.0,0.866,0.5,0.25,0.0,10,10.47,1
hammam,2026-02-16,28.4,77,6,78.2,3.9,0.0,0.866,0.5,0.25,22.4,6,4.18,1
hammam,2026-02-17,90.6,100,0,61.7,15.9,0.9,0.866,0.5,0.25,81.9,2,57.52,0
hammam,2026-02-18,37.6,75,4,62.5,9.0,0.0,0.866,0.5,0.25,3.0,10,54.23,1
hammam,2026-02-19,1.7,17,10,66.3,7.1,0.0,0.866,0.5,0.25,0.0,10,21.72,1
hammam,2026-02-20,0.0,0,10,58.8,7.2,0.0,0.866,0.5,0.25,0.0,10,1.8,1
hammam,2026-02-21,0.0,0,10,59.8,2.7,0.0,0.866,0.5,0.25,0.0,10,1.19,1
hammam,2026-02-22,0.0,0,10,55.0,9.4,0.0,0.866,0.5,0.25,0.0,10,23.13,1
hammam,2026-02-23,5.4,22,10,56.2,7.4,0.0,0.866,0.5,0.25,0.4,10,3.21,1
hammam,2026-02-24,0.0,0,10,75.6,8.3,0.0,0.866,0.5,0.25,2.3,10,53.13,1
hammam,2026-02-25,39.3,63,1,62.9,9.4,0.0,0.866,0.5,0.25,4.4,10,14.49,1
hammam,2026-02-26,97.1,100,0,83.2,21.2,20.7,0.866,0.5,0.25,95.6,0,81.61,0
hammam,2026-02-27,49.2,71,2,62.4,6.0,0.0,0.866,0.5,0.25,4.6,10,80.53,1
hammam,2026-02-28,49.2,99,2,77.7,5.8,0.0,0.866,0.5,0.25,46.2,4,69.61,0
hammam,2026-03-01,61.0,100,2,66.0,5.1,0.0,1.0,0.0,0.25,19.3,6,38.6,1
hammam,2026-03-02,0.0,0,10,59.1,5.4,0.0,1.0,0.0,0.25,0.0,10,23.23,1
hammam,2026-03-03,0.0,0,10,58.8,4.3,0.0,1.0,0.0,0.25,0.3,10,3.89,1
hammam,2026-03-04,92.5,100,0,57.7,17.6,2.2,1.0,0.0,0.25,85.9,1,55.21,0
hammam,2026-03-05,11.1,34,8,70.4,4.5,0.0,1.0,0.0,0.25,0.4,10,60.82,1
hammam,2026-03-06,88.4,100,0,61.7,3.6,0.0,1.0,0.0,0.25,64.2,3,68.34,0
hammam,2026-03-07,92.7,100,0,66.2,13.2,2.2,1.0,0.0,0.25,94.9,0,78.83,0
hammam,2026-03-08,17.9,59,7,84.7,9.4,0.0,1.0,0.0,0.25,17.9,8,89.36,1
hammam,2026-03-09,63.2,85,0,77.5,9.2,0.0,1.0,0.0,0.25,1.2,10,46.28,1
hammam,2026-03-10,44.8,80,3,35.8,21.5,0.0,1.0,0.0,0.25,0.0,10,5.95,1
hammam,2026-03-11,40.0,61,1,44.9,14.0,0.0,1.0,0.0,0.25,0.6,10,38.28,1
hammam,2026-03-12,59.4,79,0,49.7,6.5,0.0,1.0,0.0,0.25,57.2,3,14.02,0
hammam,2026-03-13,48.2,99,1,60.6,9.1,0.0,1.0,0.0,0.25,36.3,4,45.19,0
hammam,2026-03-14,100.0,100,0,85.2,19.4,16.2,1.0,0.0,0.25,100.0,0,91.91,0
hammam,2026-03-15,90.3,100,0,93.3,15.5,9.3,1.0,0.0,0.25,83.1,1,98.82,0
hammam,2026-03-16,76.1,91,0,77.6,11.6,0.0,1.0,0.0,0.25,14.6,7,66.55,1
hammam,2026-03-17,7.8,33,8,81.5,4.6,0.0,1.0,0.0,0.25,4.5,10,62.4,1
hammam,2026-03-18,28.3,100,6,73.8,5.8,0.0,1.0,0.0,0.25,42.7,5,5.44,0
hammam,2026-03-19,100.0,100,0,86.3,25.6,22.9,1.0,0.0,0.25,100.0,0,95.13,0
hammam,2026-03-20,86.7,100,0,90.6,14.9,10.6,1.0,0.0,0.25,48.9,1,97.23,0
hammam,2026-03-21,97.7,100,0,87.6,20.2,4.1,1.0,0.0,0.25,95.9,0,95.25,0
hammam,2026-03-22,60.4,86,0,88.7,10.5,3.8,1.0,0.0,0.25,45.9,3,97.46,0
hammam,2026-03-23,100.0,100,0,69.2,5.0,0.0,1.0,0.0,0.25,99.6,0,64.84,0
hammam,2026-03-24,99.9,100,0,86.3,11.6,12.0,1.0,0.0,0.25,97.5,0,96.42,0
hammam,2026-03-25,94.6,100,0,92.2,13.0,0.5,1.0,0.0,0.25,93.7,0,96.32,0
hammam,2026-03-26,100.0,100,0,86.1,24.5,16.9,1.0,0.0,0.25,100.0,0,99.7,0
hammam,2026-03-27,98.0,100,0,80.6,5.0,0.1,1.0,0.0,0.25,100.0,0,99.86,0
hammam,2026-03-28,58.7,79,0,84.4,5.6,0.0,1.0,0.0,0.25,15.2,9,86.5,1
hammam,2026-03-29,98.0,100,0,86.0,13.8,7.5,1.0,0.0,0.25,83.8,1,93.29,0
hammam,2026-03-30,78.8,100,1,86.3,9.7,0.1,1.0,0.0,0.25,61.2,2,76.33,0
hammam,2026-03-31,20.7,98,7,77.8,4.5,0.0,1.0,0.0,0.25,1.9,10,59.48,1
hammam,2026-04-01,47.7,100,5,73.4,3.9,0.0,0.866,-0.5,0.25,92.3,0,14.53,0
hammam,2026-04-02,98.3,100,0,82.9,9.2,0.7,0.866,-0.5,0.25,81.1,1,89.38,0
hammam,2026-04-03,83.0,100,1,82.5,16.5,2.6,0.866,-0.5,0.25,52.8,2,82.76,0
hammam,2026-04-04,32.8,77,4,76.4,5.7,0.0,0.866,-0.5,0.25,17.6,9,33.6,1
hammam,2026-04-05,16.3,77,8,84.2,8.8,0.0,0.866,-0.5,0.25,8.7,10,50.13,1
hammam,2026-04-06,0.8,4,10,89.6,4.6,0.0,0.866,-0.5,0.25,2.7,10,39.55,1
hammam,2026-04-07,90.9,100,0,91.3,5.1,1.4,0.866,-0.5,0.25,53.7,2,69.24,0
hammam,2026-04-08,43.8,94,4,77.3,6.9,0.4,0.866,-0.5,0.25,17.7,7,55.63,1
hammam,2026-04-09,60.7,100,0,74.0,15.9,0.0,0.866,-0.5,0.25,13.1,7,73.76,1
hammam,2026-04-10,77.4,100,1,63.8,5.7,0.0,0.866,-0.5,0.25,21.6,7,60.12,1
hammam,2026-04-11,80.5,100,0,82.8,15.2,0.4,0.866,-0.5,0.25,56.2,3,82.84,0
hammam,2026-04-12,81.0,98,0,85.2,12.1,1.7,0.866,-0.5,0.25,51.4,3,81.3,0
hammam,2026-04-13,15.2,54,7,82.5,10.5,0.1,0.866,-0.5,0.25,1.6,10,64.64,1
hammam,2026-04-14,27.5,100,6,62.6,3.7,0.0,0.866,-0.5,0.25,3.1,10,11.57,1
hammam,2026-04-15,10.0,92,9,67.4,4.3,0.0,0.866,-0.5,0.25,0.3,10,24.16,1
hammam,2026-04-16,39.0,100,6,71.2,4.8,0.0,0.866,-0.5,0.25,56.9,3,54.89,0
hammam,2026-04-17,77.9,100,0,59.1,5.5,0.0,0.866,-0.5,0.25,83.1,2,37.54,0
hammam,2026-04-18,93.8,100,0,87.1,20.5,14.0,0.866,-0.5,0.25,66.6,1,99.16,0
hammam,2026-04-19,65.8,100,1,88.7,8.2,2.1,0.866,-0.5,0.25,11.3,9,63.47,1
hammam,2026-04-20,78.9,100,0,87.9,11.3,8.4,0.866,-0.5,0.25,30.3,7,75.95,1
hammam,2026-04-21,10.5,55,8,79.1,6.4,0.0,0.866,-0.5,0.25,3.8,10,55.02,1
hammam,2026-04-22,7.9,26,9,68.2,3.2,0.0,0.866,-0.5,0.25,5.3,10,15.54,1
hammam,2026-04-23,14.4,34,7,54.6,9.7,0.0,0.866,-0.5,0.25,0.3,10,10.59,1
hammam,2026-04-24,72.2,100,0,70.8,19.7,0.1,0.866,-0.5,0.25,67.7,0,36.38,0
hammam,2026-04-25,94.5,100,0,53.3,12.2,0.0,0.866,-0.5,0.25,54.3,4,80.51,0
hammam,2026-04-26,94.2,100,0,80.3,12.4,6.1,0.866,-0.5,0.25,67.3,1,66.41,0
hammam,2026-04-27,88.7,100,1,73.9,6.0,0.0,0.866,-0.5,0.25,64.9,2,62.34,0
hammam,2026-04-28,29.4,80,5,82.1,5.8,0.0,0.866,-0.5,0.25,12.4,9,91.63,1
hammam,2026-04-29,22.9,100,8,77.4,12.5,0.3,0.866,-0.5,0.25,0.6,10,72.71,1
hammam,2026-04-30,1.6,8,10,60.7,4.9,0.0,0.866,-0.5,0.25,2.1,10,5.44,1
hammam,2026-05-01,96.3,100,0,46.4,18.6,1.5,0.5,-0.866,0.25,90.9,0,25.93,0
hammam,2026-05-02,95.2,100,0,44.3,9.6,0.0,0.5,-0.866,0.25,94.4,0,75.05,0
hammam,2026-05-03,69.0,100,0,45.8,28.8,0.0,0.5,-0.866,0.25,42.2,3,88.07,0
hammam,2026-05-04,25.2,57,5,50.3,17.0,0.0,0.5,-0.866,0.25,10.3,7,34.03,1
hammam,2026-05-05,43.0,80,2,45.3,20.4,0.0,0.5,-0.866,0.25,23.5,7,8.83,1
hammam,2026-05-06,4.5,27,9,58.2,7.1,0.0,0.5,-0.866,0.25,0.0,10,31.6,1
hammam,2026-05-07,1.1,5,10,51.6,9.2,0.0,0.5,-0.866,0.25,0.7,10,7.34,1
hammam,2026-05-08,0.0,0,10,47.5,9.8,0.0,0.5,-0.866,0.25,0.0,10,3.73,1
hammam,2026-05-09,13.5,36,6,50.3,7.4,0.0,0.5,-0.866,0.25,1.3,10,7.26,1
hammam,2026-05-10,49.1,88,1,54.8,6.5,0.0,0.5,-0.866,0.25,22.5,6,14.31,1
hammam,2026-05-11,70.9,100,1,31.0,8.9,0.0,0.5,-0.866,0.25,20.7,7,54.05,1
hammam,2026-05-12,55.7,100,2,47.4,16.3,0.0,0.5,-0.866,0.25,6.0,9,53.01,1
hammam,2026-05-13,15.2,42,7,31.9,19.2,0.0,0.5,-0.866,0.25,9.9,9,12.48,1
hammam,2026-05-14,70.6,100,0,40.0,14.5,0.0,0.5,-0.866,0.25,46.5,3,49.22,0
hammam,2026-05-15,58.2,100,2,53.4,20.9,0.0,0.5,-0.866,0.25,5.0,9,59.2,1
hammam,2026-05-16,41.6,100,6,67.1,9.9,0.0,0.5,-0.866,0.25,3.9,9,36.05,1
hammam,2026-05-17,38.6,61,1,44.8,8.0,0.0,0.5,-0.866,0.25,6.1,9,11.74,1
hammam,2026-05-18,37.9,62,1,56.2,15.3,0.0,0.5,-0.866,0.25,2.1,10,40.56,1
hammam,2026-05-19,0.0,0,10,55.9,18.4,0.0,0.5,-0.866,0.25,4.7,10,32.75,1
hammam,2026-05-20,73.6,100,1,47.1,17.9,1.1,0.5,-0.866,0.25,53.6,2,52.96,0
hammam,2026-05-21,13.2,42,8,54.2,20.3,0.0,0.5,-0.866,0.25,4.1,10,43.69,1
hammam,2026-05-22,17.0,45,6,47.6,7.6,0.0,0.5,-0.866,0.25,5.9,9,24.28,1
hammam,2026-05-23,37.0,90,2,36.3,13.7,0.0,0.5,-0.866,0.25,30.8,6,15.8,1
hammam,2026-05-24,3.2,17,10,41.4,19.6,0.0,0.5,-0.866,0.25,0.0,10,42.0,1
hammam,2026-05-25,5.7,21,10,37.5,10.0,0.0,0.5,-0.866,0.25,1.5,10,8.17,1
hammam,2026-05-26,16.8,57,6,38.9,11.6,0.0,0.5,-0.866,0.25,6.2,9,9.7,1
hammam,2026-05-27,44.8,100,4,35.7,5.8,0.0,0.5,-0.866,0.25,4.5,10,5.89,1
hammam,2026-05-28,98.7,100,0,23.7,23.8,0.0,0.5,-0.866,0.25,67.8,2,42.86,0
hammam,2026-05-29,32.4,64,4,34.0,13.2,0.0,0.5,-0.866,0.25,2.0,10,62.82,1
hammam,2026-05-30,11.1,58,8,24.6,12.6,0.0,0.5,-0.866,0.25,5.1,9,21.68,1
hammam,2026-05-31,26.9,89,6,32.0,8.0,0.0,0.5,-0.866,0.25,16.8,7,5.52,1
hammam,2026-06-01,27.7,59,4,27.4,7.4,0.0,0.0,-1.0,0.25,1.5,10,3.85,1
hammam,2026-06-02,24.8,67,6,28.6,9.4,0.0,0.0,-1.0,0.25,1.5,10,4.82,1
hammam,2026-06-03,1.6,9,10,31.4,19.6,0.0,0.0,-1.0,0.25,13.5,7,28.04,1
hammam,2026-06-04,3.0,12,10,19.4,16.0,0.0,0.0,-1.0,0.25,21.8,8,14.46,1
hammam,2026-06-05,13.3,34,8,22.4,8.5,0.0,0.0,-1.0,0.25,0.0,10,3.8,1
hammam,2026-06-06,25.3,79,5,14.0,14.1,0.0,0.0,-1.0,0.25,13.3,7,7.86,1
hammam,2026-06-07,0.1,1,10,19.2,11.5,0.0,0.0,-1.0,0.25,0.0,10,18.05,1
hammam,2026-06-08,7.3,45,8,24.0,8.9,0.0,0.0,-1.0,0.25,0.0,10,1.48,1
hammam,2026-06-09,27.6,60,5,25.4,15.5,0.0,0.0,-1.0,0.25,0.4,10,9.38,1
hammam,2026-06-10,25.3,56,3,21.3,5.6,0.0,0.0,-1.0,0.25,27.1,6,16.83,1
hammam,2026-06-11,4.3,24,10,23.4,15.9,0.0,0.0,-1.0,0.25,20.5,6,11.4,1
hammam,2026-06-12,4.8,33,9,31.1,13.8,0.0,0.0,-1.0,0.25,0.0,10,14.27,1
hammam,2026-06-13,5.8,38,9,20.9,11.2,0.0,0.0,-1.0,0.25,0.0,10,7.95,1
hammam,2026-06-14,4.1,22,10,26.0,18.6,0.0,0.0,-1.0,0.25,0.8,10,9.96,1
hammam,2026-06-15,23.0,48,4,32.5,9.6,0.0,0.0,-1.0,0.25,0.3,10,3.91,1
hammam,2026-06-16,0.0,0,10,24.9,9.2,0.0,0.0,-1.0,0.25,0.5,10,4.04,1
hammam,2026-06-17,23.2,44,5,21.2,5.5,0.0,0.0,-1.0,0.25,0.0,10,2.49,1
hammam,2026-06-18,2.0,16,10,14.7,16.5,0.0,0.0,-1.0,0.25,0.0,10,2.84,1
hammam,2026-06-19,0.3,2,10,17.6,16.9,0.0,0.0,-1.0,0.25,0.0,10,5.45,1
hammam,2026-06-20,0.0,0,10,13.9,18.4,0.0,0.0,-1.0,0.25,0.0,10,4.97,1
hammam,2026-06-21,0.0,0,10,18.2,13.9,0.0,0.0,-1.0,0.25,0.0,10,2.01,1
hammam,2026-06-22,0.0,0,10,23.1,11.9,0.0,0.0,-1.0,0.25,0.0,10,11.4,1
hammam,2026-06-23,0.0,0,10,20.7,18.2,0.0,0.0,-1.0,0.25,0.0,10,12.51,1
hammam,2026-06-24,3.7,16,10,27.3,13.4,0.0,0.0,-1.0,0.25,0.1,10,9.3,1
hammam,2026-06-25,32.7,45,2,20.3,13.0,0.0,0.0,-1.0,0.25,35.5,6,5.45,1
hammam,2026-06-26,0.0,0,10,26.5,11.0,0.0,0.0,-1.0,0.25,0.0,10,12.16,1
hammam,2026-06-27,14.5,32,8,24.5,13.0,0.0,0.0,-1.0,0.25,1.9,10,17.06,1
hammam,2026-06-28,0.0,0,10,14.9,17.9,0.0,0.0,-1.0,0.25,0.0,10,9.6,1
hammam,2026-06-29,0.0,0,10,16.5,8.6,0.0,0.0,-1.0,0.25,0.0,10,10.46,1
hammam,2026-06-30,0.0,0,10,15.2,11.0,0.0,0.0,-1.0,0.25,0.0,10,,1
hammam,2026-07-01,0.0,0,10,21.3,7.7,0.0,-0.5,-0.866,0.25,0.0,10,,1
hammam,2026-07-02,0.0,0,10,17.8,10.9,0.0,-0.5,-0.866,0.25,0.0,10,,1
hammam,2026-07-03,0.1,1,10,26.5,12.2,0.0,-0.5,-0.866,0.25,0.0,10,,1
hammam,2026-07-04,30.0,58,4,24.4,10.1,0.0,-0.5,-0.866,0.25,5.1,10,,1
hammam,2026-07-05,0.0,0,10,21.0,15.6,0.0,-0.5,-0.866,0.25,0.4,10,,1
hammam,2026-07-06,0.5,3,10,18.8,16.7,0.0,-0.5,-0.866,0.25,0.7,10,,1
hammam,2026-07-07,12.5,33,8,22.7,15.4,0.0,-0.5,-0.866,0.25,0.5,10,,1
hammam,2026-07-08,6.3,27,9,23.7,13.2,0.0,-0.5,-0.866,0.25,0.0,10,,1
hammam,2026-07-09,0.0,0,10,18.5,14.3,0.0,-0.5,-0.866,0.25,0.0,10,,1
hammam,2026-07-10,0.0,0,10,16.0,13.7,0.0,-0.5,-0.866,0.25,0.0,10,,1
hammam,2026-07-11,0.0,0,10,23.9,11.0,0.0,-0.5,-0.866,0.25,0.0,10,,1
hammam,2026-07-12,0.0,0,10,20.6,9.8,0.0,-0.5,-0.866,0.25,0.0,10,,1
hammam,2026-07-13,0.0,0,10,17.6,16.3,0.0,-0.5,-0.866,0.25,0.0,10,,1
hammam,2026-07-14,0.0,0,10,20.1,15.7,0.0,-0.5,-0.866,0.25,0.0,10,,1
hammam,2026-07-15,0.1,1,10,18.9,10.3,0.0,-0.5,-0.866,0.25,0.0,10,,1
hammam,2026-07-16,0.0,0,10,17.8,8.2,0.0,-0.5,-0.866,0.25,0.0,10,,1
hammam,2026-07-17,1.1,8,10,17.9,12.7,0.0,-0.5,-0.866,0.25,0.0,10,,1
hammam,2026-07-18,1.8,11,10,16.3,12.8,0.0,-0.5,-0.866,0.25,0.0,10,,1
hammam,2026-07-19,0.0,0,10,19.9,16.3,0.0,-0.5,-0.866,0.25,0.0,10,,1
hammam,2026-07-20,0.0,0,10,20.7,10.6,0.0,-0.5,-0.866,0.25,0.0,10,,1
hammam,2026-07-21,10.5,34,9,18.4,12.3,0.0,-0.5,-0.866,0.25,0.0,10,,1
hammam,2026-07-22,14.9,36,7,16.2,14.8,0.0,-0.5,-0.866,0.25,0.0,10,,1
hammam,2026-07-23,0.6,5,10,16.1,17.1,0.0,-0.5,-0.866,0.25,0.0,10,,1
hammam,2026-07-24,0.0,0,10,16.8,13.8,0.0,-0.5,-0.866,0.25,0.0,10,,1
hammam,2026-07-25,0.0,0,10,23.9,16.1,0.0,-0.5,-0.866,0.25,0.0,10,,1
hammam,2026-07-26,0.0,0,10,24.7,19.8,0.0,-0.5,-0.866,0.25,0.0,10,,1
hammam,2026-07-27,0.0,0,10,19.1,12.7,0.0,-0.5,-0.866,0.25,0.0,10,,1
hammam,2026-07-28,0.0,0,10,15.7,9.3,0.0,-0.5,-0.866,0.25,0.0,10,,1
hammam,2026-07-29,14.4,51,7,18.1,11.9,0.0,-0.5,-0.866,0.25,0.1,10,,1
hammam,2026-07-30,0.0,0,10,14.7,13.0,0.0,-0.5,-0.866,0.25,0.0,10,,1
hammam,2026-07-31,31.5,66,5,16.3,11.7,0.0,-0.5,-0.866,0.25,6.2,10,,1
hammam,2026-08-01,47.7,73,0,13.2,21.9,0.0,-0.866,-0.5,0.25,26.9,7,,1
hammam,2026-08-02,16.8,37,7,10.5,20.1,0.0,-0.866,-0.5,0.25,0.4,10,,1
hammam,2026-08-03,0.0,0,10,9.4,20.7,0.0,-0.866,-0.5,0.25,0.0,10,,1
hammam,2026-08-04,0.0,0,10,15.2,16.0,0.0,-0.866,-0.5,0.25,0.0,10,,1
hammam,2026-08-05,0.0,0,10,17.9,16.3,0.0,-0.866,-0.5,0.25,0.0,10,,1
hammam,2026-08-06,0.0,0,10,19.1,10.3,0.0,-0.866,-0.5,0.25,0.0,10,,1
hammam,2026-08-07,0.0,0,10,21.9,11.8,0.0,-0.866,-0.5,0.25,0.0,10,,1
hammam,2026-08-08,0.0,0,10,24.9,13.5,0.0,-0.866,-0.5,0.25,0.0,10,,1
hammam,2026-08-09,6.2,23,10,24.3,13.8,0.0,-0.866,-0.5,0.25,0.0,10,,1
hammam,2026-08-10,40.9,69,2,21.5,9.4,0.0,-0.866,-0.5,0.25,19.1,8,,1
hammam,2026-08-11,29.6,73,5,19.3,12.0,0.0,-0.866,-0.5,0.25,12.2,8,,1
hammam,2026-08-12,14.9,67,8,18.4,12.4,0.0,-0.866,-0.5,0.25,7.4,9,,1
hammam,2026-08-13,0.0,0,10,19.4,13.6,0.0,-0.866,-0.5,0.25,0.0,10,,1
hammam,2026-08-14,19.7,45,6,23.0,7.3,0.0,-0.866,-0.5,0.25,0.0,10,,1
hammam,2026-08-15,0.0,0,10,28.7,12.5,0.0,-0.866,-0.5,0.25,0.0,10,,1
hammam,2026-08-16,3.8,38,9,22.7,14.4,0.0,-0.866,-0.5,0.25,0.3,10,,1
hammam,2026-08-17,4.9,36,9,22.5,11.0,0.0,-0.866,-0.5,0.25,0.0,10,,1
hammam,2026-08-18,0.1,1,10,20.4,12.7,0.0,-0.866,-0.5,0.25,0.0,10,,1
hammam,2026-08-19,0.0,0,10,25.0,11.1,0.0,-0.866,-0.5,0.25,0.0,10,,1
hammam,2026-08-20,0.0,0,10,20.1,12.2,0.0,-0.866,-0.5,0.25,0.0,10,,1
hammam,2026-08-21,0.3,3,10,18.3,21.5,0.0,-0.866,-0.5,0.25,0.0,10,,1
hammam,2026-08-22,0.0,0,10,21.5,5.3,0.0,-0.866,-0.5,0.25,0.0,10,,1
hammam,2026-08-23,0.0,0,10,19.9,16.6,0.0,-0.866,-0.5,0.25,0.0,10,,1
hammam,2026-08-24,0.0,0,10,20.3,17.0,0.0,-0.866,-0.5,0.25,0.0,10,,1
hammam,2026-08-25,0.0,0,10,19.3,14.9,0.0,-0.866,-0.5,0.25,0.0,10,,1
hammam,2026-08-26,0.0,0,10,20.5,10.4,0.0,-0.866,-0.5,0.25,0.0,10,,1
hammam,2026-08-27,7.5,20,10,23.0,15.5,0.0,-0.866,-0.5,0.25,0.0,10,,1
hammam,2026-08-28,29.9,71,6,21.3,11.1,0.0,-0.866,-0.5,0.25,2.1,10,,1
hammam,2026-08-29,12.4,61,8,25.4,11.9,0.0,-0.866,-0.5,0.25,0.0,10,,1
hammam,2026-08-30,0.0,0,10,31.1,21.2,0.0,-0.866,-0.5,0.25,0.0,10,,1
hammam,2026-08-31,3.4,17,10,35.3,6.4,0.0,-0.866,-0.5,0.25,0.8,10,,1
hammam,2026-09-01,13.5,37,7,30.9,5.6,0.0,-1.0,-0.0,0.25,0.1,10,,1
hammam,2026-09-02,1.0,8,10,25.0,4.6,0.0,-1.0,-0.0,0.25,0.0,10,,1
hammam,2026-09-03,3.3,28,9,24.2,6.2,0.0,-1.0,-0.0,0.25,0.0,10,,1
hammam,2026-09-04,0.0,0,10,18.8,8.1,0.0,-1.0,-0.0,0.25,0.0,10,,1
hammam,2026-09-05,8.6,34,8,27.1,5.1,0.0,-1.0,-0.0,0.25,0.0,10,,1
hammam,2026-09-06,66.9,93,1,23.9,16.7,0.0,-1.0,-0.0,0.25,46.9,2,,0
hammam,2026-09-07,0.0,0,10,18.5,15.2,0.0,-1.0,-0.0,0.25,0.0,10,,1
hammam,2026-09-08,0.0,0,10,22.4,7.6,0.0,-1.0,-0.0,0.25,0.0,10,,1
hammam,2026-09-09,0.0,0,10,24.5,4.3,0.0,-1.0,-0.0,0.25,0.0,10,,1
hammam,2026-09-10,22.0,61,6,29.1,5.4,0.0,-1.0,-0.0,0.25,8.1,9,,1
hammam,2026-09-11,7.4,21,10,28.8,4.6,0.0,-1.0,-0.0,0.25,0.0,10,,1
hammam,2026-09-12,0.0,0,10,26.7,7.2,0.0,-1.0,-0.0,0.25,0.0,10,,1
hammam,2026-09-13,7.5,47,9,24.2,7.3,0.0,-1.0,-0.0,0.25,0.3,10,,1
hammam,2026-09-14,0.0,0,10,22.1,11.5,0.0,-1.0,-0.0,0.25,0.1,10,,1
hammam,2026-09-15,9.2,91,9,29.4,5.4,0.0,-1.0,-0.0,0.25,1.6,10,,1
hammam,2026-09-16,0.0,0,10,30.5,8.0,0.0,-1.0,-0.0,0.25,0.0,10,,1
hammam,2026-09-17,18.9,60,6,21.7,9.6,0.0,-1.0,-0.0,0.25,14.3,7,,1
hammam,2026-09-18,14.6,42,7,27.3,10.7,0.0,-1.0,-0.0,0.25,0.0,10,,1
hatra,2024-02-01,99.2,100,0,79.8,12.6,0.0,0.866,0.5,1.0,68.5,0,28.35,0
hatra,2024-02-02,0.0,0,10,65.2,6.0,0.0,0.866,0.5,1.0,0.6,10,5.11,1
hatra,2024-02-03,66.3,94,1,66.7,4.4,0.1,0.866,0.5,1.0,45.7,4,20.76,0
hatra,2024-02-04,87.8,100,0,92.7,5.6,0.5,0.866,0.5,1.0,46.2,5,76.05,0
hatra,2024-02-05,85.5,100,0,91.1,7.0,1.8,0.866,0.5,1.0,81.1,2,94.81,0
hatra,2024-02-06,66.3,91,1,77.7,5.0,0.2,0.866,0.5,1.0,53.5,4,20.16,0
hatra,2024-02-07,43.0,69,3,78.7,3.5,0.0,0.866,0.5,1.0,14.5,8,18.66,1
hatra,2024-02-08,25.0,100,7,76.1,4.9,0.0,0.866,0.5,1.0,36.1,6,11.43,1
hatra,2024-02-09,75.2,90,0,64.6,11.2,0.5,0.866,0.5,1.0,81.6,0,64.27,0
hatra,2024-02-10,85.0,100,0,75.0,10.1,0.2,0.866,0.5,1.0,13.1,9,79.32,1
hatra,2024-02-11,0.0,0,10,65.3,6.1,0.0,0.866,0.5,1.0,2.7,9,12.45,1
hatra,2024-02-12,86.9,100,1,66.8,3.8,0.0,0.866,0.5,1.0,99.9,0,56.53,0
hatra,2024-02-13,100.0,100,0,58.9,12.1,0.0,0.866,0.5,1.0,99.7,0,99.23,0
hatra,2024-02-14,94.3,100,0,84.5,26.7,5.9,0.866,0.5,1.0,62.7,2,98.44,0
hatra,2024-02-15,70.5,100,0,95.7,7.0,0.0,0.866,0.5,1.0,55.2,4,41.35,0
hatra,2024-02-16,49.5,100,5,90.5,13.7,0.0,0.866,0.5,1.0,100.0,0,86.84,0
hatra,2024-02-17,48.9,95,4,83.3,5.7,0.3,0.866,0.5,1.0,12.4,8,66.9,1
hatra,2024-02-18,2.0,8,10,89.2,2.6,0.0,0.866,0.5,1.0,4.1,10,67.16,1
hatra,2024-02-19,52.7,100,4,83.8,5.6,0.7,0.866,0.5,1.0,51.6,3,43.64,0
hatra,2024-02-20,7.9,47,8,92.2,4.7,0.0,0.866,0.5,1.0,5.0,10,62.38,1
hatra,2024-02-21,3.8,37,9,82.3,4.7,0.0,0.866,0.5,1.0,24.4,8,8.26,1
hatra,2024-02-22,53.1,100,2,68.6,5.6,0.0,0.866,0.5,1.0,49.9,4,14.6,0
hatra,2024-02-23,87.8,100,0,69.7,5.8,0.0,0.866,0.5,1.0,99.9,0,95.44,0
hatra,2024-02-24,33.4,87,5,72.6,6.5,0.0,0.866,0.5,1.0,36.1,6,96.19,1
hatra,2024-02-25,44.5,61,1,47.0,21.8,0.0,0.866,0.5,1.0,21.6,7,12.98,1
hatra,2024-02-26,42.0,88,5,47.0,10.1,0.0,0.866,0.5,1.0,22.7,7,4.27,1
hatra,2024-02-27,0.4,4,10,34.2,10.3,0.0,0.866,0.5,1.0,0.0,10,21.98,1
hatra,2024-02-28,0.0,0,10,44.4,7.6,0.0,0.866,0.5,1.0,0.0,10,9.11,1
hatra,2024-02-29,0.0,0,10,42.9,3.6,0.0,0.866,0.5,1.0,0.0,10,4.47,1
hatra,2024-03-01,23.2,77,6,41.2,3.6,0.0,1.0,0.0,1.0,48.0,5,7.81,0
hatra,2024-03-02,40.2,100,6,39.4,5.5,0.0,1.0,0.0,1.0,30.7,7,26.0,1
hatra,2024-03-03,57.2,82,0,52.6,13.8,0.1,1.0,0.0,1.0,50.0,4,72.35,0
hatra,2024-03-04,0.0,0,10,51.7,11.2,0.0,1.0,0.0,1.0,7.3,9,21.02,1
hatra,2024-03-05,23.6,67,6,54.5,6.8,0.0,1.0,0.0,1.0,3.2,10,1.76,1
hatra,2024-03-06,61.7,75,0,54.1,16.6,0.0,1.0,0.0,1.0,29.5,4,36.56,0
hatra,2024-03-07,11.1,37,8,67.5,8.7,0.0,1.0,0.0,1.0,2.4,10,9.67,1
hatra,2024-03-08,40.3,94,4,50.0,6.5,0.0,1.0,0.0,1.0,21.7,7,15.96,1
hatra,2024-03-09,38.9,67,3,72.9,7.4,0.0,1.0,0.0,1.0,20.2,6,51.95,1
hatra,2024-03-10,51.4,93,2,68.6,15.0,0.0,1.0,0.0,1.0,89.0,0,47.1,0
hatra,2024-03-11,0.1,1,10,53.0,14.2,0.0,1.0,0.0,1.0,0.0,10,20.05,1
hatra,2024-03-12,8.3,21,10,45.8,2.1,0.0,1.0,0.0,1.0,18.4,8,3.56,1
hatra,2024-03-13,100.0,100,0,43.8,5.2,0.0,1.0,0.0,1.0,94.5,0,28.91,0
hatra,2024-03-14,14.6,61,7,42.3,5.3,0.0,1.0,0.0,1.0,28.0,5,34.85,0
hatra,2024-03-15,6.9,28,8,50.0,15.5,0.0,1.0,0.0,1.0,0.1,10,15.58,1
hatra,2024-03-16,28.0,100,7,55.6,5.9,0.0,1.0,0.0,1.0,14.0,9,30.38,1
hatra,2024-03-17,99.0,100,0,38.2,11.9,0.0,1.0,0.0,1.0,100.0,0,59.32,0
hatra,2024-03-18,100.0,100,0,86.7,21.9,2.8,1.0,0.0,1.0,100.0,0,99.94,0
hatra,2024-03-19,90.3,100,0,78.0,17.1,1.9,1.0,0.0,1.0,74.3,2,98.07,0
hatra,2024-03-20,50.8,66,0,68.1,6.8,0.0,1.0,0.0,1.0,7.0,10,42.82,1
hatra,2024-03-21,97.4,100,0,68.4,11.2,0.9,1.0,0.0,1.0,56.3,2,55.35,0
hatra,2024-03-22,42.4,100,3,91.6,7.9,0.0,1.0,0.0,1.0,21.0,6,62.37,1
hatra,2024-03-23,100.0,100,0,72.5,11.7,0.0,1.0,0.0,1.0,93.4,0,70.17,0
hatra,2024-03-24,99.6,100,0,78.6,14.0,5.5,1.0,0.0,1.0,100.0,0,94.85,0
hatra,2024-03-25,31.6,75,5,62.3,7.6,0.0,1.0,0.0,1.0,5.9,9,45.81,1
hatra,2024-03-26,84.1,100,0,74.1,9.8,0.0,1.0,0.0,1.0,63.2,2,73.19,0
hatra,2024-03-27,80.5,100,1,59.5,3.3,0.0,1.0,0.0,1.0,91.1,0,85.2,0
hatra,2024-03-28,7.8,51,8,70.0,3.6,0.0,1.0,0.0,1.0,0.0,10,19.85,1
hatra,2024-03-29,50.0,100,2,63.6,6.8,0.0,1.0,0.0,1.0,51.6,5,41.9,0
hatra,2024-03-30,0.0,0,10,60.6,4.1,0.0,1.0,0.0,1.0,0.0,10,31.37,1
hatra,2024-03-31,0.8,8,10,60.3,5.6,0.0,1.0,0.0,1.0,0.0,10,8.01,1
hatra,2024-04-01,2.9,14,10,62.9,4.7,0.0,0.866,-0.5,1.0,0.8,10,0.98,1
hatra,2024-04-02,4.4,42,9,52.0,5.1,0.0,0.866,-0.5,1.0,4.8,9,7.6,1
hatra,2024-04-03,0.7,5,10,41.0,3.6,0.0,0.866,-0.5,1.0,3.9,10,1.98,1
hatra,2024-04-04,70.4,100,1,42.3,7.5,0.0,0.866,-0.5,1.0,6.1,9,7.68,1
hatra,2024-04-05,51.9,100,5,38.1,10.7,0.0,0.866,-0.5,1.0,14.4,8,9.07,1
hatra,2024-04-06,98.3,100,0,38.0,26.6,1.0,0.866,-0.5,1.0,78.8,1,71.63,0
hatra,2024-04-07,51.1,100,2,62.1,20.1,0.1,0.866,-0.5,1.0,26.4,5,61.02,0
hatra,2024-04-08,86.7,100,0,60.7,16.0,0.0,0.866,-0.5,1.0,43.3,5,31.16,0
hatra,2024-04-09,92.3,100,0,82.9,16.3,12.1,0.866,-0.5,1.0,35.1,5,38.56,0
hatra,2024-04-10,43.2,100,6,84.1,4.8,0.0,0.866,-0.5,1.0,10.7,9,75.73,1
hatra,2024-04-11,26.7,100,7,61.1,7.1,0.0,0.866,-0.5,1.0,8.4,9,30.51,1
hatra,2024-04-12,72.8,100,2,54.7,10.4,0.0,0.866,-0.5,1.0,40.3,6,11.71,1
hatra,2024-04-13,1.9,8,10,47.6,4.6,0.0,0.866,-0.5,1.0,0.0,10,0.79,1
hatra,2024-04-14,69.1,100,0,61.1,15.9,0.0,0.866,-0.5,1.0,90.9,0,32.58,0
hatra,2024-04-15,18.0,100,8,72.9,10.0,0.0,0.866,-0.5,1.0,2.2,10,58.84,1
hatra,2024-04-16,0.0,0,10,38.6,10.8,0.0,0.866,-0.5,1.0,0.0,10,0.72,1
hatra,2024-04-17,25.1,100,7,36.5,4.9,0.0,0.866,-0.5,1.0,6.4,8,0.34,1
hatra,2024-04-18,40.7,100,4,29.9,5.7,0.0,0.866,-0.5,1.0,9.4,8,3.47,1
hatra,2024-04-19,6.8,19,10,31.5,20.4,0.0,0.866,-0.5,1.0,13.7,8,5.26,1
hatra,2024-04-20,99.3,100,0,30.1,11.0,0.0,0.866,-0.5,1.0,99.8,0,60.37,0
hatra,2024-04-21,26.1,97,7,57.1,5.4,0.0,0.866,-0.5,1.0,9.9,9,76.09,1
hatra,2024-04-22,12.4,95,9,21.6,20.0,0.0,0.866,-0.5,1.0,0.1,10,11.77,1
hatra,2024-04-23,3.8,20,10,25.6,6.9,0.0,0.866,-0.5,1.0,12.0,9,29.47,1
hatra,2024-04-24,0.0,0,10,32.4,6.5,0.0,0.866,-0.5,1.0,0.0,10,44.67,1
hatra,2024-04-25,6.4,24,10,32.9,3.6,0.0,0.866,-0.5,1.0,0.0,10,0.35,1
hatra,2024-04-26,8.3,26,8,30.1,3.6,0.0,0.866,-0.5,1.0,52.9,4,11.53,0
hatra,2024-04-27,55.9,91,0,29.3,7.9,0.0,0.866,-0.5,1.0,75.8,2,37.42,0
hatra,2024-04-28,50.2,90,1,28.6,6.4,0.0,0.866,-0.5,1.0,1.4,10,20.57,1
hatra,2024-04-29,97.5,100,0,36.5,19.4,0.0,0.866,-0.5,1.0,99.4,0,69.34,0
hatra,2024-04-30,99.0,100,0,69.9,13.6,2.0,0.866,-0.5,1.0,95.4,0,99.12,0
hatra,2024-05-01,90.0,100,0,90.6,20.6,1.5,0.5,-0.866,1.0,35.0,4,89.84,0
hatra,2024-05-02,72.3,100,0,87.7,13.0,4.6,0.5,-0.866,1.0,33.7,3,77.73,0
hatra,2024-05-03,43.8,100,4,83.9,15.9,0.7,0.5,-0.866,1.0,14.8,7,53.41,1
hatra,2024-05-04,27.4,74,7,46.2,14.0,0.2,0.5,-0.866,1.0,17.1,8,17.76,1
hatra,2024-05-05,80.0,100,2,33.3,13.9,0.3,0.5,-0.866,1.0,67.4,0,25.95,0
hatra,2024-05-06,38.3,100,4,51.7,13.0,0.0,0.5,-0.866,1.0,25.0,5,39.32,0
hatra,2024-05-07,10.9,38,7,68.8,18.1,0.0,0.5,-0.866,1.0,6.0,9,48.98,1
hatra,2024-05-08,1.2,11,10,49.8,13.0,0.0,0.5,-0.866,1.0,0.1,10,21.07,1
hatra,2024-05-09,50.5,91,2,35.5,5.9,0.0,0.5,-0.866,1.0,2.4,10,26.17,1
hatra,2024-05-10,77.2,100,0,26.6,9.4,0.0,0.5,-0.866,1.0,86.8,0,20.01,0
hatra,2024-05-11,67.1,100,1,21.5,17.5,0.0,0.5,-0.866,1.0,30.3,5,88.13,0
hatra,2024-05-12,21.3,48,6,33.6,15.0,0.0,0.5,-0.866,1.0,0.4,10,33.05,1
hatra,2024-05-13,36.4,68,4,32.0,14.9,0.0,0.5,-0.866,1.0,3.4,9,20.11,1
hatra,2024-05-14,8.6,37,9,34.2,11.0,0.0,0.5,-0.866,1.0,5.9,9,10.75,1
hatra,2024-05-15,58.8,97,0,30.4,10.7,0.0,0.5,-0.866,1.0,33.3,4,42.05,0
hatra,2024-05-16,19.0,76,7,21.9,15.5,0.0,0.5,-0.866,1.0,3.6,9,39.84,1
hatra,2024-05-17,8.8,41,8,24.3,22.8,0.0,0.5,-0.866,1.0,32.4,7,27.64,1
hatra,2024-05-18,41.6,100,5,28.6,12.5,0.0,0.5,-0.866,1.0,45.7,5,11.91,0
hatra,2024-05-19,95.2,100,0,27.2,15.9,0.0,0.5,-0.866,1.0,64.0,1,33.37,0
hatra,2024-05-20,8.1,33,8,35.2,15.7,0.0,0.5,-0.866,1.0,0.1,10,58.02,1
hatra,2024-05-21,89.6,100,0,30.5,22.5,0.0,0.5,-0.866,1.0,48.8,3,44.65,0
hatra,2024-05-22,11.4,48,7,40.3,10.2,0.0,0.5,-0.866,1.0,12.8,9,31.76,1
hatra,2024-05-23,62.8,99,2,29.9,10.0,0.0,0.5,-0.866,1.0,33.6,6,57.42,1
hatra,2024-05-24,2.5,25,9,24.9,13.7,0.0,0.5,-0.866,1.0,0.0,10,18.51,1
hatra,2024-05-25,15.3,56,7,36.2,15.5,0.0,0.5,-0.866,1.0,3.1,10,5.13,1
hatra,2024-05-26,0.0,0,10,31.5,13.4,0.0,0.5,-0.866,1.0,20.2,7,16.21,1
hatra,2024-05-27,19.4,100,7,26.3,8.1,0.0,0.5,-0.866,1.0,0.7,10,7.82,1
hatra,2024-05-28,69.5,100,1,21.1,25.5,0.0,0.5,-0.866,1.0,62.0,2,44.09,0
hatra,2024-05-29,33.9,69,4,23.4,16.2,0.0,0.5,-0.866,1.0,14.8,7,70.24,1
hatra,2024-05-30,14.6,58,8,18.7,20.3,0.0,0.5,-0.866,1.0,6.8,8,11.12,1
hatra,2024-05-31,0.0,0,10,24.8,19.6,0.0,0.5,-0.866,1.0,0.0,10,4.3,1
hatra,2024-06-01,0.0,0,10,23.6,15.5,0.0,0.0,-1.0,1.0,0.0,10,1.36,1
hatra,2024-06-02,0.0,0,10,19.3,7.3,0.0,0.0,-1.0,1.0,0.0,10,0.51,1
hatra,2024-06-03,0.0,0,10,17.1,4.7,0.0,0.0,-1.0,1.0,0.0,10,0.23,1
hatra,2024-06-04,5.4,23,10,17.4,9.4,0.0,0.0,-1.0,1.0,0.0,10,0.18,1
hatra,2024-06-05,2.0,19,10,20.0,5.1,0.0,0.0,-1.0,1.0,0.0,10,0.61,1
hatra,2024-06-06,0.9,9,10,18.1,7.4,0.0,0.0,-1.0,1.0,0.0,10,0.57,1
hatra,2024-06-07,0.8,4,10,21.8,6.3,0.0,0.0,-1.0,1.0,0.0,10,0.1,1
hatra,2024-06-08,68.1,100,0,19.8,14.5,0.1,0.0,-1.0,1.0,34.2,5,11.95,0
hatra,2024-06-09,24.6,53,5,16.0,15.9,0.0,0.0,-1.0,1.0,7.9,9,9.59,1
hatra,2024-06-10,14.1,48,7,24.6,18.5,0.0,0.0,-1.0,1.0,5.9,9,55.29,1
hatra,2024-06-11,1.0,9,10,18.8,23.7,0.0,0.0,-1.0,1.0,0.0,10,3.59,1
hatra,2024-06-12,0.9,6,10,18.3,11.5,0.0,0.0,-1.0,1.0,0.2,10,0.84,1
hatra,2024-06-13,0.0,0,10,16.8,30.3,0.0,0.0,-1.0,1.0,0.0,10,1.13,1
hatra,2024-06-14,0.0,0,10,16.4,17.7,0.0,0.0,-1.0,1.0,0.0,10,0.51,1
hatra,2024-06-15,0.0,0,10,17.3,10.6,0.0,0.0,-1.0,1.0,0.2,10,0.21,1
hatra,2024-06-16,9.7,60,8,14.6,7.9,0.0,0.0,-1.0,1.0,0.0,10,15.33,1
hatra,2024-06-17,74.3,100,2,12.4,11.5,0.0,0.0,-1.0,1.0,7.0,9,11.06,1
hatra,2024-06-18,0.0,0,10,14.8,12.7,0.0,0.0,-1.0,1.0,0.6,10,8.55,1
hatra,2024-06-19,0.0,0,10,13.4,12.3,0.0,0.0,-1.0,1.0,0.0,10,15.05,1
hatra,2024-06-20,42.2,100,4,14.2,5.9,0.0,0.0,-1.0,1.0,17.1,7,8.53,1
hatra,2024-06-21,0.3,3,10,14.8,22.9,0.0,0.0,-1.0,1.0,0.0,10,14.69,1
hatra,2024-06-22,17.8,39,6,18.4,13.4,0.0,0.0,-1.0,1.0,23.3,4,18.57,0
hatra,2024-06-23,22.6,70,6,18.0,16.7,0.0,0.0,-1.0,1.0,0.0,10,2.91,1
hatra,2024-06-24,0.4,4,10,22.2,8.9,0.0,0.0,-1.0,1.0,0.0,10,4.04,1
hatra,2024-06-25,34.7,54,2,18.7,17.2,0.0,0.0,-1.0,1.0,15.6,6,8.03,1
hatra,2024-06-26,0.0,0,10,12.9,21.5,0.0,0.0,-1.0,1.0,0.0,10,15.27,1
hatra,2024-06-27,0.0,0,10,12.5,14.7,0.0,0.0,-1.0,1.0,0.0,10,5.23,1
hatra,2024-06-28,0.0,0,10,12.0,16.1,0.0,0.0,-1.0,1.0,0.0,10,1.24,1
hatra,2024-06-29,0.0,0,10,16.0,10.1,0.0,0.0,-1.0,1.0,0.0,10,3.42,1
hatra,2024-06-30,3.5,35,9,15.5,18.3,0.0,0.0,-1.0,1.0,0.2,10,1.49,1
hatra,2024-07-01,16.9,41,6,22.7,16.3,0.0,-0.5,-0.866,1.0,0.1,10,9.08,1
hatra,2024-07-02,1.5,7,10,17.8,18.0,0.0,-0.5,-0.866,1.0,0.0,10,1.74,1
hatra,2024-07-03,0.0,0,10,17.7,12.6,0.0,-0.5,-0.866,1.0,0.0,10,1.04,1
hatra,2024-07-04,0.0,0,10,19.1,11.8,0.0,-0.5,-0.866,1.0,0.0,10,4.46,1
hatra,2024-07-05,0.0,0,10,11.6,24.6,0.0,-0.5,-0.866,1.0,0.0,10,4.6,1
hatra,2024-07-06,0.0,0,10,26.8,17.4,0.0,-0.5,-0.866,1.0,0.0,10,1.57,1
hatra,2024-07-07,7.5,38,8,28.4,9.7,0.0,-0.5,-0.866,1.0,0.0,10,0.46,1
hatra,2024-07-08,29.4,43,3,25.4,13.3,0.0,-0.5,-0.866,1.0,0.2,10,0.64,1
hatra,2024-07-09,28.6,77,4,24.0,7.1,0.0,-0.5,-0.866,1.0,2.2,10,10.03,1
hatra,2024-07-10,12.5,60,7,17.4,17.2,0.0,-0.5,-0.866,1.0,10.5,9,19.49,1
hatra,2024-07-11,10.2,38,8,16.1,13.7,0.0,-0.5,-0.866,1.0,1.7,10,2.99,1
hatra,2024-07-12,0.0,0,10,17.1,16.6,0.0,-0.5,-0.866,1.0,0.0,10,0.41,1
hatra,2024-07-13,0.0,0,10,21.6,17.9,0.0,-0.5,-0.866,1.0,0.0,10,1.17,1
hatra,2024-07-14,13.3,36,7,30.2,13.7,0.0,-0.5,-0.866,1.0,0.0,10,3.91,1
hatra,2024-07-15,0.0,0,10,27.5,9.9,0.0,-0.5,-0.866,1.0,0.0,10,4.65,1
hatra,2024-07-16,0.1,1,10,22.4,10.8,0.0,-0.5,-0.866,1.0,0.0,10,3.15,1
hatra,2024-07-17,0.0,0,10,19.0,12.3,0.0,-0.5,-0.866,1.0,0.0,10,0.48,1
hatra,2024-07-18,6.8,19,10,26.2,10.8,0.0,-0.5,-0.866,1.0,0.0,10,1.13,1
hatra,2024-07-19,23.5,46,4,22.4,14.1,0.0,-0.5,-0.866,1.0,0.4,10,5.38,1
hatra,2024-07-20,0.0,0,10,18.9,18.4,0.0,-0.5,-0.866,1.0,0.0,10,1.42,1
hatra,2024-07-21,0.8,4,10,18.0,13.1,0.0,-0.5,-0.866,1.0,0.0,10,0.45,1
hatra,2024-07-22,2.7,24,10,17.8,13.4,0.0,-0.5,-0.866,1.0,0.0,10,3.59,1
hatra,2024-07-23,0.1,1,10,19.4,12.4,0.0,-0.5,-0.866,1.0,0.0,10,3.03,1
hatra,2024-07-24,0.9,4,10,22.8,19.6,0.0,-0.5,-0.866,1.0,0.2,10,6.09,1
hatra,2024-07-25,0.0,0,10,25.8,18.7,0.0,-0.5,-0.866,1.0,0.0,10,11.52,1
hatra,2024-07-26,0.0,0,10,24.4,15.1,0.0,-0.5,-0.866,1.0,0.0,10,1.3,1
hatra,2024-07-27,0.0,0,10,22.5,13.7,0.0,-0.5,-0.866,1.0,0.0,10,1.04,1
hatra,2024-07-28,0.0,0,10,20.9,14.3,0.0,-0.5,-0.866,1.0,0.0,10,0.97,1
hatra,2024-07-29,5.4,28,9,22.1,12.2,0.0,-0.5,-0.866,1.0,0.0,10,0.59,1
hatra,2024-07-30,0.0,0,10,18.0,14.4,0.0,-0.5,-0.866,1.0,0.0,10,1.26,1
hatra,2024-07-31,0.0,0,10,23.4,11.4,0.0,-0.5,-0.866,1.0,0.0,10,2.76,1
hatra,2024-08-01,6.8,29,8,18.3,13.1,0.0,-0.866,-0.5,1.0,0.0,10,3.8,1
hatra,2024-08-02,0.5,2,10,21.5,17.0,0.0,-0.866,-0.5,1.0,0.0,10,1.64,1
hatra,2024-08-03,0.0,0,10,21.1,14.8,0.0,-0.866,-0.5,1.0,0.0,10,1.02,1
hatra,2024-08-04,0.0,0,10,18.7,11.3,0.0,-0.866,-0.5,1.0,0.0,10,0.65,1
hatra,2024-08-05,0.0,0,10,22.5,14.0,0.0,-0.866,-0.5,1.0,0.0,10,1.2,1
hatra,2024-08-06,0.6,6,10,20.9,5.8,0.0,-0.866,-0.5,1.0,0.0,10,1.0,1
hatra,2024-08-07,0.1,1,10,21.5,12.7,0.0,-0.866,-0.5,1.0,0.0,10,1.83,1
hatra,2024-08-08,0.0,0,10,21.3,15.5,0.0,-0.866,-0.5,1.0,0.0,10,4.67,1
hatra,2024-08-09,0.0,0,10,20.1,15.7,0.0,-0.866,-0.5,1.0,0.0,10,2.53,1
hatra,2024-08-10,0.0,0,10,25.3,14.1,0.0,-0.866,-0.5,1.0,0.0,10,3.9,1
hatra,2024-08-11,0.0,0,10,17.2,14.1,0.0,-0.866,-0.5,1.0,0.0,10,8.95,1
hatra,2024-08-12,10.9,31,9,19.7,17.3,0.0,-0.866,-0.5,1.0,0.0,10,1.29,1
hatra,2024-08-13,4.9,16,10,31.3,8.0,0.0,-0.866,-0.5,1.0,0.0,10,2.41,1
hatra,2024-08-14,0.0,0,10,20.7,8.9,0.0,-0.866,-0.5,1.0,0.0,10,1.4,1
hatra,2024-08-15,0.0,0,10,19.0,12.1,0.0,-0.866,-0.5,1.0,0.0,10,0.5,1
hatra,2024-08-16,2.0,20,10,26.3,17.2,0.0,-0.866,-0.5,1.0,0.0,10,1.01,1
hatra,2024-08-17,0.6,4,10,26.6,16.2,0.0,-0.866,-0.5,1.0,0.0,10,1.48,1
hatra,2024-08-18,1.4,10,10,26.1,12.0,0.0,-0.866,-0.5,1.0,0.3,10,5.05,1
hatra,2024-08-19,1.2,12,10,21.0,16.5,0.0,-0.866,-0.5,1.0,0.0,10,1.59,1
hatra,2024-08-20,5.1,19,10,17.0,20.6,0.0,-0.866,-0.5,1.0,0.0,10,0.55,1
hatra,2024-08-21,0.2,2,10,20.7,13.7,0.0,-0.866,-0.5,1.0,0.0,10,0.99,1
hatra,2024-08-22,0.4,4,10,20.5,5.5,0.0,-0.866,-0.5,1.0,0.0,10,1.52,1
hatra,2024-08-23,0.0,0,10,21.2,6.6,0.0,-0.866,-0.5,1.0,0.0,10,1.88,1
hatra,2024-08-24,0.6,6,10,21.4,13.4,0.0,-0.866,-0.5,1.0,1.5,10,2.86,1
hatra,2024-08-25,0.0,0,10,29.8,15.5,0.0,-0.866,-0.5,1.0,0.0,10,1.48,1
hatra,2024-08-26,0.0,0,10,28.0,11.3,0.0,-0.866,-0.5,1.0,0.0,10,1.26,1
hatra,2024-08-27,3.4,19,10,24.6,11.8,0.0,-0.866,-0.5,1.0,7.3,9,20.88,1
hatra,2024-08-28,0.0,0,10,26.2,16.3,0.0,-0.866,-0.5,1.0,0.0,10,0.98,1
hatra,2024-08-29,0.2,1,10,30.7,19.6,0.0,-0.866,-0.5,1.0,0.0,10,0.79,1
hatra,2024-08-30,0.0,0,10,34.5,13.7,0.0,-0.866,-0.5,1.0,0.0,10,1.2,1
hatra,2024-08-31,0.0,0,10,34.6,13.0,0.0,-0.866,-0.5,1.0,0.0,10,3.58,1
hatra,2024-09-01,0.0,0,10,32.5,9.6,0.0,-1.0,-0.0,1.0,0.0,10,4.67,1
hatra,2024-09-02,0.0,0,10,29.9,15.5,0.0,-1.0,-0.0,1.0,0.0,10,2.7,1
hatra,2024-09-03,0.0,0,10,28.1,12.0,0.0,-1.0,-0.0,1.0,0.0,10,0.77,1
hatra,2024-09-04,0.0,0,10,34.2,9.4,0.0,-1.0,-0.0,1.0,0.0,10,0.76,1
hatra,2024-09-05,15.3,35,6,30.1,8.2,0.0,-1.0,-0.0,1.0,0.0,10,1.13,1
hatra,2024-09-06,0.0,0,10,35.4,5.8,0.0,-1.0,-0.0,1.0,0.0,10,2.5,1
hatra,2024-09-07,0.0,0,10,30.4,10.2,0.0,-1.0,-0.0,1.0,0.5,10,3.32,1
hatra,2024-09-08,54.1,73,0,29.4,5.4,0.0,-1.0,-0.0,1.0,9.7,8,10.63,1
hatra,2024-09-09,22.3,41,5,22.6,4.6,0.0,-1.0,-0.0,1.0,6.1,9,14.0,1
hatra,2024-09-10,0.0,0,10,21.5,22.4,0.0,-1.0,-0.0,1.0,0.0,10,0.89,1
hatra,2024-09-11,0.0,0,10,23.9,15.0,0.0,-1.0,-0.0,1.0,0.0,10,2.44,1
hatra,2024-09-12,10.1,28,9,26.4,14.1,0.0,-1.0,-0.0,1.0,0.0,10,0.69,1
hatra,2024-09-13,0.0,0,10,31.4,16.9,0.0,-1.0,-0.0,1.0,0.0,10,7.43,1
hatra,2024-09-14,0.7,5,10,34.6,11.9,0.0,-1.0,-0.0,1.0,0.0,10,1.09,1
hatra,2024-09-15,0.0,0,10,32.0,12.3,0.0,-1.0,-0.0,1.0,0.0,10,3.22,1
hatra,2024-09-16,0.2,2,10,38.1,11.6,0.0,-1.0,-0.0,1.0,0.0,10,1.32,1
hatra,2024-09-17,13.0,52,8,38.3,12.3,0.0,-1.0,-0.0,1.0,0.0,10,2.99,1
hatra,2024-09-18,89.4,100,0,33.4,11.2,0.0,-1.0,-0.0,1.0,76.6,0,16.95,0
hatra,2024-09-19,72.2,100,2,39.5,7.6,0.0,-1.0,-0.0,1.0,33.5,6,27.93,1
hatra,2024-09-20,63.4,100,3,49.6,3.3,0.0,-1.0,-0.0,1.0,37.7,5,20.17,0
hatra,2024-09-21,33.2,80,4,39.7,10.5,0.0,-1.0,-0.0,1.0,28.7,6,58.96,1
hatra,2024-09-22,86.8,100,0,36.9,13.2,0.0,-1.0,-0.0,1.0,66.1,0,40.03,0
hatra,2024-09-23,33.2,100,5,41.9,11.5,0.0,-1.0,-0.0,1.0,0.0,10,26.7,1
hatra,2024-09-24,0.6,6,10,35.8,11.7,0.0,-1.0,-0.0,1.0,0.0,10,9.71,1
hatra,2024-09-25,0.0,0,10,27.0,12.7,0.0,-1.0,-0.0,1.0,0.0,10,5.33,1
hatra,2024-09-26,0.0,0,10,28.4,7.9,0.0,-1.0,-0.0,1.0,0.0,10,2.39,1
hatra,2024-09-27,8.3,68,9,27.6,10.5,0.0,-1.0,-0.0,1.0,0.0,10,12.41,1
hatra,2024-09-28,0.0,0,10,27.8,10.9,0.0,-1.0,-0.0,1.0,0.0,10,2.7,1
hatra,2024-09-29,0.0,0,10,19.0,8.8,0.0,-1.0,-0.0,1.0,0.0,10,1.19,1
hatra,2024-09-30,2.3,14,10,24.3,3.5,0.0,-1.0,-0.0,1.0,0.9,10,1.98,1
hatra,2024-10-01,0.2,2,10,37.8,16.4,0.0,-0.866,0.5,1.0,0.0,10,5.51,1
hatra,2024-10-02,0.0,0,10,40.4,12.3,0.0,-0.866,0.5,1.0,0.3,10,1.67,1
hatra,2024-10-03,0.0,0,10,38.1,7.1,0.0,-0.866,0.5,1.0,0.0,10,1.45,1
hatra,2024-10-04,0.0,0,10,29.5,9.9,0.0,-0.866,0.5,1.0,0.0,10,0.87,1
hatra,2024-10-05,0.0,0,10,32.3,4.7,0.0,-0.866,0.5,1.0,0.0,10,1.63,1
hatra,2024-10-06,29.4,100,7,26.5,7.4,0.0,-0.866,0.5,1.0,35.8,6,25.92,1
hatra,2024-10-07,2.1,15,10,27.0,4.1,0.0,-0.866,0.5,1.0,0.0,10,13.82,1
hatra,2024-10-08,56.4,73,2,24.1,4.2,0.0,-0.866,0.5,1.0,5.0,10,7.4,1
hatra,2024-10-09,0.0,0,10,21.6,4.6,0.0,-0.866,0.5,1.0,0.0,10,2.64,1
hatra,2024-10-10,12.1,33,7,28.8,3.7,0.0,-0.866,0.5,1.0,24.9,6,1.02,1
hatra,2024-10-11,85.4,100,0,25.7,5.4,0.0,-0.866,0.5,1.0,56.0,3,41.0,0
hatra,2024-10-12,0.7,6,10,36.1,6.4,0.0,-0.866,0.5,1.0,7.0,10,61.24,1
hatra,2024-10-13,0.0,0,10,33.0,5.1,0.0,-0.866,0.5,1.0,4.4,9,1.06,1
hatra,2024-10-14,10.0,100,9,34.8,6.5,0.0,-0.866,0.5,1.0,20.1,6,9.0,1
hatra,2024-10-15,0.5,5,10,43.6,4.2,0.0,-0.866,0.5,1.0,2.7,10,2.64,1
hatra,2024-10-16,84.6,100,0,33.2,11.1,0.1,-0.866,0.5,1.0,49.1,3,26.48,0
hatra,2024-10-17,23.2,48,3,43.8,17.9,0.0,-0.866,0.5,1.0,38.7,3,36.61,0
hatra,2024-10-18,38.4,100,5,26.0,11.7,0.0,-0.866,0.5,1.0,31.0,6,28.56,1
hatra,2024-10-19,7.5,49,8,27.4,12.5,0.0,-0.866,0.5,1.0,0.0,10,17.62,1
hatra,2024-10-20,65.5,100,2,27.1,11.4,0.0,-0.866,0.5,1.0,36.8,5,9.17,0
hatra,2024-10-21,0.0,0,10,32.2,12.2,0.0,-0.866,0.5,1.0,0.0,10,16.77,1
hatra,2024-10-22,13.6,33,8,40.5,11.9,0.0,-0.866,0.5,1.0,1.9,10,9.89,1
hatra,2024-10-23,0.3,3,10,38.4,7.8,0.0,-0.866,0.5,1.0,0.0,10,6.4,1
hatra,2024-10-24,0.0,0,10,37.2,6.3,0.0,-0.866,0.5,1.0,0.0,10,13.0,1
hatra,2024-10-25,15.6,96,8,35.5,3.9,0.0,-0.866,0.5,1.0,18.5,8,0.38,1
hatra,2024-10-26,0.0,0,10,34.7,3.8,0.0,-0.866,0.5,1.0,0.0,10,0.4,1
hatra,2024-10-27,0.0,0,10,27.2,8.0,0.0,-0.866,0.5,1.0,0.0,10,0.3,1
hatra,2024-10-28,12.9,98,8,29.9,6.7,0.0,-0.866,0.5,1.0,12.4,8,0.52,1
hatra,2024-10-29,82.5,100,1,31.0,5.2,0.0,-0.866,0.5,1.0,84.0,0,15.78,0
hatra,2024-10-30,86.8,100,0,30.5,3.8,0.0,-0.866,0.5,1.0,51.4,5,48.47,0
hatra,2024-10-31,52.0,100,1,37.4,5.5,0.0,-0.866,0.5,1.0,13.9,9,62.61,1
hatra,2024-11-01,81.4,100,0,64.3,7.0,0.0,-0.5,0.866,1.0,28.1,5,56.34,0
hatra,2024-11-02,100.0,100,0,88.9,10.9,10.7,-0.5,0.866,1.0,79.4,1,60.92,0
hatra,2024-11-03,61.9,84,0,93.2,5.2,0.0,-0.5,0.866,1.0,38.4,4,64.99,0
hatra,2024-11-04,34.3,62,3,92.7,4.1,0.0,-0.5,0.866,1.0,8.3,10,41.16,1
hatra,2024-11-05,8.7,32,9,89.1,3.0,0.0,-0.5,0.866,1.0,0.1,10,5.64,1
hatra,2024-11-06,0.0,0,10,72.5,5.9,0.0,-0.5,0.866,1.0,0.2,10,0.38,1
hatra,2024-11-07,0.0,0,10,56.9,6.7,0.0,-0.5,0.866,1.0,0.0,10,1.59,1
hatra,2024-11-08,16.7,78,7,52.7,6.1,0.0,-0.5,0.866,1.0,16.2,7,1.35,1
hatra,2024-11-09,57.7,100,3,56.7,5.6,0.0,-0.5,0.866,1.0,13.7,7,10.43,1
hatra,2024-11-10,70.6,100,0,57.1,8.9,0.5,-0.5,0.866,1.0,43.2,3,37.06,0
hatra,2024-11-11,76.6,100,0,86.1,8.8,0.0,-0.5,0.866,1.0,55.2,1,46.16,0
hatra,2024-11-12,22.2,87,6,69.8,10.5,0.0,-0.5,0.866,1.0,11.5,8,48.57,1
hatra,2024-11-13,20.7,51,7,76.2,6.4,0.0,-0.5,0.866,1.0,2.8,10,0.17,1
hatra,2024-11-14,45.7,100,5,64.0,4.3,0.0,-0.5,0.866,1.0,28.3,7,15.44,1
hatra,2024-11-15,4.3,39,9,68.7,2.3,0.0,-0.5,0.866,1.0,19.4,7,3.62,1
hatra,2024-11-16,78.1,100,0,67.3,4.0,0.3,-0.5,0.866,1.0,59.7,3,56.6,0
hatra,2024-11-17,58.3,82,1,62.6,4.2,0.0,-0.5,0.866,1.0,12.9,9,52.72,1
hatra,2024-11-18,36.7,66,4,72.2,4.9,0.0,-0.5,0.866,1.0,3.3,10,20.5,1
hatra,2024-11-19,58.2,100,3,71.6,5.4,0.0,-0.5,0.866,1.0,31.8,7,40.76,1
hatra,2024-11-20,5.4,31,9,67.3,4.6,0.0,-0.5,0.866,1.0,2.0,10,9.44,1
hatra,2024-11-21,24.7,72,5,70.6,3.3,0.0,-0.5,0.866,1.0,6.0,10,14.94,1
hatra,2024-11-22,0.0,0,10,67.2,6.9,0.0,-0.5,0.866,1.0,0.0,10,1.74,1
hatra,2024-11-23,5.6,48,9,64.6,9.5,0.0,-0.5,0.866,1.0,18.5,8,0.4,1
hatra,2024-11-24,81.7,100,0,56.4,20.4,0.4,-0.5,0.866,1.0,57.6,2,53.18,0
hatra,2024-11-25,0.0,0,10,51.2,7.9,0.0,-0.5,0.866,1.0,0.3,10,30.43,1
hatra,2024-11-26,58.3,100,3,80.6,10.1,0.2,-0.5,0.866,1.0,46.5,5,61.44,0
hatra,2024-11-27,0.0,0,10,72.2,10.0,0.0,-0.5,0.866,1.0,0.0,10,32.47,1
hatra,2024-11-28,0.0,0,10,75.2,4.1,0.0,-0.5,0.866,1.0,0.0,10,1.42,1
hatra,2024-11-29,0.0,0,10,76.9,4.9,0.0,-0.5,0.866,1.0,0.0,10,1.08,1
hatra,2024-11-30,0.0,0,10,67.2,6.4,0.0,-0.5,0.866,1.0,0.0,10,8.36,1
hatra,2024-12-01,0.0,0,10,64.6,6.9,0.0,-0.0,1.0,1.0,0.0,10,2.23,1
hatra,2024-12-02,32.0,80,5,66.5,4.4,0.0,-0.0,1.0,1.0,11.3,9,8.63,1
hatra,2024-12-03,0.0,0,10,71.0,3.3,0.0,-0.0,1.0,1.0,0.0,10,2.42,1
hatra,2024-12-04,20.2,55,7,72.2,5.3,0.0,-0.0,1.0,1.0,4.3,9,3.34,1
hatra,2024-12-05,22.0,97,7,59.6,5.7,0.0,-0.0,1.0,1.0,0.0,10,17.35,1
hatra,2024-12-06,50.8,100,3,58.4,5.9,0.0,-0.0,1.0,1.0,31.5,6,8.51,1
hatra,2024-12-07,99.5,100,0,65.4,3.7,0.0,-0.0,1.0,1.0,100.0,0,79.01,0
hatra,2024-12-08,70.4,100,2,72.0,10.1,1.7,-0.0,1.0,1.0,59.6,3,96.96,0
hatra,2024-12-09,0.0,0,10,60.6,10.8,0.0,-0.0,1.0,1.0,0.6,10,11.57,1
hatra,2024-12-10,12.2,99,9,59.7,6.2,0.0,-0.0,1.0,1.0,17.4,8,29.82,1
hatra,2024-12-11,93.5,100,0,58.5,2.8,0.0,-0.0,1.0,1.0,98.1,0,41.44,0
hatra,2024-12-12,89.6,100,0,71.8,6.0,0.0,-0.0,1.0,1.0,59.2,4,95.27,0
hatra,2024-12-13,0.0,0,10,49.7,13.9,0.0,-0.0,1.0,1.0,0.0,10,26.96,1
hatra,2024-12-14,0.0,0,10,25.8,24.6,0.0,-0.0,1.0,1.0,0.0,10,45.64,1
hatra,2024-12-15,55.1,100,4,43.5,5.3,0.0,-0.0,1.0,1.0,65.9,3,19.04,0
hatra,2024-12-16,96.6,100,0,39.8,4.9,0.0,-0.0,1.0,1.0,99.4,0,74.38,0
hatra,2024-12-17,0.0,0,10,61.3,9.8,0.0,-0.0,1.0,1.0,0.0,10,40.46,1
hatra,2024-12-18,0.0,0,10,63.7,5.2,0.0,-0.0,1.0,1.0,0.0,10,17.14,1
hatra,2024-12-19,46.2,90,3,62.6,3.7,0.0,-0.0,1.0,1.0,16.2,6,8.58,1
hatra,2024-12-20,94.7,100,0,88.1,7.9,2.6,-0.0,1.0,1.0,98.8,0,91.32,0
hatra,2024-12-21,1.2,12,10,76.0,5.8,0.0,-0.0,1.0,1.0,0.0,10,39.67,1
hatra,2024-12-22,87.4,100,0,82.9,3.5,0.0,-0.0,1.0,1.0,70.9,0,45.73,0
hatra,2024-12-23,96.3,100,0,72.2,4.1,0.0,-0.0,1.0,1.0,87.3,1,78.91,0
hatra,2024-12-24,1.7,12,10,84.6,3.2,0.0,-0.0,1.0,1.0,0.0,10,42.27,1
hatra,2024-12-25,0.0,0,10,80.2,3.5,0.0,-0.0,1.0,1.0,0.0,10,2.33,1
hatra,2024-12-26,96.2,100,0,61.2,15.5,0.7,-0.0,1.0,1.0,99.4,0,36.23,0
hatra,2024-12-27,34.1,83,5,74.5,24.4,0.0,-0.0,1.0,1.0,1.9,10,71.02,1
hatra,2024-12-28,43.2,82,2,71.7,4.4,0.0,-0.0,1.0,1.0,12.8,8,32.18,1
hatra,2024-12-29,54.3,92,2,72.9,2.9,0.0,-0.0,1.0,1.0,37.3,4,43.77,0
hatra,2024-12-30,98.4,100,0,75.1,3.4,0.0,-0.0,1.0,1.0,100.0,0,60.41,0
hatra,2024-12-31,7.4,26,9,78.3,7.5,0.0,-0.0,1.0,1.0,13.1,8,65.54,1
hatra,2025-01-01,0.0,0,10,50.2,11.0,0.0,0.5,0.866,1.0,0.0,10,15.45,1
hatra,2025-01-02,0.0,0,10,50.7,6.7,0.0,0.5,0.866,1.0,0.0,10,5.52,1
hatra,2025-01-03,0.0,0,10,54.6,5.2,0.0,0.5,0.866,1.0,0.3,10,15.84,1
hatra,2025-01-04,84.8,98,0,52.5,4.0,0.0,0.5,0.866,1.0,100.0,0,44.56,0
hatra,2025-01-05,87.7,100,0,59.6,10.6,0.7,0.5,0.866,1.0,100.0,0,90.35,0
hatra,2025-01-06,41.0,60,2,63.5,7.3,0.0,0.5,0.866,1.0,21.1,7,74.38,1
hatra,2025-01-07,0.0,0,10,72.5,6.6,0.0,0.5,0.866,1.0,0.0,10,3.65,1
hatra,2025-01-08,0.0,0,10,66.7,5.4,0.0,0.5,0.866,1.0,0.0,10,1.89,1
hatra,2025-01-09,0.0,0,10,62.5,4.4,0.0,0.5,0.866,1.0,0.0,10,2.98,1
hatra,2025-01-10,0.0,0,10,54.4,1.9,0.0,0.5,0.866,1.0,0.0,10,1.32,1
hatra,2025-01-11,86.3,100,0,88.0,5.0,0.0,0.5,0.866,1.0,98.0,0,76.42,0
hatra,2025-01-12,0.0,0,10,86.3,4.0,0.0,0.5,0.866,1.0,0.0,10,53.62,1
hatra,2025-01-13,0.0,0,10,87.1,5.2,0.0,0.5,0.866,1.0,0.0,10,1.38,1
hatra,2025-01-14,61.7,100,3,81.7,3.4,0.0,0.5,0.866,1.0,27.7,7,25.68,1
hatra,2025-01-15,0.0,0,10,78.8,4.7,0.0,0.5,0.866,1.0,49.9,5,10.62,0
hatra,2025-01-16,0.0,0,10,79.5,5.4,0.0,0.5,0.866,1.0,0.2,10,34.74,1
hatra,2025-01-17,0.0,0,10,76.7,5.0,0.0,0.5,0.866,1.0,0.0,10,12.38,1
hatra,2025-01-18,18.4,71,7,52.1,7.3,0.0,0.5,0.866,1.0,34.0,4,29.23,0
hatra,2025-01-19,45.8,91,4,56.5,4.9,0.0,0.5,0.866,1.0,64.3,2,30.62,0
hatra,2025-01-20,0.9,9,10,72.1,12.3,0.0,0.5,0.866,1.0,0.0,10,47.04,1
hatra,2025-01-21,0.0,0,10,64.6,5.1,0.0,0.5,0.866,1.0,0.0,10,1.47,1
hatra,2025-01-22,100.0,100,0,47.2,3.3,0.0,0.5,0.866,1.0,99.7,0,55.62,0
hatra,2025-01-23,94.0,100,0,62.4,5.6,0.0,0.5,0.866,1.0,73.0,3,88.34,0
hatra,2025-01-24,59.9,76,1,59.3,8.5,0.0,0.5,0.866,1.0,14.7,7,54.84,1
hatra,2025-01-25,61.7,81,0,61.6,4.6,0.0,0.5,0.866,1.0,33.5,5,47.83,0
hatra,2025-01-26,22.0,91,6,53.9,7.0,0.0,0.5,0.866,1.0,0.9,10,33.21,1
hatra,2025-01-27,17.7,75,8,45.5,9.6,0.0,0.5,0.866,1.0,3.6,10,7.37,1
hatra,2025-01-28,0.0,0,10,53.4,5.1,0.0,0.5,0.866,1.0,0.0,10,14.71,1
hatra,2025-01-29,0.0,0,10,43.7,13.3,0.0,0.5,0.866,1.0,0.0,10,4.92,1
hatra,2025-01-30,11.7,83,8,36.1,6.5,0.0,0.5,0.866,1.0,1.9,10,5.75,1
hatra,2025-01-31,27.7,99,6,48.7,4.6,0.0,0.5,0.866,1.0,0.0,10,12.17,1
hatra,2025-02-01,0.0,0,10,35.7,6.9,0.0,0.866,0.5,1.0,0.0,10,9.57,1
hatra,2025-02-02,3.2,27,9,53.9,5.8,0.0,0.866,0.5,1.0,11.3,8,1.8,1
hatra,2025-02-03,2.1,19,10,49.1,3.2,0.0,0.866,0.5,1.0,31.7,6,54.61,1
hatra,2025-02-04,20.0,100,8,46.0,9.7,0.0,0.866,0.5,1.0,8.1,9,13.31,1
hatra,2025-02-05,82.2,100,0,53.3,16.4,0.8,0.866,0.5,1.0,51.7,3,54.95,0
hatra,2025-02-06,91.4,100,0,83.5,7.1,0.2,0.866,0.5,1.0,59.0,1,79.39,0
hatra,2025-02-07,97.3,100,0,90.3,10.0,9.5,0.866,0.5,1.0,33.9,6,69.66,1
hatra,2025-02-08,16.9,54,6,69.9,13.2,0.0,0.866,0.5,1.0,2.2,10,73.66,1
hatra,2025-02-09,53.2,90,2,75.8,4.9,0.0,0.866,0.5,1.0,2.4,10,41.66,1
hatra,2025-02-10,13.6,54,8,62.2,3.7,0.0,0.866,0.5,1.0,24.3,8,61.88,1
hatra,2025-02-11,32.4,100,7,55.8,4.8,0.0,0.866,0.5,1.0,73.3,2,66.83,0
hatra,2025-02-12,46.1,100,4,64.4,5.1,0.0,0.866,0.5,1.0,17.8,8,30.05,1
hatra,2025-02-13,67.0,100,1,67.2,19.3,1.1,0.866,0.5,1.0,60.1,2,49.97,0
hatra,2025-02-14,18.5,70,7,72.8,5.1,0.0,0.866,0.5,1.0,17.2,7,27.99,1
hatra,2025-02-15,16.8,100,8,69.2,6.5,0.0,0.866,0.5,1.0,18.6,8,18.64,1
hatra,2025-02-16,94.6,100,0,59.7,6.0,0.0,0.866,0.5,1.0,89.4,1,68.62,0
hatra,2025-02-17,63.0,100,3,56.1,2.9,0.0,0.866,0.5,1.0,37.2,6,7.77,1
hatra,2025-02-18,62.2,100,3,56.8,7.6,0.0,0.866,0.5,1.0,38.0,6,11.96,1
hatra,2025-02-19,99.7,100,0,59.5,10.7,0.2,0.866,0.5,1.0,100.0,0,92.72,0
hatra,2025-02-20,78.4,100,0,87.8,10.0,2.4,0.866,0.5,1.0,36.2,5,88.33,0
hatra,2025-02-21,71.0,82,0,53.6,10.2,0.4,0.866,0.5,1.0,39.4,6,60.12,1
hatra,2025-02-22,92.6,100,0,53.5,9.7,0.0,0.866,0.5,1.0,93.3,0,41.1,0
hatra,2025-02-23,7.5,33,8,39.1,12.8,0.0,0.866,0.5,1.0,0.0,10,34.29,1
hatra,2025-02-24,0.0,0,10,46.2,10.9,0.0,0.866,0.5,1.0,0.0,10,7.99,1
hatra,2025-02-25,86.6,100,1,43.7,3.6,0.0,0.866,0.5,1.0,96.5,0,29.01,0
hatra,2025-02-26,0.0,0,10,41.2,3.0,0.0,0.866,0.5,1.0,0.0,10,26.1,1
hatra,2025-02-27,0.1,1,10,45.4,5.5,0.0,0.866,0.5,1.0,2.8,10,11.17,1
hatra,2025-02-28,77.3,100,0,42.4,4.5,0.0,0.866,0.5,1.0,21.1,6,18.7,1
hatra,2025-03-01,38.9,97,3,49.7,7.7,0.0,1.0,0.0,1.0,19.8,7,54.23,1
hatra,2025-03-02,1.8,16,10,45.2,5.5,0.0,1.0,0.0,1.0,19.5,8,7.91,1
hatra,2025-03-03,100.0,100,0,35.4,10.9,0.0,1.0,0.0,1.0,100.0,0,82.86,0
hatra,2025-03-04,91.9,100,0,32.6,9.4,0.0,1.0,0.0,1.0,100.0,0,97.61,0
hatra,2025-03-05,100.0,100,0,59.5,10.6,0.4,1.0,0.0,1.0,100.0,0,99.13,0
hatra,2025-03-06,0.0,0,10,46.5,4.2,0.0,1.0,0.0,1.0,0.0,10,32.42,1
hatra,2025-03-07,100.0,100,0,77.3,20.4,15.0,1.0,0.0,1.0,97.1,0,65.37,0
hatra,2025-03-08,33.1,100,6,87.5,7.9,0.0,1.0,0.0,1.0,37.5,4,65.85,0
hatra,2025-03-09,59.9,100,0,79.9,7.6,0.0,1.0,0.0,1.0,61.9,2,56.5,0
hatra,2025-03-10,65.5,100,1,86.9,7.9,0.0,1.0,0.0,1.0,29.8,5,75.7,0
hatra,2025-03-11,0.0,0,10,80.7,4.1,0.0,1.0,0.0,1.0,2.8,9,42.41,1
hatra,2025-03-12,0.0,0,10,60.8,7.9,0.0,1.0,0.0,1.0,0.0,10,1.56,1
hatra,2025-03-13,4.7,45,9,49.4,6.8,0.0,1.0,0.0,1.0,9.5,9,2.97,1
hatra,2025-03-14,98.8,100,0,46.6,6.0,0.0,1.0,0.0,1.0,99.9,0,34.61,0
hatra,2025-03-15,0.5,3,10,45.9,5.4,0.0,1.0,0.0,1.0,0.0,10,20.58,1
hatra,2025-03-16,1.3,8,10,38.6,6.2,0.0,1.0,0.0,1.0,1.0,10,1.13,1
hatra,2025-03-17,93.2,100,0,38.3,6.3,0.0,1.0,0.0,1.0,91.9,0,29.04,0
hatra,2025-03-18,91.4,100,0,49.4,12.1,0.0,1.0,0.0,1.0,76.5,0,74.17,0
hatra,2025-03-19,12.5,68,8,47.0,12.9,0.0,1.0,0.0,1.0,0.1,10,49.11,1
hatra,2025-03-20,45.0,79,3,44.3,14.6,0.0,1.0,0.0,1.0,28.6,7,5.3,1
hatra,2025-03-21,25.9,64,5,45.3,10.9,0.0,1.0,0.0,1.0,11.3,9,41.4,1
hatra,2025-03-22,0.6,4,10,41.3,8.4,0.0,1.0,0.0,1.0,2.0,10,10.54,1
hatra,2025-03-23,7.2,40,9,39.1,7.8,0.0,1.0,0.0,1.0,0.0,10,5.06,1
hatra,2025-03-24,0.0,0,10,33.0,5.8,0.0,1.0,0.0,1.0,0.0,10,4.06,1
hatra,2025-03-25,0.8,6,10,31.3,3.4,0.0,1.0,0.0,1.0,11.8,9,3.79,1
hatra,2025-03-26,22.3,100,7,40.8,5.0,0.0,1.0,0.0,1.0,28.5,7,84.95,1
hatra,2025-03-27,88.3,100,0,37.5,5.4,0.0,1.0,0.0,1.0,80.5,2,69.69,0
hatra,2025-03-28,83.2,100,1,41.3,7.4,0.0,1.0,0.0,1.0,17.2,8,13.91,1
hatra,2025-03-29,69.7,100,0,36.3,12.7,0.0,1.0,0.0,1.0,53.4,2,60.43,0
hatra,2025-03-30,96.5,100,0,58.2,20.2,2.1,1.0,0.0,1.0,75.5,1,93.41,0
hatra,2025-03-31,19.5,100,8,63.9,5.8,0.0,1.0,0.0,1.0,51.7,4,22.78,0
hatra,2025-04-01,99.8,100,0,35.8,6.2,0.0,0.866,-0.5,1.0,89.6,0,36.63,0
hatra,2025-04-02,31.8,100,7,43.8,26.5,0.0,0.866,-0.5,1.0,41.2,5,51.61,0
hatra,2025-04-03,0.0,0,10,35.9,10.7,0.0,0.866,-0.5,1.0,0.0,10,41.83,1
hatra,2025-04-04,49.2,97,2,33.4,17.2,0.0,0.866,-0.5,1.0,29.4,6,17.29,1
hatra,2025-04-05,15.4,59,8,72.5,7.7,0.0,0.866,-0.5,1.0,1.3,10,43.3,1
hatra,2025-04-06,12.1,70,8,34.3,7.0,0.0,0.866,-0.5,1.0,8.3,9,5.28,1
hatra,2025-04-07,87.4,100,1,19.3,13.8,0.0,0.866,-0.5,1.0,81.7,0,36.07,0
hatra,2025-04-08,82.8,100,0,37.3,23.0,0.0,0.866,-0.5,1.0,92.7,0,91.2,0
hatra,2025-04-09,95.2,100,0,33.2,16.3,0.0,0.866,-0.5,1.0,82.3,0,92.58,0
hatra,2025-04-10,18.3,68,7,27.5,22.9,0.0,0.866,-0.5,1.0,0.0,10,82.18,1
hatra,2025-04-11,92.9,100,0,34.4,4.6,0.0,0.866,-0.5,1.0,71.7,2,29.53,0
hatra,2025-04-12,70.2,94,0,42.3,15.5,0.0,0.866,-0.5,1.0,25.7,5,56.31,0
hatra,2025-04-13,81.8,100,2,40.5,12.5,1.0,0.866,-0.5,1.0,89.3,0,68.72,0
hatra,2025-04-14,84.0,100,1,74.3,24.0,0.2,0.866,-0.5,1.0,63.9,3,92.35,0
hatra,2025-04-15,53.8,100,1,76.3,7.6,0.0,0.866,-0.5,1.0,17.7,7,73.86,1
hatra,2025-04-16,6.7,30,9,63.3,5.5,0.0,0.866,-0.5,1.0,0.3,10,20.19,1
hatra,2025-04-17,0.0,0,10,52.6,6.4,0.0,0.866,-0.5,1.0,0.0,10,2.3,1
hatra,2025-04-18,0.9,9,10,33.9,7.3,0.0,0.866,-0.5,1.0,0.1,10,0.95,1
hatra,2025-04-19,0.0,0,10,32.3,4.8,0.0,0.866,-0.5,1.0,0.3,10,3.96,1
hatra,2025-04-20,88.6,100,1,24.8,17.2,0.0,0.866,-0.5,1.0,45.4,4,26.3,0
hatra,2025-04-21,62.7,100,1,28.1,11.9,0.0,0.866,-0.5,1.0,45.4,4,61.24,0
hatra,2025-04-22,42.6,80,3,29.2,11.6,0.0,0.866,-0.5,1.0,14.1,8,28.21,1
hatra,2025-04-23,99.9,100,0,22.1,16.4,0.0,0.866,-0.5,1.0,100.0,0,48.87,0
hatra,2025-04-24,87.3,100,0,24.1,16.5,0.0,0.866,-0.5,1.0,58.3,4,97.13,0
hatra,2025-04-25,89.3,100,0,36.1,13.8,0.0,0.866,-0.5,1.0,92.6,0,83.17,0
hatra,2025-04-26,30.9,58,4,63.1,15.7,0.0,0.866,-0.5,1.0,15.0,8,77.19,1
hatra,2025-04-27,55.7,100,2,31.5,8.0,0.0,0.866,-0.5,1.0,85.5,1,36.71,0
hatra,2025-04-28,14.0,91,8,26.9,4.2,0.0,0.866,-0.5,1.0,20.5,8,34.61,1
hatra,2025-04-29,44.5,99,3,22.5,17.0,0.0,0.866,-0.5,1.0,10.6,8,27.9,1
hatra,2025-04-30,11.2,94,9,24.5,8.0,0.0,0.866,-0.5,1.0,0.0,10,14.4,1
hatra,2025-05-01,84.2,100,0,41.2,20.2,0.1,0.5,-0.866,1.0,77.2,2,58.7,0
hatra,2025-05-02,71.9,86,0,40.3,23.4,0.1,0.5,-0.866,1.0,42.2,5,66.31,0
hatra,2025-05-03,3.4,31,9,29.7,16.3,0.0,0.5,-0.866,1.0,4.8,9,50.7,1
hatra,2025-05-04,70.2,100,0,55.9,14.5,0.2,0.5,-0.866,1.0,45.5,2,55.67,0
hatra,2025-05-05,51.2,100,1,39.5,16.0,0.0,0.5,-0.866,1.0,69.5,0,66.1,0
hatra,2025-05-06,14.3,41,6,39.3,15.0,0.0,0.5,-0.866,1.0,1.6,10,40.41,1
hatra,2025-05-07,0.0,0,10,27.4,8.8,0.0,0.5,-0.866,1.0,0.0,10,14.71,1
hatra,2025-05-08,68.9,100,3,27.0,13.7,0.0,0.5,-0.866,1.0,69.6,2,20.75,0
hatra,2025-05-09,6.1,33,9,24.1,9.7,0.0,0.5,-0.866,1.0,71.3,2,17.11,0
hatra,2025-05-10,53.8,100,3,21.3,12.5,0.0,0.5,-0.866,1.0,82.6,1,21.65,0
hatra,2025-05-11,97.5,100,0,24.9,14.8,0.1,0.5,-0.866,1.0,94.2,0,61.66,0
hatra,2025-05-12,82.3,100,1,31.4,14.5,0.0,0.5,-0.866,1.0,69.2,2,74.8,0
hatra,2025-05-13,33.5,100,5,32.3,19.8,0.0,0.5,-0.866,1.0,31.6,5,81.68,0
hatra,2025-05-14,76.7,100,0,40.3,16.8,0.7,0.5,-0.866,1.0,40.8,3,46.91,0
hatra,2025-05-15,29.7,66,4,43.3,13.1,0.0,0.5,-0.866,1.0,2.5,10,27.42,1
hatra,2025-05-16,0.3,3,10,27.7,13.4,0.0,0.5,-0.866,1.0,0.8,10,7.99,1
hatra,2025-05-17,0.0,0,10,21.0,11.1,0.0,0.5,-0.866,1.0,0.7,10,26.6,1
hatra,2025-05-18,50.4,100,2,17.5,20.0,0.0,0.5,-0.866,1.0,36.2,5,35.2,0
hatra,2025-05-19,0.7,7,10,17.1,13.7,0.0,0.5,-0.866,1.0,0.0,10,25.88,1
hatra,2025-05-20,25.3,100,7,23.2,9.1,0.0,0.5,-0.866,1.0,5.8,10,18.34,1
hatra,2025-05-21,0.0,0,10,18.7,12.2,0.0,0.5,-0.866,1.0,0.0,10,34.41,1
hatra,2025-05-22,0.0,0,10,13.0,8.7,0.0,0.5,-0.866,1.0,0.0,10,9.73,1
hatra,2025-05-23,65.9,100,3,16.6,18.2,0.0,0.5,-0.866,1.0,20.8,8,41.25,1
hatra,2025-05-24,0.0,0,10,13.7,24.0,0.0,0.5,-0.866,1.0,0.0,10,44.73,1
hatra,2025-05-25,35.2,52,2,20.6,10.0,0.0,0.5,-0.866,1.0,2.0,10,9.38,1
hatra,2025-05-26,89.9,100,0,16.3,9.0,0.0,0.5,-0.866,1.0,86.5,1,50.9,0
hatra,2025-05-27,58.2,80,0,16.2,12.8,0.0,0.5,-0.866,1.0,25.3,7,48.78,1
hatra,2025-05-28,3.8,28,9,24.9,17.8,0.0,0.5,-0.866,1.0,0.0,10,32.65,1
hatra,2025-05-29,42.1,73,2,34.3,12.1,0.0,0.5,-0.866,1.0,1.9,10,14.33,1
hatra,2025-05-30,0.0,0,10,28.0,10.1,0.0,0.5,-0.866,1.0,0.0,10,25.9,1
hatra,2025-05-31,0.0,0,10,23.0,6.2,0.0,0.5,-0.866,1.0,0.0,10,9.24,1
hatra,2025-06-01,0.0,0,10,17.5,18.3,0.0,0.0,-1.0,1.0,0.0,10,7.61,1
hatra,2025-06-02,0.0,0,10,26.3,15.5,0.0,0.0,-1.0,1.0,0.0,10,6.35,1
hatra,2025-06-03,37.9,67,3,25.4,14.9,0.0,0.0,-1.0,1.0,0.2,10,6.91,1
hatra,2025-06-04,15.6,56,7,27.8,15.3,0.0,0.0,-1.0,1.0,10.2,9,24.44,1
hatra,2025-06-05,0.0,0,10,23.2,10.7,0.0,0.0,-1.0,1.0,0.0,10,3.52,1
hatra,2025-06-06,22.7,56,5,16.4,8.4,0.0,0.0,-1.0,1.0,0.0,10,10.12,1
hatra,2025-06-07,2.0,19,10,17.2,10.7,0.0,0.0,-1.0,1.0,0.5,10,12.19,1
hatra,2025-06-08,29.6,100,7,17.5,10.0,0.0,0.0,-1.0,1.0,4.6,9,14.23,1
hatra,2025-06-09,1.2,5,10,16.0,7.1,0.0,0.0,-1.0,1.0,0.8,10,6.37,1
hatra,2025-06-10,0.1,1,10,15.4,6.9,0.0,0.0,-1.0,1.0,0.0,10,1.54,1
hatra,2025-06-11,11.1,40,8,16.6,16.2,0.0,0.0,-1.0,1.0,6.7,9,4.81,1
hatra,2025-06-12,28.9,76,4,14.8,5.8,0.0,0.0,-1.0,1.0,7.7,9,20.83,1
hatra,2025-06-13,0.0,0,10,15.1,15.8,0.0,0.0,-1.0,1.0,0.0,10,13.2,1
hatra,2025-06-14,0.0,0,10,17.7,17.3,0.0,0.0,-1.0,1.0,0.0,10,4.88,1
hatra,2025-06-15,3.5,26,9,18.5,18.0,0.0,0.0,-1.0,1.0,0.0,10,3.15,1
hatra,2025-06-16,0.0,0,10,11.6,24.2,0.0,0.0,-1.0,1.0,0.0,10,27.23,1
hatra,2025-06-17,0.0,0,10,15.4,20.5,0.0,0.0,-1.0,1.0,0.0,10,11.69,1
hatra,2025-06-18,0.0,0,10,14.0,17.6,0.0,0.0,-1.0,1.0,0.0,10,3.44,1
hatra,2025-06-19,0.2,2,10,12.9,19.7,0.0,0.0,-1.0,1.0,0.0,10,3.49,1
hatra,2025-06-20,0.0,0,10,15.5,22.6,0.0,0.0,-1.0,1.0,0.0,10,3.06,1
hatra,2025-06-21,0.0,0,10,16.0,19.1,0.0,0.0,-1.0,1.0,0.0,10,1.51,1
hatra,2025-06-22,0.0,0,10,14.9,21.4,0.0,0.0,-1.0,1.0,0.0,10,5.5,1
hatra,2025-06-23,0.0,0,10,13.9,23.3,0.0,0.0,-1.0,1.0,0.0,10,18.09,1
hatra,2025-06-24,0.0,0,10,10.3,19.1,0.0,0.0,-1.0,1.0,0.0,10,2.85,1
hatra,2025-06-25,0.0,0,10,10.0,14.9,0.0,0.0,-1.0,1.0,0.0,10,2.65,1
hatra,2025-06-26,0.0,0,10,11.8,14.4,0.0,0.0,-1.0,1.0,0.0,10,2.84,1
hatra,2025-06-27,1.6,7,10,11.6,14.4,0.0,0.0,-1.0,1.0,0.0,10,2.67,1
hatra,2025-06-28,0.0,0,10,10.5,18.4,0.0,0.0,-1.0,1.0,0.0,10,1.33,1
hatra,2025-06-29,36.8,73,3,12.7,15.9,0.0,0.0,-1.0,1.0,0.1,10,2.98,1
hatra,2025-06-30,0.0,0,10,17.2,32.3,0.0,0.0,-1.0,1.0,0.0,10,29.86,1
hatra,2025-07-01,0.0,0,10,17.2,18.5,0.0,-0.5,-0.866,1.0,0.0,10,8.03,1
hatra,2025-07-02,0.4,4,10,19.6,20.9,0.0,-0.5,-0.866,1.0,0.0,10,5.28,1
hatra,2025-07-03,0.0,0,10,10.1,19.6,0.0,-0.5,-0.866,1.0,0.0,10,22.16,1
hatra,2025-07-04,0.0,0,10,16.3,17.6,0.0,-0.5,-0.866,1.0,0.0,10,5.95,1
hatra,2025-07-05,0.0,0,10,18.1,15.9,0.0,-0.5,-0.866,1.0,0.0,10,3.13,1
hatra,2025-07-06,0.0,0,10,19.7,14.0,0.0,-0.5,-0.866,1.0,0.0,10,4.84,1
hatra,2025-07-07,2.8,21,10,20.6,14.6,0.0,-0.5,-0.866,1.0,0.0,10,3.51,1
hatra,2025-07-08,5.7,34,9,16.3,10.9,0.0,-0.5,-0.866,1.0,0.0,10,2.65,1
hatra,2025-07-09,9.8,34,9,19.1,11.0,0.0,-0.5,-0.866,1.0,0.0,10,2.97,1
hatra,2025-07-10,1.4,10,10,15.2,9.8,0.0,-0.5,-0.866,1.0,19.9,7,7.05,1
hatra,2025-07-11,19.0,67,6,14.8,19.5,0.0,-0.5,-0.866,1.0,0.7,10,18.54,1
hatra,2025-07-12,30.9,69,4,15.2,18.9,0.0,-0.5,-0.866,1.0,2.4,10,12.96,1
hatra,2025-07-13,51.4,74,1,18.8,18.4,0.0,-0.5,-0.866,1.0,15.0,8,12.86,1
hatra,2025-07-14,51.0,77,2,21.8,17.4,0.0,-0.5,-0.866,1.0,22.9,7,44.69,1
hatra,2025-07-15,12.7,66,8,16.4,13.9,0.0,-0.5,-0.866,1.0,2.5,10,61.27,1
hatra,2025-07-16,0.3,2,10,19.0,14.5,0.0,-0.5,-0.866,1.0,0.0,10,4.69,1
hatra,2025-07-17,3.4,20,10,24.0,13.0,0.0,-0.5,-0.866,1.0,0.0,10,3.48,1
hatra,2025-07-18,1.5,11,10,19.1,15.6,0.0,-0.5,-0.866,1.0,0.0,10,2.76,1
hatra,2025-07-19,0.0,0,10,23.7,18.0,0.0,-0.5,-0.866,1.0,0.0,10,5.2,1
hatra,2025-07-20,0.0,0,10,24.0,10.7,0.0,-0.5,-0.866,1.0,0.0,10,5.03,1
hatra,2025-07-21,8.9,33,8,27.4,10.6,0.0,-0.5,-0.866,1.0,0.0,10,4.79,1
hatra,2025-07-22,2.8,16,10,17.7,20.0,0.0,-0.5,-0.866,1.0,0.0,10,8.8,1
hatra,2025-07-23,0.0,0,10,13.3,18.9,0.0,-0.5,-0.866,1.0,0.0,10,2.16,1
hatra,2025-07-24,6.7,20,10,14.8,10.1,0.0,-0.5,-0.866,1.0,0.0,10,5.19,1
hatra,2025-07-25,16.9,50,7,16.0,11.6,0.0,-0.5,-0.866,1.0,4.4,10,6.79,1
hatra,2025-07-26,34.7,78,6,16.0,18.5,0.0,-0.5,-0.866,1.0,21.7,7,21.04,1
hatra,2025-07-27,50.8,91,1,13.4,13.8,0.0,-0.5,-0.866,1.0,52.8,4,23.26,0
hatra,2025-07-28,33.1,64,3,15.3,9.0,0.0,-0.5,-0.866,1.0,9.3,8,43.55,1
hatra,2025-07-29,1.2,6,10,17.4,13.0,0.0,-0.5,-0.866,1.0,21.4,8,40.07,1
hatra,2025-07-30,14.7,34,6,19.9,9.3,0.0,-0.5,-0.866,1.0,0.0,10,2.79,1
hatra,2025-07-31,0.9,8,10,26.9,15.1,0.0,-0.5,-0.866,1.0,0.0,10,3.21,1
hatra,2025-08-01,0.0,0,10,29.9,18.8,0.0,-0.866,-0.5,1.0,0.0,10,5.41,1
hatra,2025-08-02,0.1,1,10,26.3,20.9,0.0,-0.866,-0.5,1.0,0.0,10,6.56,1
hatra,2025-08-03,0.0,0,10,17.3,23.9,0.0,-0.866,-0.5,1.0,0.0,10,6.9,1
hatra,2025-08-04,0.0,0,10,17.8,26.2,0.0,-0.866,-0.5,1.0,0.0,10,7.77,1
hatra,2025-08-05,0.0,0,10,20.9,21.1,0.0,-0.866,-0.5,1.0,0.0,10,4.27,1
hatra,2025-08-06,6.4,17,10,20.1,13.6,0.0,-0.866,-0.5,1.0,0.0,10,7.15,1
hatra,2025-08-07,0.0,0,10,28.3,13.4,0.0,-0.866,-0.5,1.0,0.0,10,5.76,1
hatra,2025-08-08,0.0,0,10,20.9,15.1,0.0,-0.866,-0.5,1.0,0.0,10,11.66,1
hatra,2025-08-09,1.6,15,10,15.4,15.1,0.0,-0.866,-0.5,1.0,0.0,10,5.08,1
hatra,2025-08-10,0.0,0,10,12.6,22.9,0.0,-0.866,-0.5,1.0,0.0,10,7.86,1
hatra,2025-08-11,0.0,0,10,11.7,16.2,0.0,-0.866,-0.5,1.0,0.0,10,8.75,1
hatra,2025-08-12,0.0,0,10,8.3,18.0,0.0,-0.866,-0.5,1.0,0.0,10,2.34,1
hatra,2025-08-13,0.0,0,10,13.8,13.2,0.0,-0.866,-0.5,1.0,0.0,10,5.83,1
hatra,2025-08-14,0.0,0,10,11.5,17.4,0.0,-0.866,-0.5,1.0,0.0,10,4.35,1
hatra,2025-08-15,0.0,0,10,7.9,17.1,0.0,-0.866,-0.5,1.0,0.0,10,1.4,1
hatra,2025-08-16,0.0,0,10,17.5,18.2,0.0,-0.866,-0.5,1.0,0.0,10,23.63,1
hatra,2025-08-17,0.0,0,10,26.6,15.5,0.0,-0.866,-0.5,1.0,0.0,10,1.93,1
hatra,2025-08-18,0.0,0,10,27.3,21.3,0.0,-0.866,-0.5,1.0,0.0,10,13.29,1
hatra,2025-08-19,0.0,0,10,28.4,18.1,0.0,-0.866,-0.5,1.0,0.0,10,21.39,1
hatra,2025-08-20,0.4,4,10,33.0,15.1,0.0,-0.866,-0.5,1.0,0.0,10,13.03,1
hatra,2025-08-21,0.3,3,10,31.9,10.2,0.0,-0.866,-0.5,1.0,0.0,10,5.47,1
hatra,2025-08-22,0.0,0,10,13.2,19.1,0.0,-0.866,-0.5,1.0,0.0,10,3.16,1
hatra,2025-08-23,0.0,0,10,14.2,15.7,0.0,-0.866,-0.5,1.0,0.0,10,4.42,1
hatra,2025-08-24,0.0,0,10,17.5,19.2,0.0,-0.866,-0.5,1.0,0.0,10,8.86,1
hatra,2025-08-25,0.0,0,10,25.5,15.5,0.0,-0.866,-0.5,1.0,0.0,10,3.73,1
hatra,2025-08-26,0.0,0,10,28.1,17.2,0.0,-0.866,-0.5,1.0,0.0,10,6.86,1
hatra,2025-08-27,0.0,0,10,31.9,12.3,0.0,-0.866,-0.5,1.0,0.0,10,5.96,1
hatra,2025-08-28,0.0,0,10,30.2,13.4,0.0,-0.866,-0.5,1.0,0.0,10,6.71,1
hatra,2025-08-29,0.0,0,10,22.6,19.3,0.0,-0.866,-0.5,1.0,0.0,10,6.0,1
hatra,2025-08-30,0.0,0,10,24.9,21.9,0.0,-0.866,-0.5,1.0,0.0,10,4.33,1
hatra,2025-08-31,0.0,0,10,34.6,16.6,0.0,-0.866,-0.5,1.0,0.0,10,5.69,1
hatra,2025-09-01,0.1,1,10,34.4,13.4,0.0,-1.0,-0.0,1.0,0.0,10,4.11,1
hatra,2025-09-02,0.1,1,10,37.1,13.8,0.0,-1.0,-0.0,1.0,0.0,10,4.71,1
hatra,2025-09-03,1.8,13,10,39.6,13.7,0.0,-1.0,-0.0,1.0,0.0,10,8.87,1
hatra,2025-09-04,0.0,0,10,30.6,11.0,0.0,-1.0,-0.0,1.0,0.0,10,15.4,1
hatra,2025-09-05,0.4,2,10,25.0,10.8,0.0,-1.0,-0.0,1.0,0.0,10,6.56,1
hatra,2025-09-06,0.0,0,10,23.0,10.9,0.0,-1.0,-0.0,1.0,0.0,10,3.79,1
hatra,2025-09-07,0.2,2,10,25.3,10.4,0.0,-1.0,-0.0,1.0,0.0,10,6.28,1
hatra,2025-09-08,0.8,5,10,24.4,17.9,0.0,-1.0,-0.0,1.0,0.0,10,3.88,1
hatra,2025-09-09,0.0,0,10,29.5,10.5,0.0,-1.0,-0.0,1.0,0.0,10,4.22,1
hatra,2025-09-10,0.0,0,10,26.0,11.6,0.0,-1.0,-0.0,1.0,0.0,10,3.52,1
hatra,2025-09-11,0.0,0,10,19.6,17.0,0.0,-1.0,-0.0,1.0,0.0,10,5.39,1
hatra,2025-09-12,0.0,0,10,22.1,9.5,0.0,-1.0,-0.0,1.0,0.0,10,6.25,1
hatra,2025-09-13,0.0,0,10,21.2,7.6,0.0,-1.0,-0.0,1.0,0.0,10,2.59,1
hatra,2025-09-14,0.0,0,10,23.2,10.0,0.0,-1.0,-0.0,1.0,0.0,10,6.6,1
hatra,2025-09-15,0.0,0,10,23.0,9.7,0.0,-1.0,-0.0,1.0,0.0,10,4.48,1
hatra,2025-09-16,0.8,3,10,27.4,8.7,0.0,-1.0,-0.0,1.0,0.0,10,4.27,1
hatra,2025-09-17,0.0,0,10,24.5,5.0,0.0,-1.0,-0.0,1.0,0.0,10,5.03,1
hatra,2025-09-18,0.0,0,10,28.1,24.0,0.0,-1.0,-0.0,1.0,0.0,10,3.98,1
hatra,2025-09-19,0.0,0,10,17.5,19.1,0.0,-1.0,-0.0,1.0,0.0,10,25.12,1
hatra,2025-09-20,0.0,0,10,25.1,9.1,0.0,-1.0,-0.0,1.0,0.0,10,6.13,1
hatra,2025-09-21,0.0,0,10,18.9,11.7,0.0,-1.0,-0.0,1.0,0.0,10,5.3,1
hatra,2025-09-22,0.0,0,10,22.6,4.7,0.0,-1.0,-0.0,1.0,0.0,10,7.57,1
hatra,2025-09-23,0.0,0,10,21.3,7.1,0.0,-1.0,-0.0,1.0,0.0,10,5.81,1
hatra,2025-09-24,0.0,0,10,24.6,4.5,0.0,-1.0,-0.0,1.0,0.0,10,6.38,1
hatra,2025-09-25,65.9,76,0,20.9,6.7,0.0,-1.0,-0.0,1.0,32.3,6,25.67,1
hatra,2025-09-26,0.0,0,10,15.6,12.6,0.0,-1.0,-0.0,1.0,0.0,10,18.1,1
hatra,2025-09-27,0.0,0,10,25.5,10.9,0.0,-1.0,-0.0,1.0,0.0,10,4.17,1
hatra,2025-09-28,0.0,0,10,31.0,3.0,0.0,-1.0,-0.0,1.0,0.0,10,5.17,1
hatra,2025-09-29,0.0,0,10,26.5,6.4,0.0,-1.0,-0.0,1.0,0.0,10,4.48,1
hatra,2025-09-30,0.8,6,10,41.0,13.4,0.0,-1.0,-0.0,1.0,0.0,10,9.82,1
hatra,2025-10-01,1.1,9,10,41.3,12.3,0.0,-0.866,0.5,1.0,0.0,10,5.01,1
hatra,2025-10-02,0.0,0,10,33.0,11.6,0.0,-0.866,0.5,1.0,0.0,10,3.49,1
hatra,2025-10-03,0.0,0,10,33.7,8.7,0.0,-0.866,0.5,1.0,0.0,10,3.46,1
hatra,2025-10-04,0.0,0,10,26.2,12.1,0.0,-0.866,0.5,1.0,0.0,10,5.13,1
hatra,2025-10-05,0.0,0,10,24.2,15.2,0.0,-0.866,0.5,1.0,0.0,10,7.92,1
hatra,2025-10-06,0.0,0,10,33.2,9.9,0.0,-0.866,0.5,1.0,0.0,10,3.0,1
hatra,2025-10-07,0.0,0,10,27.8,5.5,0.0,-0.866,0.5,1.0,0.0,10,3.22,1
hatra,2025-10-08,0.0,0,10,34.8,13.8,0.0,-0.866,0.5,1.0,0.0,10,3.74,1
hatra,2025-10-09,18.3,65,7,39.6,12.0,0.0,-0.866,0.5,1.0,1.5,10,5.68,1
hatra,2025-10-10,0.0,0,10,38.4,12.3,0.0,-0.866,0.5,1.0,0.0,10,5.74,1
hatra,2025-10-11,0.0,0,10,44.5,4.7,0.0,-0.866,0.5,1.0,0.0,10,11.78,1
hatra,2025-10-12,26.5,72,5,29.3,15.3,0.0,-0.866,0.5,1.0,3.2,10,11.61,1
hatra,2025-10-13,2.9,16,10,41.7,9.3,0.0,-0.866,0.5,1.0,0.0,10,9.7,1
hatra,2025-10-14,0.0,0,10,39.3,3.8,0.0,-0.866,0.5,1.0,0.0,10,6.29,1
hatra,2025-10-15,0.0,0,10,39.9,2.4,0.0,-0.866,0.5,1.0,0.0,10,5.35,1
hatra,2025-10-16,0.0,0,10,35.9,5.4,0.0,-0.866,0.5,1.0,0.0,10,4.94,1
hatra,2025-10-17,1.3,9,10,30.4,5.6,0.0,-0.866,0.5,1.0,0.5,10,2.82,1
hatra,2025-10-18,13.9,59,8,30.3,3.5,0.0,-0.866,0.5,1.0,6.9,10,9.74,1
hatra,2025-10-19,0.0,0,10,41.7,14.8,0.0,-0.866,0.5,1.0,0.5,10,2.04,1
hatra,2025-10-20,10.5,46,9,53.6,5.4,0.0,-0.866,0.5,1.0,15.3,8,9.34,1
hatra,2025-10-21,70.2,100,0,54.5,12.3,0.0,-0.866,0.5,1.0,62.4,1,47.0,0
hatra,2025-10-22,34.0,100,4,48.2,8.9,0.0,-0.866,0.5,1.0,11.4,9,13.53,1
hatra,2025-10-23,21.6,92,7,39.5,4.1,0.0,-0.866,0.5,1.0,8.5,8,7.82,1
hatra,2025-10-24,69.5,99,0,26.8,9.9,0.0,-0.866,0.5,1.0,25.0,6,34.53,1
hatra,2025-10-25,16.8,94,9,36.6,13.3,0.0,-0.866,0.5,1.0,19.9,7,7.82,1
hatra,2025-10-26,5.3,23,10,46.2,9.9,0.0,-0.866,0.5,1.0,16.2,7,10.12,1
hatra,2025-10-27,0.0,0,10,50.9,3.6,0.0,-0.866,0.5,1.0,0.0,10,6.22,1
hatra,2025-10-28,0.0,0,10,45.9,2.5,0.0,-0.866,0.5,1.0,0.0,10,4.28,1
hatra,2025-10-29,0.0,0,10,42.7,12.5,0.0,-0.866,0.5,1.0,0.0,10,22.83,1
hatra,2025-10-30,0.0,0,10,31.2,8.2,0.0,-0.866,0.5,1.0,0.0,10,4.37,1
hatra,2025-10-31,0.0,0,10,24.5,8.6,0.0,-0.866,0.5,1.0,0.0,10,9.5,1
hatra,2025-11-01,12.9,74,8,25.9,5.9,0.0,-0.5,0.866,1.0,5.3,10,12.18,1
hatra,2025-11-02,1.1,11,10,28.8,4.4,0.0,-0.5,0.866,1.0,2.8,9,9.16,1
hatra,2025-11-03,33.8,100,6,28.3,6.4,0.0,-0.5,0.866,1.0,0.0,10,4.55,1
hatra,2025-11-04,10.6,29,9,29.3,4.7,0.0,-0.5,0.866,1.0,2.5,10,7.6,1
hatra,2025-11-05,23.0,61,6,36.1,4.0,0.0,-0.5,0.866,1.0,0.2,10,18.75,1
hatra,2025-11-06,18.1,45,8,34.4,4.0,0.0,-0.5,0.866,1.0,3.7,10,1.99,1
hatra,2025-11-07,0.5,4,10,45.3,4.5,0.0,-0.5,0.866,1.0,0.0,10,12.28,1
hatra,2025-11-08,0.0,0,10,39.4,6.2,0.0,-0.5,0.866,1.0,0.0,10,8.01,1
hatra,2025-11-09,32.7,100,7,31.9,9.4,0.0,-0.5,0.866,1.0,54.3,4,13.99,0
hatra,2025-11-10,4.3,41,9,29.8,7.9,0.0,-0.5,0.866,1.0,0.1,10,9.11,1
hatra,2025-11-11,38.9,100,6,36.9,3.9,0.0,-0.5,0.866,1.0,8.9,9,36.52,1
hatra,2025-11-12,35.5,85,4,33.9,5.1,0.0,-0.5,0.866,1.0,82.2,1,59.08,0
hatra,2025-11-13,15.6,100,8,38.0,5.6,0.0,-0.5,0.866,1.0,0.3,10,64.97,1
hatra,2025-11-14,78.6,100,0,45.4,26.3,0.3,-0.5,0.866,1.0,79.5,0,59.61,0
hatra,2025-11-15,91.4,100,0,88.3,19.5,8.6,-0.5,0.866,1.0,62.2,3,48.98,0
hatra,2025-11-16,34.0,61,3,78.3,7.4,0.0,-0.5,0.866,1.0,4.9,10,68.02,1
hatra,2025-11-17,12.5,47,8,81.8,6.4,0.0,-0.5,0.866,1.0,36.8,5,4.84,0
hatra,2025-11-18,20.8,95,8,75.7,5.8,0.0,-0.5,0.866,1.0,30.2,6,4.31,1
hatra,2025-11-19,0.0,0,10,73.0,5.7,0.0,-0.5,0.866,1.0,0.0,10,0.85,1
hatra,2025-11-20,0.0,0,10,60.6,6.6,0.0,-0.5,0.866,1.0,0.7,10,3.66,1
hatra,2025-11-21,0.0,0,10,54.9,5.7,0.0,-0.5,0.866,1.0,0.0,10,1.06,1
hatra,2025-11-22,0.0,0,10,56.6,4.0,0.0,-0.5,0.866,1.0,0.2,10,0.01,1
hatra,2025-11-23,0.0,0,10,56.0,3.3,0.0,-0.5,0.866,1.0,0.0,10,0.35,1
hatra,2025-11-24,59.9,100,3,54.7,4.0,0.0,-0.5,0.866,1.0,56.6,2,6.84,0
hatra,2025-11-25,94.1,100,0,62.0,4.0,0.0,-0.5,0.866,1.0,95.5,0,51.36,0
hatra,2025-11-26,11.4,55,8,64.1,6.4,0.0,-0.5,0.866,1.0,0.0,10,58.12,1
hatra,2025-11-27,6.5,27,9,64.4,6.4,0.0,-0.5,0.866,1.0,6.3,9,0.42,1
hatra,2025-11-28,68.9,100,2,65.6,5.2,0.0,-0.5,0.866,1.0,56.4,4,3.01,0
hatra,2025-11-29,76.1,100,0,55.8,4.3,0.0,-0.5,0.866,1.0,58.0,3,73.43,0
hatra,2025-11-30,72.1,80,0,60.9,4.3,0.1,-0.5,0.866,1.0,34.7,3,53.07,0
hatra,2025-12-01,0.0,0,10,65.8,11.5,0.0,-0.0,1.0,1.0,0.0,10,7.62,1
hatra,2025-12-02,0.0,0,10,71.3,7.6,0.0,-0.0,1.0,1.0,0.0,10,7.61,1
hatra,2025-12-03,28.2,88,6,65.6,4.8,0.0,-0.0,1.0,1.0,24.6,7,8.17,1
hatra,2025-12-04,83.2,100,0,52.9,5.0,0.0,-0.0,1.0,1.0,68.7,3,57.2,0
hatra,2025-12-05,55.0,100,1,58.4,4.7,0.0,-0.0,1.0,1.0,29.4,7,25.57,1
hatra,2025-12-06,100.0,100,0,49.8,16.8,0.0,-0.0,1.0,1.0,100.0,0,91.87,0
hatra,2025-12-07,94.3,100,0,88.0,16.3,3.3,-0.0,1.0,1.0,93.9,0,97.7,0
hatra,2025-12-08,98.7,100,0,89.9,13.3,5.7,-0.0,1.0,1.0,73.1,0,86.67,0
hatra,2025-12-09,99.7,100,0,93.6,10.2,0.0,-0.0,1.0,1.0,76.9,2,79.34,0
hatra,2025-12-10,79.3,100,0,85.3,7.1,0.0,-0.0,1.0,1.0,44.5,6,40.2,1
hatra,2025-12-11,97.2,100,0,89.8,6.2,0.0,-0.0,1.0,1.0,99.6,0,78.07,0
hatra,2025-12-12,98.2,100,0,95.2,12.4,2.0,-0.0,1.0,1.0,84.4,0,83.81,0
hatra,2025-12-13,3.0,28,9,86.8,8.1,0.0,-0.0,1.0,1.0,4.6,10,54.68,1
hatra,2025-12-14,45.5,96,2,93.9,3.0,0.0,-0.0,1.0,1.0,69.2,3,43.14,0
hatra,2025-12-15,89.8,100,0,92.7,3.6,0.0,-0.0,1.0,1.0,93.3,0,71.93,0
hatra,2025-12-16,98.7,100,0,88.9,11.7,0.4,-0.0,1.0,1.0,99.1,0,96.47,0
hatra,2025-12-17,31.9,69,4,68.8,10.9,0.0,-0.0,1.0,1.0,0.8,10,62.02,1
hatra,2025-12-18,0.0,0,10,76.0,8.5,0.0,-0.0,1.0,1.0,0.0,10,8.89,1
hatra,2025-12-19,4.7,47,9,76.1,6.5,0.0,-0.0,1.0,1.0,1.3,10,4.01,1
hatra,2025-12-20,0.0,0,10,80.1,4.1,0.0,-0.0,1.0,1.0,1.4,10,12.94,1
hatra,2025-12-21,88.8,100,0,67.0,6.7,0.0,-0.0,1.0,1.0,89.4,0,62.83,0
hatra,2025-12-22,96.8,100,0,78.7,4.6,0.0,-0.0,1.0,1.0,99.7,0,47.43,0
hatra,2025-12-23,82.2,100,0,72.3,8.0,0.3,-0.0,1.0,1.0,81.8,1,93.46,0
hatra,2025-12-24,0.0,0,10,85.5,5.3,0.0,-0.0,1.0,1.0,0.0,10,35.92,1
hatra,2025-12-25,50.8,100,5,85.4,4.3,0.0,-0.0,1.0,1.0,14.8,8,30.03,1
hatra,2025-12-26,96.9,100,0,82.5,8.4,0.0,-0.0,1.0,1.0,97.6,0,53.75,0
hatra,2025-12-27,100.0,100,0,85.4,26.7,7.8,-0.0,1.0,1.0,88.8,0,97.77,0
hatra,2025-12-28,0.0,0,10,66.8,9.8,0.0,-0.0,1.0,1.0,0.0,10,55.48,1
hatra,2025-12-29,12.2,55,7,81.3,24.5,0.0,-0.0,1.0,1.0,0.3,10,58.8,1
hatra,2025-12-30,58.7,100,4,78.8,5.8,0.0,-0.0,1.0,1.0,82.7,1,10.3,0
hatra,2025-12-31,83.4,100,0,70.9,24.6,0.0,-0.0,1.0,1.0,19.6,8,74.75,1
hatra,2026-01-01,99.6,100,0,89.8,12.2,4.9,0.5,0.866,1.0,98.3,0,83.65,0
hatra,2026-01-02,0.8,8,10,75.1,8.3,0.0,0.5,0.866,1.0,18.4,7,48.73,1
hatra,2026-01-03,2.3,20,10,79.5,5.4,0.0,0.5,0.866,1.0,0.0,10,7.07,1
hatra,2026-01-04,11.7,94,9,80.7,6.1,0.0,0.5,0.866,1.0,31.1,6,2.71,1
hatra,2026-01-05,50.0,100,4,78.7,5.0,0.0,0.5,0.866,1.0,65.7,3,32.49,0
hatra,2026-01-06,61.2,100,0,80.7,4.1,0.0,0.5,0.866,1.0,42.3,5,34.92,0
hatra,2026-01-07,4.0,36,9,78.1,4.8,0.0,0.5,0.866,1.0,2.1,10,38.31,1
hatra,2026-01-08,68.2,100,1,66.5,7.3,0.0,0.5,0.866,1.0,66.6,2,11.16,0
hatra,2026-01-09,86.3,100,0,92.5,9.8,0.9,0.5,0.866,1.0,87.5,1,92.93,0
hatra,2026-01-10,6.8,21,10,85.4,4.5,0.0,0.5,0.866,1.0,15.7,8,64.88,1
hatra,2026-01-11,0.9,5,10,82.3,5.4,0.0,0.5,0.866,1.0,0.0,10,24.43,1
hatra,2026-01-12,58.1,100,3,60.2,18.2,0.0,0.5,0.866,1.0,39.1,6,44.76,1
hatra,2026-01-13,98.8,100,0,90.3,11.9,3.4,0.5,0.866,1.0,64.2,1,54.3,0
hatra,2026-01-14,29.9,59,4,61.8,11.8,0.0,0.5,0.866,1.0,27.5,7,65.48,1
hatra,2026-01-15,0.0,0,10,70.9,11.5,0.0,0.5,0.866,1.0,3.0,9,22.49,1
hatra,2026-01-16,51.4,100,4,72.8,3.1,0.0,0.5,0.866,1.0,33.4,5,7.75,0
hatra,2026-01-17,85.3,100,0,70.6,5.4,0.0,0.5,0.866,1.0,73.5,2,65.25,0
hatra,2026-01-18,95.4,100,0,82.2,15.9,0.2,0.5,0.866,1.0,98.4,0,97.62,0
hatra,2026-01-19,0.0,0,10,59.5,13.7,0.0,0.5,0.866,1.0,4.0,9,47.69,1
hatra,2026-01-20,4.5,21,10,70.0,5.2,0.0,0.5,0.866,1.0,0.0,10,14.73,1
hatra,2026-01-21,18.4,100,8,77.2,4.7,0.0,0.5,0.866,1.0,64.8,2,44.41,0
hatra,2026-01-22,99.6,100,0,70.4,20.2,4.0,0.5,0.866,1.0,100.0,0,99.24,0
hatra,2026-01-23,80.8,100,0,77.3,12.6,0.0,0.5,0.866,1.0,75.1,2,76.82,0
hatra,2026-01-24,60.3,100,3,70.8,13.7,0.0,0.5,0.866,1.0,69.6,3,54.92,0
hatra,2026-01-25,0.0,0,10,79.6,12.2,0.0,0.5,0.866,1.0,0.0,10,4.7,1
hatra,2026-01-26,92.5,100,0,80.8,2.9,0.0,0.5,0.866,1.0,60.4,3,19.53,0
hatra,2026-01-27,75.1,100,1,75.9,14.4,0.0,0.5,0.866,1.0,21.2,8,35.69,1
hatra,2026-01-28,86.0,100,1,89.1,13.0,0.0,0.5,0.866,1.0,40.6,5,75.97,0
hatra,2026-01-29,51.4,100,4,84.0,4.7,0.0,0.5,0.866,1.0,52.3,4,28.67,0
hatra,2026-01-30,95.1,100,0,89.1,17.1,0.1,0.5,0.866,1.0,93.9,0,91.99,0
hatra,2026-01-31,93.8,100,0,83.0,5.4,0.0,0.5,0.866,1.0,77.8,1,95.98,0
hatra,2026-02-01,89.5,100,0,81.2,10.1,0.0,0.866,0.5,1.0,97.5,0,86.93,0
hatra,2026-02-02,91.3,100,0,76.8,15.7,0.5,0.866,0.5,1.0,58.2,1,71.17,0
hatra,2026-02-03,79.7,100,0,85.5,17.8,0.0,0.866,0.5,1.0,54.7,3,79.23,0
hatra,2026-02-04,0.5,5,10,62.5,9.2,0.0,0.866,0.5,1.0,0.2,10,8.41,1
hatra,2026-02-05,60.9,100,2,67.7,2.5,0.0,0.866,0.5,1.0,69.8,3,37.71,0
hatra,2026-02-06,99.6,100,0,62.1,17.0,0.1,0.866,0.5,1.0,99.8,0,95.67,0
hatra,2026-02-07,95.2,100,0,91.5,9.4,2.7,0.866,0.5,1.0,73.9,2,97.72,0
hatra,2026-02-08,72.6,100,1,80.7,14.0,0.2,0.866,0.5,1.0,58.6,2,63.35,0
hatra,2026-02-09,72.7,100,2,81.5,3.3,0.0,0.866,0.5,1.0,91.8,0,60.79,0
hatra,2026-02-10,99.8,100,0,88.4,6.1,0.0,0.866,0.5,1.0,96.4,0,87.53,0
hatra,2026-02-11,89.2,100,0,81.5,8.7,0.4,0.866,0.5,1.0,95.3,0,59.91,0
hatra,2026-02-12,94.5,100,0,77.0,6.2,0.0,0.866,0.5,1.0,100.0,0,67.84,0
hatra,2026-02-13,94.5,100,0,72.0,12.5,0.0,0.866,0.5,1.0,99.9,0,81.33,0
hatra,2026-02-14,48.1,87,2,73.3,5.5,0.0,0.866,0.5,1.0,0.6,10,68.56,1
hatra,2026-02-15,0.7,5,10,74.5,3.6,0.0,0.866,0.5,1.0,0.0,10,0.75,1
hatra,2026-02-16,20.2,52,6,66.3,3.1,0.0,0.866,0.5,1.0,3.0,10,1.16,1
hatra,2026-02-17,90.6,100,0,52.5,12.6,0.7,0.866,0.5,1.0,73.1,3,54.12,0
hatra,2026-02-18,22.3,59,6,54.4,12.2,0.0,0.866,0.5,1.0,0.0,10,14.48,1
hatra,2026-02-19,0.0,0,10,63.8,9.5,0.0,0.866,0.5,1.0,0.0,10,2.1,1
hatra,2026-02-20,0.0,0,10,55.2,5.9,0.0,0.866,0.5,1.0,0.0,10,1.03,1
hatra,2026-02-21,0.0,0,10,46.3,3.1,0.0,0.866,0.5,1.0,0.0,10,0.01,1
hatra,2026-02-22,0.0,0,10,53.4,12.1,0.0,0.866,0.5,1.0,0.0,10,5.93,1
hatra,2026-02-23,12.8,49,8,53.9,10.0,0.0,0.866,0.5,1.0,7.9,9,2.09,1
hatra,2026-02-24,1.3,9,10,66.5,9.7,0.0,0.866,0.5,1.0,2.7,10,49.44,1
hatra,2026-02-25,23.4,50,5,61.9,13.4,0.0,0.866,0.5,1.0,2.4,10,7.32,1
hatra,2026-02-26,94.9,100,0,80.2,20.6,11.1,0.866,0.5,1.0,85.0,0,56.28,0
hatra,2026-02-27,6.5,25,9,52.3,9.7,0.0,0.866,0.5,1.0,0.1,10,31.88,1
hatra,2026-02-28,17.5,75,7,65.3,5.6,0.0,0.866,0.5,1.0,17.7,7,14.48,1
hatra,2026-03-01,50.1,97,3,60.9,7.7,0.0,1.0,0.0,1.0,37.5,5,18.81,0
hatra,2026-03-02,0.0,0,10,54.0,6.8,0.0,1.0,0.0,1.0,0.6,10,13.76,1
hatra,2026-03-03,0.2,2,10,51.9,5.7,0.0,1.0,0.0,1.0,0.0,10,0.35,1
hatra,2026-03-04,89.6,100,1,70.3,17.4,5.5,1.0,0.0,1.0,87.6,1,40.49,0
hatra,2026-03-05,1.2,7,10,62.5,4.5,0.0,1.0,0.0,1.0,0.0,10,63.98,1
hatra,2026-03-06,87.7,100,0,56.9,5.3,0.0,1.0,0.0,1.0,52.0,4,42.59,0
hatra,2026-03-07,90.6,100,0,64.2,12.1,2.5,1.0,0.0,1.0,70.3,2,48.66,0
hatra,2026-03-08,3.3,24,10,76.7,8.9,0.0,1.0,0.0,1.0,4.1,10,53.56,1
hatra,2026-03-09,44.2,77,2,69.6,9.9,0.0,1.0,0.0,1.0,5.2,10,8.97,1
hatra,2026-03-10,56.0,78,0,40.0,16.1,0.0,1.0,0.0,1.0,0.0,10,14.53,1
hatra,2026-03-11,17.3,58,6,53.3,8.7,0.0,1.0,0.0,1.0,2.7,10,2.08,1
hatra,2026-03-12,71.6,84,0,43.5,7.6,0.1,1.0,0.0,1.0,19.6,7,20.86,1
hatra,2026-03-13,46.4,91,3,56.0,12.2,0.0,1.0,0.0,1.0,31.2,7,35.85,1
hatra,2026-03-14,100.0,100,0,87.4,17.9,7.3,1.0,0.0,1.0,100.0,0,91.92,0
hatra,2026-03-15,76.1,96,0,93.1,20.0,2.3,1.0,0.0,1.0,28.1,7,86.63,1
hatra,2026-03-16,56.4,90,0,72.4,6.7,0.0,1.0,0.0,1.0,21.8,8,36.29,1
hatra,2026-03-17,0.6,6,10,75.6,6.6,0.0,1.0,0.0,1.0,3.7,10,31.8,1
hatra,2026-03-18,46.9,100,5,72.4,7.3,0.0,1.0,0.0,1.0,57.3,4,4.85,0
hatra,2026-03-19,99.0,100,0,89.0,27.9,13.0,1.0,0.0,1.0,98.5,0,99.87,0
hatra,2026-03-20,65.8,100,1,79.8,13.9,1.2,1.0,0.0,1.0,52.2,2,59.64,0
hatra,2026-03-21,93.7,100,0,87.5,18.7,2.4,1.0,0.0,1.0,98.4,0,85.92,0
hatra,2026-03-22,47.2,75,0,86.2,11.1,0.0,1.0,0.0,1.0,17.9,6,74.59,1
hatra,2026-03-23,98.9,100,0,61.6,6.5,0.0,1.0,0.0,1.0,99.6,0,48.71,0
hatra,2026-03-24,99.8,100,0,86.7,13.1,5.8,1.0,0.0,1.0,88.7,0,88.27,0
hatra,2026-03-25,87.5,100,0,88.7,14.4,3.3,1.0,0.0,1.0,86.0,1,82.77,0
hatra,2026-03-26,100.0,100,0,87.3,21.9,5.5,1.0,0.0,1.0,99.4,0,96.55,0
hatra,2026-03-27,59.1,88,1,84.9,9.2,0.1,1.0,0.0,1.0,54.0,4,95.78,0
hatra,2026-03-28,37.7,100,3,71.7,10.0,0.0,1.0,0.0,1.0,43.9,6,32.66,1
hatra,2026-03-29,86.5,97,0,84.3,17.0,1.7,1.0,0.0,1.0,63.6,3,89.79,0
hatra,2026-03-30,63.6,100,3,83.9,15.9,0.3,1.0,0.0,1.0,36.9,5,15.96,0
hatra,2026-03-31,15.6,95,8,72.7,4.9,0.0,1.0,0.0,1.0,2.0,10,45.01,1
hatra,2026-04-01,78.6,100,2,65.4,2.8,0.0,0.866,-0.5,1.0,98.2,0,26.67,0
hatra,2026-04-02,89.2,98,0,82.0,13.7,0.5,0.866,-0.5,1.0,61.1,2,92.36,0
hatra,2026-04-03,72.9,100,1,79.2,18.7,0.0,0.866,-0.5,1.0,32.7,5,66.08,0
hatra,2026-04-04,12.3,41,8,67.4,12.0,0.0,0.866,-0.5,1.0,4.8,10,8.95,1
hatra,2026-04-05,3.7,14,10,69.2,10.7,0.0,0.866,-0.5,1.0,1.2,10,1.22,1
hatra,2026-04-06,12.8,44,8,82.3,7.9,0.0,0.866,-0.5,1.0,9.2,9,9.41,1
hatra,2026-04-07,62.9,100,3,92.0,4.4,0.0,0.866,-0.5,1.0,58.6,2,67.07,0
hatra,2026-04-08,23.2,93,7,69.9,9.7,0.0,0.866,-0.5,1.0,7.3,10,17.96,1
hatra,2026-04-09,39.8,76,5,65.5,15.8,0.0,0.866,-0.5,1.0,7.6,9,36.13,1
hatra,2026-04-10,66.8,100,1,59.4,9.7,0.0,0.866,-0.5,1.0,21.7,7,18.24,1
hatra,2026-04-11,74.0,100,1,66.3,13.6,0.0,0.866,-0.5,1.0,14.7,6,33.28,1
hatra,2026-04-12,85.8,99,0,74.1,13.4,0.8,0.866,-0.5,1.0,44.7,4,68.56,0
hatra,2026-04-13,3.8,20,10,59.2,14.3,0.0,0.866,-0.5,1.0,0.2,10,33.61,1
hatra,2026-04-14,2.4,17,10,51.0,4.3,0.0,0.866,-0.5,1.0,32.4,4,8.0,0
hatra,2026-04-15,62.8,100,4,57.2,5.2,0.0,0.866,-0.5,1.0,27.7,7,50.91,1
hatra,2026-04-16,65.2,100,3,66.9,5.1,0.0,0.866,-0.5,1.0,43.3,5,56.89,0
hatra,2026-04-17,99.4,100,0,46.3,10.5,0.0,0.866,-0.5,1.0,92.2,0,37.96,0
hatra,2026-04-18,87.3,100,0,86.0,19.4,4.2,0.866,-0.5,1.0,22.6,7,90.76,1
hatra,2026-04-19,53.3,88,2,82.6,10.1,0.0,0.866,-0.5,1.0,8.4,10,30.44,1
hatra,2026-04-20,40.2,77,3,88.0,16.2,0.4,0.866,-0.5,1.0,12.0,9,38.77,1
hatra,2026-04-21,5.0,36,9,73.6,9.5,0.0,0.866,-0.5,1.0,1.7,10,20.02,1
hatra,2026-04-22,20.1,65,6,56.4,4.4,0.0,0.866,-0.5,1.0,1.6,10,7.76,1
hatra,2026-04-23,11.1,39,7,48.5,13.8,0.0,0.866,-0.5,1.0,0.0,10,0.5,1
hatra,2026-04-24,74.7,100,0,60.9,15.3,0.0,0.866,-0.5,1.0,56.5,2,20.2,0
hatra,2026-04-25,99.2,100,0,43.8,14.5,0.0,0.866,-0.5,1.0,66.6,2,91.67,0
hatra,2026-04-26,84.1,100,0,79.2,20.2,5.5,0.866,-0.5,1.0,41.6,4,61.83,0
hatra,2026-04-27,93.1,100,0,67.4,13.4,0.0,0.866,-0.5,1.0,78.8,2,81.39,0
hatra,2026-04-28,10.8,24,10,81.6,14.3,0.0,0.866,-0.5,1.0,6.5,10,80.62,1
hatra,2026-04-29,9.9,65,8,63.9,11.3,0.0,0.866,-0.5,1.0,3.7,9,6.91,1
hatra,2026-04-30,12.9,33,7,45.4,4.5,0.0,0.866,-0.5,1.0,1.4,10,4.97,1
hatra,2026-05-01,92.7,100,0,52.9,33.1,0.7,0.5,-0.866,1.0,73.7,1,36.28,0
hatra,2026-05-02,83.4,100,0,41.5,11.0,0.0,0.5,-0.866,1.0,79.4,0,64.98,0
hatra,2026-05-03,72.0,100,0,33.7,36.5,0.0,0.5,-0.866,1.0,32.5,5,67.51,0
hatra,2026-05-04,27.3,100,6,37.9,19.1,0.0,0.5,-0.866,1.0,0.8,10,16.86,1
hatra,2026-05-05,45.3,69,2,47.0,27.1,0.0,0.5,-0.866,1.0,19.3,7,7.39,1
hatra,2026-05-06,4.0,11,10,51.4,10.1,0.0,0.5,-0.866,1.0,0.0,10,7.58,1
hatra,2026-05-07,1.5,10,10,42.1,13.0,0.0,0.5,-0.866,1.0,4.1,10,5.55,1
hatra,2026-05-08,0.0,0,10,37.7,8.9,0.0,0.5,-0.866,1.0,0.0,10,0.48,1
hatra,2026-05-09,30.1,58,3,31.9,7.6,0.0,0.5,-0.866,1.0,6.9,9,10.99,1
hatra,2026-05-10,68.8,77,0,36.5,10.5,0.0,0.5,-0.866,1.0,34.6,4,53.75,0
hatra,2026-05-11,61.8,100,0,29.8,9.2,0.0,0.5,-0.866,1.0,21.9,7,32.36,1
hatra,2026-05-12,36.7,100,6,29.5,17.6,0.0,0.5,-0.866,1.0,3.2,10,34.99,1
hatra,2026-05-13,5.6,34,9,31.8,27.0,0.0,0.5,-0.866,1.0,9.8,9,4.93,1
hatra,2026-05-14,65.3,100,2,33.1,17.8,0.0,0.5,-0.866,1.0,28.1,7,34.1,1
hatra,2026-05-15,71.8,100,2,49.7,22.7,0.0,0.5,-0.866,1.0,0.6,10,58.87,1
hatra,2026-05-16,25.4,100,7,50.6,21.7,0.0,0.5,-0.866,1.0,4.9,10,29.95,1
hatra,2026-05-17,25.8,68,6,32.8,15.9,0.0,0.5,-0.866,1.0,18.3,6,18.62,1
hatra,2026-05-18,22.3,59,6,39.1,35.5,0.0,0.5,-0.866,1.0,0.7,10,16.63,1
hatra,2026-05-19,23.8,82,7,38.9,26.9,0.0,0.5,-0.866,1.0,14.0,7,31.24,1
hatra,2026-05-20,84.0,100,0,42.1,20.1,0.5,0.5,-0.866,1.0,57.4,2,69.39,0
hatra,2026-05-21,32.9,75,3,43.0,20.5,0.0,0.5,-0.866,1.0,4.0,10,30.38,1
hatra,2026-05-22,16.7,93,8,39.7,12.9,0.0,0.5,-0.866,1.0,3.8,10,10.04,1
hatra,2026-05-23,50.5,84,2,29.2,14.5,0.0,0.5,-0.866,1.0,24.3,7,9.41,1
hatra,2026-05-24,0.0,0,10,33.0,24.0,0.0,0.5,-0.866,1.0,0.1,10,20.35,1
hatra,2026-05-25,0.0,0,10,33.1,14.5,0.0,0.5,-0.866,1.0,1.8,10,0.39,1
hatra,2026-05-26,23.6,76,7,28.7,13.6,0.0,0.5,-0.866,1.0,15.8,7,3.42,1
hatra,2026-05-27,23.0,92,7,28.4,4.7,0.0,0.5,-0.866,1.0,25.1,6,15.62,1
hatra,2026-05-28,100.0,100,0,25.6,28.6,0.0,0.5,-0.866,1.0,73.9,0,70.26,0
hatra,2026-05-29,0.7,5,10,31.9,18.8,0.0,0.5,-0.866,1.0,3.9,10,44.83,1
hatra,2026-05-30,6.3,22,10,27.1,17.4,0.0,0.5,-0.866,1.0,4.5,9,8.68,1
hatra,2026-05-31,62.7,100,2,22.8,12.7,0.0,0.5,-0.866,1.0,52.7,3,10.22,0
hatra,2026-06-01,50.2,70,0,23.5,4.9,0.0,0.0,-1.0,1.0,24.3,5,13.83,0
hatra,2026-06-02,43.5,72,2,22.5,9.0,0.0,0.0,-1.0,1.0,2.2,10,21.99,1
hatra,2026-06-03,6.8,25,9,21.8,12.8,0.0,0.0,-1.0,1.0,14.5,8,35.95,1
hatra,2026-06-04,0.0,0,10,19.9,13.4,0.0,0.0,-1.0,1.0,0.5,10,4.92,1
hatra,2026-06-05,0.0,0,10,16.7,9.7,0.0,0.0,-1.0,1.0,0.0,10,1.92,1
hatra,2026-06-06,36.6,69,2,15.0,11.1,0.0,0.0,-1.0,1.0,18.7,6,13.64,1
hatra,2026-06-07,0.0,0,10,18.3,15.1,0.0,0.0,-1.0,1.0,0.0,10,15.09,1
hatra,2026-06-08,2.9,18,10,23.5,6.9,0.0,0.0,-1.0,1.0,0.0,10,0.37,1
hatra,2026-06-09,17.7,48,6,21.1,12.6,0.0,0.0,-1.0,1.0,0.2,10,3.96,1
hatra,2026-06-10,12.5,46,8,16.6,9.8,0.0,0.0,-1.0,1.0,0.8,10,6.7,1
hatra,2026-06-11,21.4,100,7,21.9,16.2,0.0,0.0,-1.0,1.0,35.4,6,3.85,1
hatra,2026-06-12,17.7,38,6,28.0,16.6,0.0,0.0,-1.0,1.0,0.0,10,23.82,1
hatra,2026-06-13,1.4,10,10,22.0,12.9,0.0,0.0,-1.0,1.0,0.0,10,1.86,1
hatra,2026-06-14,14.7,43,6,27.8,17.7,0.0,0.0,-1.0,1.0,0.4,10,1.73,1
hatra,2026-06-15,0.4,2,10,28.7,11.3,0.0,0.0,-1.0,1.0,0.0,10,3.28,1
hatra,2026-06-16,0.0,0,10,23.4,10.4,0.0,0.0,-1.0,1.0,0.0,10,4.01,1
hatra,2026-06-17,1.6,12,10,18.2,8.3,0.0,0.0,-1.0,1.0,0.0,10,5.5,1
hatra,2026-06-18,0.1,1,10,15.5,20.2,0.0,0.0,-1.0,1.0,0.0,10,2.78,1
hatra,2026-06-19,0.0,0,10,18.5,12.7,0.0,0.0,-1.0,1.0,0.0,10,4.2,1
hatra,2026-06-20,0.0,0,10,16.3,17.6,0.0,0.0,-1.0,1.0,0.0,10,3.38,1
hatra,2026-06-21,0.0,0,10,17.9,13.9,0.0,0.0,-1.0,1.0,0.0,10,1.8,1
hatra,2026-06-22,0.0,0,10,16.5,6.2,0.0,0.0,-1.0,1.0,0.0,10,6.65,1
hatra,2026-06-23,0.0,0,10,22.9,19.5,0.0,0.0,-1.0,1.0,0.0,10,2.8,1
hatra,2026-06-24,0.9,7,10,25.3,12.1,0.0,0.0,-1.0,1.0,0.0,10,4.72,1
hatra,2026-06-25,7.9,29,9,21.2,13.0,0.0,0.0,-1.0,1.0,3.2,10,3.13,1
hatra,2026-06-26,0.5,3,10,25.5,10.6,0.0,0.0,-1.0,1.0,0.0,10,3.95,1
hatra,2026-06-27,6.7,33,9,21.6,15.4,0.0,0.0,-1.0,1.0,0.0,10,4.81,1
hatra,2026-06-28,0.0,0,10,13.2,20.1,0.0,0.0,-1.0,1.0,0.0,10,1.32,1
hatra,2026-06-29,0.0,0,10,12.1,11.9,0.0,0.0,-1.0,1.0,0.0,10,1.73,1
hatra,2026-06-30,0.0,0,10,14.0,17.9,0.0,0.0,-1.0,1.0,0.0,10,,1
hatra,2026-07-01,0.0,0,10,12.8,13.7,0.0,-0.5,-0.866,1.0,0.0,10,,1
hatra,2026-07-02,0.0,0,10,18.0,18.3,0.0,-0.5,-0.866,1.0,0.0,10,,1
hatra,2026-07-03,1.7,12,10,25.6,13.7,0.0,-0.5,-0.866,1.0,0.0,10,,1
hatra,2026-07-04,20.5,51,6,25.1,14.9,0.0,-0.5,-0.866,1.0,17.1,8,,1
hatra,2026-07-05,0.1,1,10,22.3,13.6,0.0,-0.5,-0.866,1.0,0.6,10,,1
hatra,2026-07-06,0.4,4,10,21.3,15.9,0.0,-0.5,-0.866,1.0,0.5,10,,1
hatra,2026-07-07,15.8,31,8,24.7,15.8,0.0,-0.5,-0.866,1.0,2.5,10,,1
hatra,2026-07-08,8.4,20,10,23.2,15.9,0.0,-0.5,-0.866,1.0,0.0,10,,1
hatra,2026-07-09,0.0,0,10,20.3,12.5,0.0,-0.5,-0.866,1.0,0.0,10,,1
hatra,2026-07-10,0.0,0,10,18.5,17.7,0.0,-0.5,-0.866,1.0,0.0,10,,1
hatra,2026-07-11,0.0,0,10,21.3,13.0,0.0,-0.5,-0.866,1.0,0.0,10,,1
hatra,2026-07-12,0.0,0,10,18.9,12.1,0.0,-0.5,-0.866,1.0,0.0,10,,1
hatra,2026-07-13,0.0,0,10,18.3,13.8,0.0,-0.5,-0.866,1.0,0.0,10,,1
hatra,2026-07-14,0.0,0,10,19.5,11.9,0.0,-0.5,-0.866,1.0,0.0,10,,1
hatra,2026-07-15,0.0,0,10,15.1,13.4,0.0,-0.5,-0.866,1.0,0.0,10,,1
hatra,2026-07-16,0.0,0,10,18.8,17.1,0.0,-0.5,-0.866,1.0,0.0,10,,1
hatra,2026-07-17,0.0,0,10,17.5,12.9,0.0,-0.5,-0.866,1.0,0.0,10,,1
hatra,2026-07-18,0.3,2,10,17.9,11.4,0.0,-0.5,-0.866,1.0,0.0,10,,1
hatra,2026-07-19,0.0,0,10,18.7,15.5,0.0,-0.5,-0.866,1.0,0.0,10,,1
hatra,2026-07-20,0.6,6,10,20.2,16.3,0.0,-0.5,-0.866,1.0,0.0,10,,1
hatra,2026-07-21,0.0,0,10,12.5,14.5,0.0,-0.5,-0.866,1.0,0.0,10,,1
hatra,2026-07-22,3.3,21,10,16.7,16.2,0.0,-0.5,-0.866,1.0,0.0,10,,1
hatra,2026-07-23,0.0,0,10,17.3,19.1,0.0,-0.5,-0.866,1.0,0.0,10,,1
hatra,2026-07-24,0.0,0,10,17.1,16.6,0.0,-0.5,-0.866,1.0,0.0,10,,1
hatra,2026-07-25,0.0,0,10,26.3,15.1,0.0,-0.5,-0.866,1.0,0.0,10,,1
hatra,2026-07-26,0.0,0,10,25.4,17.8,0.0,-0.5,-0.866,1.0,0.0,10,,1
hatra,2026-07-27,0.0,0,10,15.9,17.3,0.0,-0.5,-0.866,1.0,0.0,10,,1
hatra,2026-07-28,0.0,0,10,15.8,12.3,0.0,-0.5,-0.866,1.0,0.0,10,,1
hatra,2026-07-29,5.9,31,8,15.5,13.0,0.0,-0.5,-0.866,1.0,0.0,10,,1
hatra,2026-07-30,2.2,8,10,16.5,11.4,0.0,-0.5,-0.866,1.0,0.0,10,,1
hatra,2026-07-31,49.7,77,2,15.3,15.0,0.0,-0.5,-0.866,1.0,0.8,10,,1
hatra,2026-08-01,37.6,67,3,12.4,24.1,0.0,-0.866,-0.5,1.0,3.8,10,,1
hatra,2026-08-02,3.6,22,10,12.5,22.7,0.0,-0.866,-0.5,1.0,0.0,10,,1
hatra,2026-08-03,0.0,0,10,10.6,22.8,0.0,-0.866,-0.5,1.0,0.0,10,,1
hatra,2026-08-04,0.0,0,10,14.2,22.1,0.0,-0.866,-0.5,1.0,0.0,10,,1
hatra,2026-08-05,0.0,0,10,17.1,13.8,0.0,-0.866,-0.5,1.0,0.0,10,,1
hatra,2026-08-06,0.1,1,10,18.9,10.8,0.0,-0.866,-0.5,1.0,0.0,10,,1
hatra,2026-08-07,0.0,0,10,18.4,9.5,0.0,-0.866,-0.5,1.0,0.0,10,,1
hatra,2026-08-08,0.4,4,10,22.6,11.7,0.0,-0.866,-0.5,1.0,0.0,10,,1
hatra,2026-08-09,5.7,33,9,21.6,15.0,0.0,-0.866,-0.5,1.0,0.0,10,,1
hatra,2026-08-10,25.1,41,4,19.2,9.3,0.0,-0.866,-0.5,1.0,4.2,10,,1
hatra,2026-08-11,30.9,70,4,16.4,12.8,0.0,-0.866,-0.5,1.0,21.8,6,,1
hatra,2026-08-12,18.3,53,6,18.4,18.0,0.0,-0.866,-0.5,1.0,14.4,7,,1
hatra,2026-08-13,0.3,2,10,19.8,10.7,0.0,-0.866,-0.5,1.0,0.0,10,,1
hatra,2026-08-14,2.8,28,9,21.8,11.5,0.0,-0.866,-0.5,1.0,0.0,10,,1
hatra,2026-08-15,0.0,0,10,28.0,12.3,0.0,-0.866,-0.5,1.0,0.0,10,,1
hatra,2026-08-16,5.8,25,9,22.7,13.8,0.0,-0.866,-0.5,1.0,0.2,10,,1
hatra,2026-08-17,1.4,7,10,24.6,11.0,0.0,-0.866,-0.5,1.0,0.0,10,,1
hatra,2026-08-18,0.0,0,10,22.8,12.6,0.0,-0.866,-0.5,1.0,0.0,10,,1
hatra,2026-08-19,0.0,0,10,25.3,14.2,0.0,-0.866,-0.5,1.0,0.0,10,,1
hatra,2026-08-20,0.0,0,10,17.0,17.1,0.0,-0.866,-0.5,1.0,0.0,10,,1
hatra,2026-08-21,0.5,5,10,19.9,15.5,0.0,-0.866,-0.5,1.0,0.0,10,,1
hatra,2026-08-22,0.0,0,10,23.3,4.7,0.0,-0.866,-0.5,1.0,0.0,10,,1
hatra,2026-08-23,0.0,0,10,19.5,21.8,0.0,-0.866,-0.5,1.0,0.0,10,,1
hatra,2026-08-24,0.0,0,10,22.9,14.5,0.0,-0.866,-0.5,1.0,0.0,10,,1
hatra,2026-08-25,3.1,31,9,22.2,15.0,0.0,-0.866,-0.5,1.0,0.0,10,,1
hatra,2026-08-26,0.0,0,10,25.3,9.3,0.0,-0.866,-0.5,1.0,0.0,10,,1
hatra,2026-08-27,0.0,0,10,17.4,11.5,0.0,-0.866,-0.5,1.0,0.0,10,,1
hatra,2026-08-28,28.9,66,5,17.9,12.3,0.0,-0.866,-0.5,1.0,0.0,10,,1
hatra,2026-08-29,9.9,47,8,25.8,18.4,0.0,-0.866,-0.5,1.0,0.0,10,,1
hatra,2026-08-30,2.6,24,10,33.2,15.2,0.0,-0.866,-0.5,1.0,0.0,10,,1
hatra,2026-08-31,0.4,3,10,34.7,8.0,0.0,-0.866,-0.5,1.0,0.2,10,,1
hatra,2026-09-01,2.5,18,10,28.3,12.0,0.0,-1.0,-0.0,1.0,0.7,10,,1
hatra,2026-09-02,0.7,4,10,22.4,8.3,0.0,-1.0,-0.0,1.0,0.0,10,,1
hatra,2026-09-03,4.5,26,9,18.4,9.6,0.0,-1.0,-0.0,1.0,0.0,10,,1
hatra,2026-09-04,0.0,0,10,19.4,7.5,0.0,-1.0,-0.0,1.0,0.0,10,,1
hatra,2026-09-05,5.0,27,9,23.6,3.7,0.0,-1.0,-0.0,1.0,0.4,10,,1
hatra,2026-09-06,72.2,100,0,26.5,19.2,0.0,-1.0,-0.0,1.0,29.9,4,,0
hatra,2026-09-07,0.0,0,10,17.7,17.3,0.0,-1.0,-0.0,1.0,0.0,10,,1
hatra,2026-09-08,0.0,0,10,14.8,12.6,0.0,-1.0,-0.0,1.0,0.0,10,,1
hatra,2026-09-09,1.7,14,10,18.5,6.2,0.0,-1.0,-0.0,1.0,1.0,10,,1
hatra,2026-09-10,33.8,60,4,22.8,5.2,0.0,-1.0,-0.0,1.0,8.5,10,,1
hatra,2026-09-11,57.5,67,0,22.5,7.1,0.0,-1.0,-0.0,1.0,0.6,10,,1
hatra,2026-09-12,13.6,34,6,20.6,6.0,0.0,-1.0,-0.0,1.0,0.1,10,,1
hatra,2026-09-13,24.9,58,5,19.5,8.1,0.0,-1.0,-0.0,1.0,0.4,10,,1
hatra,2026-09-14,0.0,0,10,20.4,17.4,0.0,-1.0,-0.0,1.0,0.0,10,,1
hatra,2026-09-15,0.3,3,10,25.4,8.5,0.0,-1.0,-0.0,1.0,0.0,10,,1
hatra,2026-09-16,0.0,0,10,22.8,5.5,0.0,-1.0,-0.0,1.0,0.0,10,,1
hatra,2026-09-17,13.8,55,7,18.1,9.0,0.0,-1.0,-0.0,1.0,3.0,9,,1
hatra,2026-09-18,11.4,33,9,24.0,10.1,0.0,-1.0,-0.0,1.0,0.0,10,,1
